/*
 * Copyright (C) 2026
 * SPDX-License-Identifier: MIT
 */

// Russian (ru): the panel's strings, English first.  Written by
// tools/i18n/ui_strings.py import; read it with `export ru`.  Machine
// translated for v7.0.0, pending a native speaker's review.

#pragma once

namespace renodx::addons::dlss5::ui::lang {

inline constexpr Translation kRu[] = {
    {"Neural Rendering",
     "Neural Rendering"},
    {"Strength",
     "\xd0\xa1\xd0\xb8\xd0\xbb\xd0\xb0"},
    {"Before upscaling",
     "\xd0\x94\xd0\xbe \xd0\xb0\xd0\xbf\xd1\x81\xd0\xba\xd0\xb5\xd0\xb9\xd0\xbb\xd0\xb0"},
    {"Stack passes",
     "\xd0\xa7\xd0\xb8\xd1\x81\xd0\xbb\xd0\xbe \xd0\xbf\xd1\x80\xd0\xbe\xd1\x85\xd0\xbe\xd0\xb4\xd0\xbe\xd0\xb2"},
    {"HDR mode",
     "\xd0\xa0\xd0\xb5\xd0\xb6\xd0\xb8\xd0\xbc HDR"},
    {"Paper white (nits)",
     "\xd0\x91\xd0\xb5\xd0\xbb\xd1\x8b\xd0\xb9 \xd0\xb1\xd1\x83\xd0\xbc\xd0\xb0\xd0\xb3\xd0\xb8 (nits)"},
    {"Brighten speed",
     "\xd0\xa1\xd0\xba\xd0\xbe\xd1\x80\xd0\xbe\xd1\x81\xd1\x82\xd1\x8c \xd0\xbe\xd1\x81\xd0\xb2\xd0\xb5\xd1\x82\xd0\xbb."},
    {"Darken speed",
     "\xd0\xa1\xd0\xba\xd0\xbe\xd1\x80\xd0\xbe\xd1\x81\xd1\x82\xd1\x8c \xd0\xb7\xd0\xb0\xd1\x82\xd0\xb5\xd0\xbc\xd0\xbd."},
    {"Turns Neural Rendering on and off.  The key shown next to the switch does the same in game.",
     "\xd0\x92\xd0\xba\xd0\xbb\xd1\x8e\xd1\x87\xd0\xb0\xd0\xb5\xd1\x82 \xd0\xb8 \xd0\xb2\xd1\x8b\xd0\xba\xd0\xbb\xd1\x8e\xd1\x87\xd0\xb0\xd0\xb5\xd1\x82 Neural Rendering. \xd0\x9a\xd0\xbb\xd0\xb0\xd0\xb2\xd0\xb8\xd1\x88\xd0\xb0 \xd1\x80\xd1\x8f\xd0\xb4\xd0\xbe\xd0\xbc \xd1\x81 \xd0\xbf\xd0\xb5\xd1\x80\xd0\xb5\xd0\xba\xd0\xbb\xd1\x8e\xd1\x87\xd0\xb0\xd1\x82\xd0\xb5\xd0\xbb\xd0\xb5\xd0\xbc \xd0\xb4\xd0\xb5\xd0\xbb\xd0\xb0\xd0\xb5\xd1\x82 \xd1\x82\xd0\xbe \xd0\xb6\xd0\xb5 \xd1\x81\xd0\xb0\xd0\xbc\xd0\xbe\xd0\xb5 \xd0\xb2 \xd0\xb8\xd0\xb3\xd1\x80\xd0\xb5."},
    {"How strongly Neural Rendering reworks the image: 0 leaves the game's image untouched, 1 is the default, 2 the strongest.  A change restarts NR's history for a moment.",
     "\xd0\x9d\xd0\xb0\xd1\x81\xd0\xba\xd0\xbe\xd0\xbb\xd1\x8c\xd0\xba\xd0\xbe \xd1\x81\xd0\xb8\xd0\xbb\xd1\x8c\xd0\xbd\xd0\xbe Neural Rendering \xd0\xbf\xd0\xb5\xd1\x80\xd0\xb5\xd1\x80\xd0\xb0\xd0\xb1\xd0\xb0\xd1\x82\xd1\x8b\xd0\xb2\xd0\xb0\xd0\xb5\xd1\x82 \xd0\xb8\xd0\xb7\xd0\xbe\xd0\xb1\xd1\x80\xd0\xb0\xd0\xb6\xd0\xb5\xd0\xbd\xd0\xb8\xd0\xb5: 0 \xd0\xbe\xd1\x81\xd1\x82\xd0\xb0\xd0\xb2\xd0\xbb\xd1\x8f\xd0\xb5\xd1\x82 \xd0\xb8\xd0\xb7\xd0\xbe\xd0\xb1\xd1\x80\xd0\xb0\xd0\xb6\xd0\xb5\xd0\xbd\xd0\xb8\xd0\xb5 \xd0\xb8\xd0\xb3\xd1\x80\xd1\x8b \xd0\xbd\xd0\xb5\xd1\x82\xd1\x80\xd0\xbe\xd0\xbd\xd1\x83\xd1\x82\xd1\x8b\xd0\xbc, 1 - \xd0\xb7\xd0\xbd\xd0\xb0\xd1\x87\xd0\xb5\xd0\xbd\xd0\xb8\xd0\xb5 \xd0\xbf\xd0\xbe \xd1\x83\xd0\xbc\xd0\xbe\xd0\xbb\xd1\x87\xd0\xb0\xd0\xbd\xd0\xb8\xd1\x8e, 2 - \xd1\x81\xd0\xb0\xd0\xbc\xd0\xbe\xd0\xb5 \xd1\x81\xd0\xb8\xd0\xbb\xd1\x8c\xd0\xbd\xd0\xbe\xd0\xb5. \xd0\x98\xd0\xb7\xd0\xbc\xd0\xb5\xd0\xbd\xd0\xb5\xd0\xbd\xd0\xb8\xd0\xb5 \xd0\xbd\xd0\xb5\xd0\xbd\xd0\xb0\xd0\xb4\xd0\xbe\xd0\xbb\xd0\xb3\xd0\xbe \xd0\xbf\xd0\xb5\xd1\x80\xd0\xb5\xd0\xb7\xd0\xb0\xd0\xbf\xd1\x83\xd1\x81\xd0\xba\xd0\xb0\xd0\xb5\xd1\x82 \xd0\xb8\xd1\x81\xd1\x82\xd0\xbe\xd1\x80\xd0\xb8\xd1\x8e NR."},
    {"Float-HDR games: how much of the model's dark lift is removed when Dark pedestal removal is on. Other HDR games: how much of Neural Rendering's change reaches the image, from 0 (none) to 1 (all).",
     "\xd0\x98\xd0\xb3\xd1\x80\xd1\x8b \xd1\x81 HDR \xd0\xb2 \xd1\x84\xd0\xbe\xd1\x80\xd0\xbc\xd0\xb0\xd1\x82\xd0\xb5 \xd1\x81 \xd0\xbf\xd0\xbb\xd0\xb0\xd0\xb2\xd0\xb0\xd1\x8e\xd1\x89\xd0\xb5\xd0\xb9 \xd1\x82\xd0\xbe\xd1\x87\xd0\xba\xd0\xbe\xd0\xb9: \xd0\xba\xd0\xb0\xd0\xba\xd0\xb0\xd1\x8f \xd1\x87\xd0\xb0\xd1\x81\xd1\x82\xd1\x8c \xd0\xbe\xd1\x81\xd0\xb2\xd0\xb5\xd1\x82\xd0\xbb\xd0\xb5\xd0\xbd\xd0\xb8\xd1\x8f \xd1\x82\xd1\x91\xd0\xbc\xd0\xbd\xd1\x8b\xd1\x85 \xd0\xbe\xd0\xb1\xd0\xbb\xd0\xb0\xd1\x81\xd1\x82\xd0\xb5\xd0\xb9 \xd0\xbc\xd0\xbe\xd0\xb4\xd0\xb5\xd0\xbb\xd1\x8c\xd1\x8e \xd1\x83\xd0\xb4\xd0\xb0\xd0\xbb\xd1\x8f\xd0\xb5\xd1\x82\xd1\x81\xd1\x8f \xd0\xbf\xd1\x80\xd0\xb8 \xd0\xb2\xd0\xba\xd0\xbb\xd1\x8e\xd1\x87\xd1\x91\xd0\xbd\xd0\xbd\xd0\xbe\xd0\xb9 \xd0\xba\xd0\xbe\xd1\x80\xd1\x80\xd0\xb5\xd0\xba\xd1\x86\xd0\xb8\xd0\xb8 \xd1\x83\xd1\x80\xd0\xbe\xd0\xb2\xd0\xbd\xd1\x8f \xd1\x87\xd1\x91\xd1\x80\xd0\xbd\xd0\xbe\xd0\xb3\xd0\xbe. \xd0\x94\xd1\x80\xd1\x83\xd0\xb3\xd0\xb8\xd0\xb5 HDR-\xd0\xb8\xd0\xb3\xd1\x80\xd1\x8b: \xd0\xba\xd0\xb0\xd0\xba\xd0\xb0\xd1\x8f \xd0\xb4\xd0\xbe\xd0\xbb\xd1\x8f \xd0\xb8\xd0\xb7\xd0\xbc\xd0\xb5\xd0\xbd\xd0\xb5\xd0\xbd\xd0\xb8\xd0\xb9 Neural Rendering \xd0\xbf\xd0\xbe\xd0\xbf\xd0\xb0\xd0\xb4\xd0\xb0\xd0\xb5\xd1\x82 \xd0\xb2 \xd0\xb8\xd0\xb7\xd0\xbe\xd0\xb1\xd1\x80\xd0\xb0\xd0\xb6\xd0\xb5\xd0\xbd\xd0\xb8\xd0\xb5, \xd0\xbe\xd1\x82 0 (\xd0\xbd\xd0\xb8\xd1\x87\xd0\xb5\xd0\xb3\xd0\xbe) \xd0\xb4\xd0\xbe 1 (\xd0\xb2\xd1\x81\xd1\x91)."},
    {"Nothing to scale in this game: its HDR brightness is relative, so Dark pedestal removal (Auto) leaves the model's dark lift alone.  Set Dark pedestal removal to Always to use this slider.",
     "\xd0\x92 \xd1\x8d\xd1\x82\xd0\xbe\xd0\xb9 \xd0\xb8\xd0\xb3\xd1\x80\xd0\xb5 \xd0\xbc\xd0\xb0\xd1\x81\xd1\x88\xd1\x82\xd0\xb0\xd0\xb1\xd0\xb8\xd1\x80\xd0\xbe\xd0\xb2\xd0\xb0\xd1\x82\xd1\x8c \xd0\xbd\xd0\xb5\xd1\x87\xd0\xb5\xd0\xb3\xd0\xbe: \xd1\x8f\xd1\x80\xd0\xba\xd0\xbe\xd1\x81\xd1\x82\xd1\x8c HDR \xd0\xbe\xd1\x82\xd0\xbd\xd0\xbe\xd1\x81\xd0\xb8\xd1\x82\xd0\xb5\xd0\xbb\xd1\x8c\xd0\xbd\xd0\xb0\xd1\x8f, \xd0\xbf\xd0\xbe\xd1\x8d\xd1\x82\xd0\xbe\xd0\xbc\xd1\x83 \xd0\xa3\xd0\xb4\xd0\xb0\xd0\xbb\xd0\xb5\xd0\xbd\xd0\xb8\xd0\xb5 \xd1\x82\xd1\x91\xd0\xbc\xd0\xbd\xd0\xbe\xd0\xb3\xd0\xbe \xd0\xbf\xd1\x8c\xd0\xb5\xd0\xb4\xd0\xb5\xd1\x81\xd1\x82\xd0\xb0\xd0\xbb\xd0\xb0 (\xd0\x90\xd0\xb2\xd1\x82\xd0\xbe) \xd0\xbd\xd0\xb5 \xd1\x82\xd1\x80\xd0\xbe\xd0\xb3\xd0\xb0\xd0\xb5\xd1\x82 \xd1\x82\xd1\x91\xd0\xbc\xd0\xbd\xd1\x8b\xd0\xb9 \xd0\xbf\xd0\xbe\xd0\xb4\xd1\x8a\xd1\x91\xd0\xbc \xd0\xbc\xd0\xbe\xd0\xb4\xd0\xb5\xd0\xbb\xd0\xb8.  \xd0\xa3\xd1\x81\xd1\x82\xd0\xb0\xd0\xbd\xd0\xbe\xd0\xb2\xd0\xb8\xd1\x82\xd0\xb5 \xd0\xa3\xd0\xb4\xd0\xb0\xd0\xbb\xd0\xb5\xd0\xbd\xd0\xb8\xd0\xb5 \xd1\x82\xd1\x91\xd0\xbc\xd0\xbd\xd0\xbe\xd0\xb3\xd0\xbe \xd0\xbf\xd1\x8c\xd0\xb5\xd0\xb4\xd0\xb5\xd1\x81\xd1\x82\xd0\xb0\xd0\xbb\xd0\xb0 \xd0\xb2 \xd0\x92\xd1\x81\xd0\xb5\xd0\xb3\xd0\xb4\xd0\xb0, \xd1\x87\xd1\x82\xd0\xbe\xd0\xb1\xd1\x8b \xd0\xb8\xd1\x81\xd0\xbf\xd0\xbe\xd0\xbb\xd1\x8c\xd0\xb7\xd0\xbe\xd0\xb2\xd0\xb0\xd1\x82\xd1\x8c \xd1\x8d\xd1\x82\xd0\xbe\xd1\x82 \xd0\xbf\xd0\xbe\xd0\xbb\xd0\xb7\xd1\x83\xd0\xbd\xd0\xbe\xd0\xba."},
    {"On float-HDR games, how much of Neural Rendering's change reaches the image: 0 keeps the game's image, 1.00 shows all of it.",
     "\xd0\x92 \xd0\xb8\xd0\xb3\xd1\x80\xd0\xb0\xd1\x85 \xd1\x81 HDR \xd0\xb2 \xd1\x84\xd0\xbe\xd1\x80\xd0\xbc\xd0\xb0\xd1\x82\xd0\xb5 \xd1\x81 \xd0\xbf\xd0\xbb\xd0\xb0\xd0\xb2\xd0\xb0\xd1\x8e\xd1\x89\xd0\xb5\xd0\xb9 \xd1\x82\xd0\xbe\xd1\x87\xd0\xba\xd0\xbe\xd0\xb9: \xd0\xba\xd0\xb0\xd0\xba\xd0\xb0\xd1\x8f \xd1\x87\xd0\xb0\xd1\x81\xd1\x82\xd1\x8c \xd0\xb8\xd0\xb7\xd0\xbc\xd0\xb5\xd0\xbd\xd0\xb5\xd0\xbd\xd0\xb8\xd1\x8f Neural Rendering \xd0\xb4\xd0\xbe\xd1\x85\xd0\xbe\xd0\xb4\xd0\xb8\xd1\x82 \xd0\xb4\xd0\xbe \xd0\xb8\xd0\xb7\xd0\xbe\xd0\xb1\xd1\x80\xd0\xb0\xd0\xb6\xd0\xb5\xd0\xbd\xd0\xb8\xd1\x8f: 0 \xd1\x81\xd0\xbe\xd1\x85\xd1\x80\xd0\xb0\xd0\xbd\xd1\x8f\xd0\xb5\xd1\x82 \xd0\xb8\xd0\xb7\xd0\xbe\xd0\xb1\xd1\x80\xd0\xb0\xd0\xb6\xd0\xb5\xd0\xbd\xd0\xb8\xd0\xb5 \xd0\xb8\xd0\xb3\xd1\x80\xd1\x8b, 1.00 \xd0\xbf\xd0\xbe\xd0\xba\xd0\xb0\xd0\xb7\xd1\x8b\xd0\xb2\xd0\xb0\xd0\xb5\xd1\x82 \xd0\xb2\xd1\x81\xd1\x91."},
    {"How bright white surfaces glow, in nits (203 is the HDR reference).  PQ HDR games only; other HDR games use Scene white scale.",
     "\xd0\xaf\xd1\x80\xd0\xba\xd0\xbe\xd1\x81\xd1\x82\xd1\x8c \xd0\xb1\xd0\xb5\xd0\xbb\xd1\x8b\xd1\x85 \xd0\xbf\xd0\xbe\xd0\xb2\xd0\xb5\xd1\x80\xd1\x85\xd0\xbd\xd0\xbe\xd1\x81\xd1\x82\xd0\xb5\xd0\xb9 \xd0\xb2 nits (203 - \xd1\x8d\xd1\x82\xd0\xb0\xd0\xbb\xd0\xbe\xd0\xbd HDR). \xd0\xa2\xd0\xbe\xd0\xbb\xd1\x8c\xd0\xba\xd0\xbe \xd0\xb4\xd0\xbb\xd1\x8f \xd0\xb8\xd0\xb3\xd1\x80 \xd1\x81 PQ HDR; \xd0\xb4\xd1\x80\xd1\x83\xd0\xb3\xd0\xb8\xd0\xb5 HDR-\xd0\xb8\xd0\xb3\xd1\x80\xd1\x8b \xd0\xb8\xd1\x81\xd0\xbf\xd0\xbe\xd0\xbb\xd1\x8c\xd0\xb7\xd1\x83\xd1\x8e\xd1\x82 \xc2\xab\xd0\x9c\xd0\xb0\xd1\x81\xd1\x88\xd1\x82\xd0\xb0\xd0\xb1 \xd0\xb1\xd0\xb5\xd0\xbb\xd0\xbe\xd0\xb3\xd0\xbe \xd1\x81\xd1\x86\xd0\xb5\xd0\xbd\xd1\x8b\xc2\xbb."},
    {"The same for float-HDR and classic sources (2.5375 is 203-nit paper white).  PQ HDR games use Paper white and PQ calibration instead.",
     "\xd0\xa2\xd0\xbe \xd0\xb6\xd0\xb5 \xd0\xb4\xd0\xbb\xd1\x8f \xd0\xb8\xd1\x81\xd1\x82\xd0\xbe\xd1\x87\xd0\xbd\xd0\xb8\xd0\xba\xd0\xbe\xd0\xb2 HDR \xd0\xb2 \xd0\xbf\xd0\xbb\xd0\xb0\xd0\xb2\xd0\xb0\xd1\x8e\xd1\x89\xd0\xb5\xd0\xb9 \xd1\x82\xd0\xbe\xd1\x87\xd0\xba\xd0\xb5 \xd0\xb8 \xd0\xba\xd0\xbb\xd0\xb0\xd1\x81\xd1\x81\xd0\xb8\xd1\x87\xd0\xb5\xd1\x81\xd0\xba\xd0\xb8\xd1\x85 (2.5375 - \xd0\xb1\xd0\xb5\xd0\xbb\xd1\x8b\xd0\xb9 \xd0\xb1\xd1\x83\xd0\xbc\xd0\xb0\xd0\xb3\xd0\xb8 203 nits). \xd0\x98\xd0\xb3\xd1\x80\xd1\x8b \xd1\x81 PQ HDR \xd0\xb2\xd0\xbc\xd0\xb5\xd1\x81\xd1\x82\xd0\xbe \xd1\x8d\xd1\x82\xd0\xbe\xd0\xb3\xd0\xbe \xd0\xb8\xd1\x81\xd0\xbf\xd0\xbe\xd0\xbb\xd1\x8c\xd0\xb7\xd1\x83\xd1\x8e\xd1\x82 \xc2\xab\xd0\x91\xd0\xb5\xd0\xbb\xd1\x8b\xd0\xb9 \xd0\xb1\xd1\x83\xd0\xbc\xd0\xb0\xd0\xb3\xd0\xb8\xc2\xbb \xd0\xb8 \xc2\xab\xd0\x9a\xd0\xb0\xd0\xbb\xd0\xb8\xd0\xb1\xd1\x80\xd0\xbe\xd0\xb2\xd0\xba\xd0\xb0 PQ\xc2\xbb."},
    {"Click, then press the new key; Esc cancels.",
     "\xd0\xa9\xd1\x91\xd0\xbb\xd0\xba\xd0\xbd\xd0\xb8\xd1\x82\xd0\xb5, \xd0\xb7\xd0\xb0\xd1\x82\xd0\xb5\xd0\xbc \xd0\xbd\xd0\xb0\xd0\xb6\xd0\xbc\xd0\xb8\xd1\x82\xd0\xb5 \xd0\xbd\xd0\xbe\xd0\xb2\xd1\x83\xd1\x8e \xd0\xba\xd0\xbb\xd0\xb0\xd0\xb2\xd0\xb8\xd1\x88\xd1\x83; Esc - \xd0\xbe\xd1\x82\xd0\xbc\xd0\xb5\xd0\xbd\xd0\xb0."},
    {"none yet",
     "\xd0\xbf\xd0\xbe\xd0\xba\xd0\xb0 \xd0\xbd\xd0\xb5\xd1\x82"},
    {"Reset diagnostics",
     "\xd0\xa1\xd0\xb1\xd1\x80\xd0\xbe\xd1\x81\xd0\xb8\xd1\x82\xd1\x8c \xd0\xb4\xd0\xb8\xd0\xb0\xd0\xb3\xd0\xbd\xd0\xbe\xd1\x81\xd1\x82\xd0\xb8\xd0\xba\xd1\x83"},
    {"Skipped because",
     "\xd0\x9f\xd1\x80\xd0\xbe\xd0\xbf\xd1\x83\xd1\x89\xd0\xb5\xd0\xbd\xd0\xbe, \xd0\xbf\xd0\xbe\xd1\x82\xd0\xbe\xd0\xbc\xd1\x83 \xd1\x87\xd1\x82\xd0\xbe"},
    {"Why Neural Rendering left frames alone this session, most frequent first, with the number of frames.  Each of those frames shows the game's own image.",
     "\xd0\x9f\xd0\xbe\xd1\x87\xd0\xb5\xd0\xbc\xd1\x83 Neural Rendering \xd0\xbe\xd1\x81\xd1\x82\xd0\xb0\xd0\xb2\xd0\xb8\xd0\xbb \xd0\xba\xd0\xb0\xd0\xb4\xd1\x80\xd1\x8b \xd0\xb1\xd0\xb5\xd0\xb7 \xd0\xb8\xd0\xb7\xd0\xbc\xd0\xb5\xd0\xbd\xd0\xb5\xd0\xbd\xd0\xb8\xd0\xb9 \xd0\xb2 \xd1\x8d\xd1\x82\xd0\xbe\xd0\xb9 \xd1\x81\xd0\xb5\xd1\x81\xd1\x81\xd0\xb8\xd0\xb8: \xd1\x81\xd0\xbd\xd0\xb0\xd1\x87\xd0\xb0\xd0\xbb\xd0\xb0 \xd1\x81\xd0\xb0\xd0\xbc\xd1\x8b\xd0\xb5 \xd1\x87\xd0\xb0\xd1\x81\xd1\x82\xd1\x8b\xd0\xb5 \xd0\xbf\xd1\x80\xd0\xb8\xd1\x87\xd0\xb8\xd0\xbd\xd1\x8b, \xd1\x81 \xd1\x87\xd0\xb8\xd1\x81\xd0\xbb\xd0\xbe\xd0\xbc \xd0\xba\xd0\xb0\xd0\xb4\xd1\x80\xd0\xbe\xd0\xb2. \xd0\x9a\xd0\xb0\xd0\xb6\xd0\xb4\xd1\x8b\xd0\xb9 \xd1\x82\xd0\xb0\xd0\xba\xd0\xbe\xd0\xb9 \xd0\xba\xd0\xb0\xd0\xb4\xd1\x80 \xd0\xbf\xd0\xbe\xd0\xba\xd0\xb0\xd0\xb7\xd1\x8b\xd0\xb2\xd0\xb0\xd0\xb5\xd1\x82 \xd1\x81\xd0\xbe\xd0\xb1\xd1\x81\xd1\x82\xd0\xb2\xd0\xb5\xd0\xbd\xd0\xbd\xd0\xbe\xd0\xb5 \xd0\xb8\xd0\xb7\xd0\xbe\xd0\xb1\xd1\x80\xd0\xb0\xd0\xb6\xd0\xb5\xd0\xbd\xd0\xb8\xd0\xb5 \xd0\xb8\xd0\xb3\xd1\x80\xd1\x8b."},
    {"Settings",
     "\xd0\x9d\xd0\xb0\xd1\x81\xd1\x82\xd1\x80\xd0\xbe\xd0\xb9\xd0\xba\xd0\xb8"},
    {"Defaults",
     "\xd0\x9f\xd0\xbe \xd1\x83\xd0\xbc\xd0\xbe\xd0\xbb\xd1\x87\xd0\xb0\xd0\xbd\xd0\xb8\xd1\x8e"},
    {"Mine",
     "\xd0\x9c\xd0\xbe\xd0\xb8"},
    {"Compare in game: Defaults runs the built-in look (Strength, the Look section and stacking) while your own values wait; Mine brings them back.  Nothing is saved while Defaults is on.",
     "\xd0\xa1\xd1\x80\xd0\xb0\xd0\xb2\xd0\xbd\xd0\xb8\xd1\x82\xd0\xb5 \xd0\xb2 \xd0\xb8\xd0\xb3\xd1\x80\xd0\xb5: \xc2\xab\xd0\x9f\xd0\xbe \xd1\x83\xd0\xbc\xd0\xbe\xd0\xbb\xd1\x87\xd0\xb0\xd0\xbd\xd0\xb8\xd1\x8e\xc2\xbb \xd0\xb2\xd0\xba\xd0\xbb\xd1\x8e\xd1\x87\xd0\xb0\xd0\xb5\xd1\x82 \xd0\xb2\xd1\x81\xd1\x82\xd1\x80\xd0\xbe\xd0\xb5\xd0\xbd\xd0\xbd\xd1\x8b\xd0\xb9 \xd0\xb2\xd0\xb8\xd0\xb4 (\xc2\xab\xd0\xa1\xd0\xb8\xd0\xbb\xd0\xb0\xc2\xbb, \xd1\x80\xd0\xb0\xd0\xb7\xd0\xb4\xd0\xb5\xd0\xbb \xc2\xab\xd0\x92\xd0\xb8\xd0\xb4\xc2\xbb \xd0\xb8 \xd0\xbf\xd1\x80\xd0\xbe\xd1\x85\xd0\xbe\xd0\xb4\xd1\x8b), \xd0\xb0 \xd0\xb2\xd0\xb0\xd1\x88\xd0\xb8 \xd0\xb7\xd0\xbd\xd0\xb0\xd1\x87\xd0\xb5\xd0\xbd\xd0\xb8\xd1\x8f \xd0\xb6\xd0\xb4\xd1\x83\xd1\x82; \xc2\xab\xd0\x9c\xd0\xbe\xd0\xb8\xc2\xbb \xd0\xb2\xd0\xbe\xd0\xb7\xd0\xb2\xd1\x80\xd0\xb0\xd1\x89\xd0\xb0\xd0\xb5\xd1\x82 \xd0\xb8\xd1\x85. \xd0\x9f\xd0\xbe\xd0\xba\xd0\xb0 \xd0\xb2\xd1\x8b\xd0\xb1\xd1\x80\xd0\xb0\xd0\xbd\xd0\xbe \xc2\xab\xd0\x9f\xd0\xbe \xd1\x83\xd0\xbc\xd0\xbe\xd0\xbb\xd1\x87\xd0\xb0\xd0\xbd\xd0\xb8\xd1\x8e\xc2\xbb, \xd0\xbd\xd0\xb8\xd1\x87\xd0\xb5\xd0\xb3\xd0\xbe \xd0\xbd\xd0\xb5 \xd1\x81\xd0\xbe\xd1\x85\xd1\x80\xd0\xb0\xd0\xbd\xd1\x8f\xd0\xb5\xd1\x82\xd1\x81\xd1\x8f."},
    {"Showing the built-in look.  Your settings are kept; pick Mine to return.",
     "\xd0\x9f\xd0\xbe\xd0\xba\xd0\xb0\xd0\xb7\xd0\xb0\xd0\xbd \xd0\xb2\xd1\x81\xd1\x82\xd1\x80\xd0\xbe\xd0\xb5\xd0\xbd\xd0\xbd\xd1\x8b\xd0\xb9 \xd0\xb2\xd0\xb8\xd0\xb4. \xd0\x92\xd0\xb0\xd1\x88\xd0\xb8 \xd0\xbd\xd0\xb0\xd1\x81\xd1\x82\xd1\x80\xd0\xbe\xd0\xb9\xd0\xba\xd0\xb8 \xd1\x81\xd0\xbe\xd1\x85\xd1\x80\xd0\xb0\xd0\xbd\xd0\xb5\xd0\xbd\xd1\x8b; \xd0\xb2\xd1\x8b\xd0\xb1\xd0\xb5\xd1\x80\xd0\xb8\xd1\x82\xd0\xb5 \xc2\xab\xd0\x9c\xd0\xbe\xd0\xb8\xc2\xbb, \xd1\x87\xd1\x82\xd0\xbe\xd0\xb1\xd1\x8b \xd0\xb2\xd0\xb5\xd1\x80\xd0\xbd\xd1\x83\xd1\x82\xd1\x8c\xd1\x81\xd1\x8f."},
    {"Resolution",
     "\xd0\xa0\xd0\xb0\xd0\xb7\xd1\x80\xd0\xb5\xd1\x88\xd0\xb5\xd0\xbd\xd0\xb8\xd0\xb5"},
    {"LOOK",
     "\xd0\x92\xd0\x98\xd0\x94"},
    {"Reset look",
     "\xd0\xa1\xd0\xb1\xd1\x80\xd0\xbe\xd1\x81\xd0\xb8\xd1\x82\xd1\x8c \xd0\xb2\xd0\xb8\xd0\xb4"},
    {"Model \xc2\xb7 restarts NR history",
     "\xd0\x9c\xd0\xbe\xd0\xb4\xd0\xb5\xd0\xbb\xd1\x8c \xc2\xb7 \xd0\xbf\xd0\xb5\xd1\x80\xd0\xb5\xd0\xb7\xd0\xb0\xd0\xbf\xd1\x83\xd1\x81\xd0\xba\xd0\xb0\xd0\xb5\xd1\x82 \xd0\xb8\xd1\x81\xd1\x82\xd0\xbe\xd1\x80\xd0\xb8\xd1\x8e NR"},
    {"Result \xc2\xb7 live, reshapes NR's output",
     "\xd0\xa0\xd0\xb5\xd0\xb7\xd1\x83\xd0\xbb\xd1\x8c\xd1\x82\xd0\xb0\xd1\x82 \xc2\xb7 \xd1\x81\xd1\x80\xd0\xb0\xd0\xb7\xd1\x83, \xd0\xbc\xd0\xb5\xd0\xbd\xd1\x8f\xd0\xb5\xd1\x82 \xd0\xb2\xd1\x8b\xd0\xb2\xd0\xbe\xd0\xb4 NR"},
    {"Limits and stability",
     "\xd0\x9f\xd1\x80\xd0\xb5\xd0\xb4\xd0\xb5\xd0\xbb\xd1\x8b \xd0\xb8 \xd1\x81\xd1\x82\xd0\xb0\xd0\xb1\xd0\xb8\xd0\xbb\xd1\x8c\xd0\xbd\xd0\xbe\xd1\x81\xd1\x82\xd1\x8c"},
    {"Limits and stability \xc2\xb7 changed",
     "\xd0\x9f\xd1\x80\xd0\xb5\xd0\xb4\xd0\xb5\xd0\xbb\xd1\x8b \xd0\xb8 \xd1\x81\xd1\x82\xd0\xb0\xd0\xb1\xd0\xb8\xd0\xbb\xd1\x8c\xd0\xbd\xd0\xbe\xd1\x81\xd1\x82\xd1\x8c \xc2\xb7 \xd0\xb8\xd0\xb7\xd0\xbc\xd0\xb5\xd0\xbd\xd0\xb5\xd0\xbd\xd0\xbe"},
    {"Performance",
     "\xd0\x9f\xd1\x80\xd0\xbe\xd0\xb8\xd0\xb7\xd0\xb2\xd0\xbe\xd0\xb4\xd0\xb8\xd1\x82\xd0\xb5\xd0\xbb\xd1\x8c\xd0\xbd\xd0\xbe\xd1\x81\xd1\x82\xd1\x8c"},
    {"pre-SR, stacking, resolution, upsampling",
     "pre-SR, \xd0\xbf\xd1\x80\xd0\xbe\xd1\x85\xd0\xbe\xd0\xb4\xd1\x8b, \xd1\x80\xd0\xb0\xd0\xb7\xd1\x80\xd0\xb5\xd1\x88\xd0\xb5\xd0\xbd\xd0\xb8\xd0\xb5, \xd0\xb0\xd0\xbf\xd1\x81\xd0\xb5\xd0\xbc\xd0\xbf\xd0\xbb\xd0\xb8\xd0\xbd\xd0\xb3"},
    {"Reset performance",
     "\xd0\xa1\xd0\xb1\xd1\x80\xd0\xbe\xd1\x81\xd0\xb8\xd1\x82\xd1\x8c \xd0\xbf\xd1\x80\xd0\xbe\xd0\xb8\xd0\xb7\xd0\xb2\xd0\xbe\xd0\xb4\xd0\xb8\xd1\x82\xd0\xb5\xd0\xbb\xd1\x8c\xd0\xbd\xd0\xbe\xd1\x81\xd1\x82\xd1\x8c"},
    {"Hotkeys & screenshots",
     "\xd0\x9a\xd0\xbb\xd0\xb0\xd0\xb2\xd0\xb8\xd1\x88\xd0\xb8 \xd0\xb8 \xd1\x81\xd0\xba\xd1\x80\xd0\xb8\xd0\xbd\xd1\x88\xd0\xbe\xd1\x82\xd1\x8b"},
    {"%s toggle | %s screenshot",
     "%s \xd0\xb2\xd0\xba\xd0\xbb/\xd0\xb2\xd1\x8b\xd0\xba\xd0\xbb | %s \xd1\x81\xd0\xba\xd1\x80\xd0\xb8\xd0\xbd\xd1\x88\xd0\xbe\xd1\x82"},
    {"Reset hotkeys",
     "\xd0\xa1\xd0\xb1\xd1\x80\xd0\xbe\xd1\x81\xd0\xb8\xd1\x82\xd1\x8c \xd0\xba\xd0\xbb\xd0\xb0\xd0\xb2\xd0\xb8\xd1\x88\xd0\xb8"},
    {"Diagnostics",
     "\xd0\x94\xd0\xb8\xd0\xb0\xd0\xb3\xd0\xbd\xd0\xbe\xd1\x81\xd1\x82\xd0\xb8\xd0\xba\xd0\xb0"},
    {"counters, support report",
     "\xd1\x81\xd1\x87\xd1\x91\xd1\x82\xd1\x87\xd0\xb8\xd0\xba\xd0\xb8, \xd0\xbe\xd1\x82\xd1\x87\xd1\x91\xd1\x82 \xd0\xb4\xd0\xbb\xd1\x8f \xd0\xbf\xd0\xbe\xd0\xb4\xd0\xb4\xd0\xb5\xd1\x80\xd0\xb6\xd0\xba\xd0\xb8"},
    {"Fixes",
     "\xd0\x98\xd1\x81\xd0\xbf\xd1\x80\xd0\xb0\xd0\xb2\xd0\xbb\xd0\xb5\xd0\xbd\xd0\xb8\xd1\x8f"},
    {"only change if you know what you are doing",
     "\xd0\xbc\xd0\xb5\xd0\xbd\xd1\x8f\xd0\xb9\xd1\x82\xd0\xb5, \xd1\x82\xd0\xbe\xd0\xbb\xd1\x8c\xd0\xba\xd0\xbe \xd0\xb5\xd1\x81\xd0\xbb\xd0\xb8 \xd0\xb7\xd0\xbd\xd0\xb0\xd0\xb5\xd1\x82\xd0\xb5, \xd1\x87\xd1\x82\xd0\xbe \xd0\xb4\xd0\xb5\xd0\xbb\xd0\xb0\xd0\xb5\xd1\x82\xd0\xb5"},
    {"Reset fixes",
     "\xd0\xa1\xd0\xb1\xd1\x80\xd0\xbe\xd1\x81\xd0\xb8\xd1\x82\xd1\x8c \xd0\xb8\xd1\x81\xd0\xbf\xd1\x80\xd0\xb0\xd0\xb2\xd0\xbb\xd0\xb5\xd0\xbd\xd0\xb8\xd1\x8f"},
    {"These correct games that report their HDR or motion data wrongly.  The defaults are right for nearly every game, and a wrong value here breaks the image.  Reset fixes puts every one of them back.",
     "\xd0\x98\xd1\x81\xd0\xbf\xd1\x80\xd0\xb0\xd0\xb2\xd0\xbb\xd1\x8f\xd1\x8e\xd1\x82 \xd0\xb8\xd0\xb3\xd1\x80\xd1\x8b, \xd0\xba\xd0\xbe\xd1\x82\xd0\xbe\xd1\x80\xd1\x8b\xd0\xb5 \xd0\xbd\xd0\xb5\xd0\xb2\xd0\xb5\xd1\x80\xd0\xbd\xd0\xbe \xd1\x81\xd0\xbe\xd0\xbe\xd0\xb1\xd1\x89\xd0\xb0\xd1\x8e\xd1\x82 \xd0\xb4\xd0\xb0\xd0\xbd\xd0\xbd\xd1\x8b\xd0\xb5 HDR \xd0\xb8\xd0\xbb\xd0\xb8 \xd0\xb4\xd0\xb2\xd0\xb8\xd0\xb6\xd0\xb5\xd0\xbd\xd0\xb8\xd1\x8f. \xd0\x97\xd0\xbd\xd0\xb0\xd1\x87\xd0\xb5\xd0\xbd\xd0\xb8\xd1\x8f \xd0\xbf\xd0\xbe \xd1\x83\xd0\xbc\xd0\xbe\xd0\xbb\xd1\x87\xd0\xb0\xd0\xbd\xd0\xb8\xd1\x8e \xd0\xbf\xd0\xbe\xd0\xb4\xd1\x85\xd0\xbe\xd0\xb4\xd1\x8f\xd1\x82 \xd0\xbf\xd0\xbe\xd1\x87\xd1\x82\xd0\xb8 \xd0\xb4\xd0\xbb\xd1\x8f \xd0\xb2\xd1\x81\xd0\xb5\xd1\x85 \xd0\xb8\xd0\xb3\xd1\x80, \xd0\xb0 \xd0\xbd\xd0\xb5\xd0\xb2\xd0\xb5\xd1\x80\xd0\xbd\xd0\xbe\xd0\xb5 \xd0\xb7\xd0\xbd\xd0\xb0\xd1\x87\xd0\xb5\xd0\xbd\xd0\xb8\xd0\xb5 \xd0\xb7\xd0\xb4\xd0\xb5\xd1\x81\xd1\x8c \xd0\xbf\xd0\xbe\xd1\x80\xd1\x82\xd0\xb8\xd1\x82 \xd0\xb8\xd0\xb7\xd0\xbe\xd0\xb1\xd1\x80\xd0\xb0\xd0\xb6\xd0\xb5\xd0\xbd\xd0\xb8\xd0\xb5. \xc2\xab\xd0\xa1\xd0\xb1\xd1\x80\xd0\xbe\xd1\x81\xd0\xb8\xd1\x82\xd1\x8c \xd0\xb8\xd1\x81\xd0\xbf\xd1\x80\xd0\xb0\xd0\xb2\xd0\xbb\xd0\xb5\xd0\xbd\xd0\xb8\xd1\x8f\xc2\xbb \xd0\xb2\xd0\xbe\xd0\xb7\xd0\xb2\xd1\x80\xd0\xb0\xd1\x89\xd0\xb0\xd0\xb5\xd1\x82 \xd0\xb8\xd1\x85 \xd0\xb2\xd1\x81\xd0\xb5."},
    {"HDR",
     "HDR"},
    {"Depth and motion",
     "\xd0\x93\xd0\xbb\xd1\x83\xd0\xb1\xd0\xb8\xd0\xbd\xd0\xb0 \xd0\xb8 \xd0\xb4\xd0\xb2\xd0\xb8\xd0\xb6\xd0\xb5\xd0\xbd\xd0\xb8\xd0\xb5"},
    {"HDR adaptation speed, in stops per second",
     "\xd0\xa1\xd0\xba\xd0\xbe\xd1\x80\xd0\xbe\xd1\x81\xd1\x82\xd1\x8c \xd0\xb0\xd0\xb4\xd0\xb0\xd0\xbf\xd1\x82\xd0\xb0\xd1\x86\xd0\xb8\xd0\xb8 HDR, \xd0\xb2 \xd1\x81\xd1\x82\xd1\x83\xd0\xbf\xd0\xb5\xd0\xbd\xd1\x8f\xd1\x85 \xd0\xb2 \xd1\x81\xd0\xb5\xd0\xba\xd1\x83\xd0\xbd\xd0\xb4\xd1\x83"},
    {"Restore all defaults",
     "\xd0\xa1\xd0\xb1\xd1\x80\xd0\xbe\xd1\x81\xd0\xb8\xd1\x82\xd1\x8c \xd0\xb2\xd1\x81\xd1\x91"},
    {"Every setting for this game goes back to its default, hotkeys included.",
     "\xd0\x92\xd1\x81\xd0\xb5 \xd0\xbd\xd0\xb0\xd1\x81\xd1\x82\xd1\x80\xd0\xbe\xd0\xb9\xd0\xba\xd0\xb8 \xd0\xb4\xd0\xbb\xd1\x8f \xd1\x8d\xd1\x82\xd0\xbe\xd0\xb9 \xd0\xb8\xd0\xb3\xd1\x80\xd1\x8b, \xd0\xb2\xd0\xba\xd0\xbb\xd1\x8e\xd1\x87\xd0\xb0\xd1\x8f \xd0\xba\xd0\xbb\xd0\xb0\xd0\xb2\xd0\xb8\xd1\x88\xd0\xb8, \xd0\xb2\xd0\xbe\xd0\xb7\xd0\xb2\xd1\x80\xd0\xb0\xd1\x89\xd0\xb0\xd1\x8e\xd1\x82\xd1\x81\xd1\x8f \xd0\xba \xd0\xb7\xd0\xbd\xd0\xb0\xd1\x87\xd0\xb5\xd0\xbd\xd0\xb8\xd1\x8f\xd0\xbc \xd0\xbf\xd0\xbe \xd1\x83\xd0\xbc\xd0\xbe\xd0\xbb\xd1\x87\xd0\xb0\xd0\xbd\xd0\xb8\xd1\x8e."},
    {"Developer view",
     "\xd0\x92\xd0\xb8\xd0\xb4 \xd1\x80\xd0\xb0\xd0\xb7\xd1\x80\xd0\xb0\xd0\xb1\xd0\xbe\xd1\x82\xd1\x87\xd0\xb8\xd0\xba\xd0\xb0"},
    {"The classic flat layout: every control in one list, as before v7.",
     "\xd0\x9a\xd0\xbb\xd0\xb0\xd1\x81\xd1\x81\xd0\xb8\xd1\x87\xd0\xb5\xd1\x81\xd0\xba\xd0\xb0\xd1\x8f \xd0\xbf\xd0\xbb\xd0\xbe\xd1\x81\xd0\xba\xd0\xb0\xd1\x8f \xd1\x80\xd0\xb0\xd1\x81\xd0\xba\xd0\xbb\xd0\xb0\xd0\xb4\xd0\xba\xd0\xb0: \xd0\xb2\xd1\x81\xd0\xb5 \xd1\x8d\xd0\xbb\xd0\xb5\xd0\xbc\xd0\xb5\xd0\xbd\xd1\x82\xd1\x8b \xd0\xbe\xd0\xb4\xd0\xbd\xd0\xb8\xd0\xbc \xd1\x81\xd0\xbf\xd0\xb8\xd1\x81\xd0\xba\xd0\xbe\xd0\xbc, \xd0\xba\xd0\xb0\xd0\xba \xd0\xb4\xd0\xbe v7."},
    {"Language",
     "\xd0\xaf\xd0\xb7\xd1\x8b\xd0\xba"},
    {"Auto follows ReShade's own language (ReShade's Settings tab), which follows Windows unless you picked one there.  ReShade loads the font for its own language only, so a language written in another script can show as boxes: pick it in ReShade's settings too.",
     "\xc2\xab\xd0\x90\xd0\xb2\xd1\x82\xd0\xbe\xc2\xbb \xd1\x81\xd0\xbb\xd0\xb5\xd0\xb4\xd1\x83\xd0\xb5\xd1\x82 \xd1\x8f\xd0\xb7\xd1\x8b\xd0\xba\xd1\x83 \xd1\x81\xd0\xb0\xd0\xbc\xd0\xbe\xd0\xb3\xd0\xbe ReShade (\xd0\xb2\xd0\xba\xd0\xbb\xd0\xb0\xd0\xb4\xd0\xba\xd0\xb0 Settings \xd0\xb2 ReShade), \xd0\xba\xd0\xbe\xd1\x82\xd0\xbe\xd1\x80\xd1\x8b\xd0\xb9 \xd1\x81\xd0\xbb\xd0\xb5\xd0\xb4\xd1\x83\xd0\xb5\xd1\x82 Windows, \xd0\xb5\xd1\x81\xd0\xbb\xd0\xb8 \xd0\xb2\xd1\x8b \xd0\xbd\xd0\xb5 \xd0\xb2\xd1\x8b\xd0\xb1\xd1\x80\xd0\xb0\xd0\xbb\xd0\xb8 \xd1\x8f\xd0\xb7\xd1\x8b\xd0\xba \xd1\x82\xd0\xb0\xd0\xbc. ReShade \xd0\xb7\xd0\xb0\xd0\xb3\xd1\x80\xd1\x83\xd0\xb6\xd0\xb0\xd0\xb5\xd1\x82 \xd1\x88\xd1\x80\xd0\xb8\xd1\x84\xd1\x82 \xd1\x82\xd0\xbe\xd0\xbb\xd1\x8c\xd0\xba\xd0\xbe \xd0\xb4\xd0\xbb\xd1\x8f \xd1\x81\xd0\xb2\xd0\xbe\xd0\xb5\xd0\xb3\xd0\xbe \xd1\x8f\xd0\xb7\xd1\x8b\xd0\xba\xd0\xb0, \xd0\xbf\xd0\xbe\xd1\x8d\xd1\x82\xd0\xbe\xd0\xbc\xd1\x83 \xd1\x8f\xd0\xb7\xd1\x8b\xd0\xba \xd1\x81 \xd0\xb4\xd1\x80\xd1\x83\xd0\xb3\xd0\xbe\xd0\xb9 \xd0\xbf\xd0\xb8\xd1\x81\xd1\x8c\xd0\xbc\xd0\xb5\xd0\xbd\xd0\xbd\xd0\xbe\xd1\x81\xd1\x82\xd1\x8c\xd1\x8e \xd0\xbc\xd0\xbe\xd0\xb6\xd0\xb5\xd1\x82 \xd0\xbe\xd1\x82\xd0\xbe\xd0\xb1\xd1\x80\xd0\xb0\xd0\xb6\xd0\xb0\xd1\x82\xd1\x8c\xd1\x81\xd1\x8f \xd0\xba\xd0\xb2\xd0\xb0\xd0\xb4\xd1\x80\xd0\xb0\xd1\x82\xd0\xb8\xd0\xba\xd0\xb0\xd0\xbc\xd0\xb8: \xd0\xb2\xd1\x8b\xd0\xb1\xd0\xb5\xd1\x80\xd0\xb8\xd1\x82\xd0\xb5 \xd0\xb5\xd0\xb3\xd0\xbe \xd0\xb8 \xd0\xb2 \xd0\xbd\xd0\xb0\xd1\x81\xd1\x82\xd1\x80\xd0\xbe\xd0\xb9\xd0\xba\xd0\xb0\xd1\x85 ReShade."},
    {"Full",
     "\xd0\x9f\xd0\xbe\xd0\xbb\xd0\xbd\xd0\xbe\xd0\xb5"},
    {"Quality",
     "\xd0\x9a\xd0\xb0\xd1\x87\xd0\xb5\xd1\x81\xd1\x82\xd0\xb2\xd0\xbe"},
    {"Balanced",
     "\xd0\x91\xd0\xb0\xd0\xbb\xd0\xb0\xd0\xbd\xd1\x81"},
    {"Match game",
     "\xd0\x9a\xd0\xb0\xd0\xba \xd0\xb2 \xd0\xb8\xd0\xb3\xd1\x80\xd0\xb5"},
    {"The resolution Neural Rendering works at.  Full is the sharpest; the lower presets cost less GPU time.  Match game follows the game's own render resolution.",
     "\xd0\xa0\xd0\xb0\xd0\xb7\xd1\x80\xd0\xb5\xd1\x88\xd0\xb5\xd0\xbd\xd0\xb8\xd0\xb5, \xd0\xb2 \xd0\xba\xd0\xbe\xd1\x82\xd0\xbe\xd1\x80\xd0\xbe\xd0\xbc \xd1\x80\xd0\xb0\xd0\xb1\xd0\xbe\xd1\x82\xd0\xb0\xd0\xb5\xd1\x82 Neural Rendering. \xc2\xab\xd0\x9f\xd0\xbe\xd0\xbb\xd0\xbd\xd0\xbe\xd0\xb5\xc2\xbb - \xd1\x81\xd0\xb0\xd0\xbc\xd0\xbe\xd0\xb5 \xd1\x87\xd1\x91\xd1\x82\xd0\xba\xd0\xbe\xd0\xb5; \xd0\xb1\xd0\xbe\xd0\xbb\xd0\xb5\xd0\xb5 \xd0\xbd\xd0\xb8\xd0\xb7\xd0\xba\xd0\xb8\xd0\xb5 \xd0\xbf\xd1\x80\xd0\xb5\xd1\x81\xd0\xb5\xd1\x82\xd1\x8b \xd1\x82\xd1\x80\xd0\xb0\xd1\x82\xd1\x8f\xd1\x82 \xd0\xbc\xd0\xb5\xd0\xbd\xd1\x8c\xd1\x88\xd0\xb5 \xd0\xb2\xd1\x80\xd0\xb5\xd0\xbc\xd0\xb5\xd0\xbd\xd0\xb8 GPU. \xc2\xab\xd0\x9a\xd0\xb0\xd0\xba \xd0\xb2 \xd0\xb8\xd0\xb3\xd1\x80\xd0\xb5\xc2\xbb \xd1\x81\xd0\xbb\xd0\xb5\xd0\xb4\xd1\x83\xd0\xb5\xd1\x82 \xd1\x81\xd0\xbe\xd0\xb1\xd1\x81\xd1\x82\xd0\xb2\xd0\xb5\xd0\xbd\xd0\xbd\xd0\xbe\xd0\xbc\xd1\x83 \xd1\x80\xd0\xb0\xd0\xb7\xd1\x80\xd0\xb5\xd1\x88\xd0\xb5\xd0\xbd\xd0\xb8\xd1\x8e \xd1\x80\xd0\xb5\xd0\xbd\xd0\xb4\xd0\xb5\xd1\x80\xd0\xb8\xd0\xbd\xd0\xb3\xd0\xb0 \xd0\xb8\xd0\xb3\xd1\x80\xd1\x8b."},
    {"Custom (%.0f%%): set in Performance",
     "\xd0\xa1\xd0\xb2\xd0\xbe\xd1\x91 (%.0f%%): \xd0\xb7\xd0\xb0\xd0\xb4\xd0\xb0\xd1\x91\xd1\x82\xd1\x81\xd1\x8f \xd0\xb2 \xc2\xab\xd0\x9f\xd1\x80\xd0\xbe\xd0\xb8\xd0\xb7\xd0\xb2\xd0\xbe\xd0\xb4\xd0\xb8\xd1\x82\xd0\xb5\xd0\xbb\xd1\x8c\xd0\xbd\xd0\xbe\xd1\x81\xd1\x82\xd1\x8c\xc2\xbb"},
    {"Last frame",
     "\xd0\x9f\xd0\xbe\xd1\x81\xd0\xbb\xd0\xb5\xd0\xb4\xd0\xbd\xd0\xb8\xd0\xb9 \xd0\xba\xd0\xb0\xd0\xb4\xd1\x80"},
    {"Frames this session",
     "\xd0\x9a\xd0\xb0\xd0\xb4\xd1\x80\xd0\xbe\xd0\xb2 \xd0\xb7\xd0\xb0 \xd1\x81\xd0\xb5\xd1\x81\xd1\x81\xd0\xb8\xd1\x8e"},
    {"Working resolution",
     "\xd0\xa0\xd0\xb0\xd0\xb1\xd0\xbe\xd1\x87\xd0\xb5\xd0\xb5 \xd1\x80\xd0\xb0\xd0\xb7\xd1\x80\xd0\xb5\xd1\x88\xd0\xb5\xd0\xbd\xd0\xb8\xd0\xb5"},
    {"Backend",
     "\xd0\x91\xd1\x8d\xd0\xba\xd0\xb5\xd0\xbd\xd0\xb4"},
    {"Raw details",
     "\xd0\xa1\xd1\x8b\xd1\x80\xd1\x8b\xd0\xb5 \xd0\xb4\xd0\xb0\xd0\xbd\xd0\xbd\xd1\x8b\xd0\xb5"},
    {"Copy support report",
     "\xd0\x9a\xd0\xbe\xd0\xbf\xd0\xb8\xd1\x80\xd0\xbe\xd0\xb2\xd0\xb0\xd1\x82\xd1\x8c \xd0\xbe\xd1\x82\xd1\x87\xd1\x91\xd1\x82"},
    {"Open log folder",
     "\xd0\x9e\xd1\x82\xd0\xba\xd1\x80\xd1\x8b\xd1\x82\xd1\x8c \xd0\xbf\xd0\xb0\xd0\xbf\xd0\xba\xd1\x83 \xd0\xbb\xd0\xbe\xd0\xb3\xd0\xbe\xd0\xb2"},
    {"Copied. Paste it into your report together with ReShade.log.",
     "\xd0\xa1\xd0\xba\xd0\xbe\xd0\xbf\xd0\xb8\xd1\x80\xd0\xbe\xd0\xb2\xd0\xb0\xd0\xbd\xd0\xbe. \xd0\x92\xd1\x81\xd1\x82\xd0\xb0\xd0\xb2\xd1\x8c\xd1\x82\xd0\xb5 \xd0\xb2 \xd1\x81\xd0\xb2\xd0\xbe\xd0\xb9 \xd0\xbe\xd1\x82\xd1\x87\xd1\x91\xd1\x82 \xd0\xb2\xd0\xbc\xd0\xb5\xd1\x81\xd1\x82\xd0\xb5 \xd1\x81 ReShade.log."},
    {"Copies a short text with the version, the verdict, the card and the counters.  It holds the game's file name and no folder paths.",
     "\xd0\x9a\xd0\xbe\xd0\xbf\xd0\xb8\xd1\x80\xd1\x83\xd0\xb5\xd1\x82 \xd0\xba\xd0\xbe\xd1\x80\xd0\xbe\xd1\x82\xd0\xba\xd0\xb8\xd0\xb9 \xd1\x82\xd0\xb5\xd0\xba\xd1\x81\xd1\x82 \xd1\x81 \xd0\xb2\xd0\xb5\xd1\x80\xd1\x81\xd0\xb8\xd0\xb5\xd0\xb9, \xd0\xb2\xd0\xb5\xd1\x80\xd0\xb4\xd0\xb8\xd0\xba\xd1\x82\xd0\xbe\xd0\xbc, \xd0\xba\xd0\xb0\xd1\x80\xd1\x82\xd0\xbe\xd1\x87\xd0\xba\xd0\xbe\xd0\xb9 \xd0\xb8 \xd1\x81\xd1\x87\xd1\x91\xd1\x82\xd1\x87\xd0\xb8\xd0\xba\xd0\xb0\xd0\xbc\xd0\xb8. \xd0\x92 \xd0\xbd\xd1\x91\xd0\xbc \xd0\xb5\xd1\x81\xd1\x82\xd1\x8c \xd0\xb8\xd0\xbc\xd1\x8f \xd1\x84\xd0\xb0\xd0\xb9\xd0\xbb\xd0\xb0 \xd0\xb8\xd0\xb3\xd1\x80\xd1\x8b, \xd0\xbd\xd0\xbe \xd0\xbd\xd0\xb5\xd1\x82 \xd0\xbf\xd1\x83\xd1\x82\xd0\xb5\xd0\xb9 \xd0\xba \xd0\xbf\xd0\xb0\xd0\xbf\xd0\xba\xd0\xb0\xd0\xbc."},
    {"Details: the %s tab in ReShade's overlay.  %s turns Neural Rendering off.",
     "\xd0\x9f\xd0\xbe\xd0\xb4\xd1\x80\xd0\xbe\xd0\xb1\xd0\xbd\xd0\xbe\xd1\x81\xd1\x82\xd0\xb8: \xd0\xb2\xd0\xba\xd0\xbb\xd0\xb0\xd0\xb4\xd0\xba\xd0\xb0 %s \xd0\xb2 \xd0\xbe\xd0\xb2\xd0\xb5\xd1\x80\xd0\xbb\xd0\xb5\xd0\xb5 ReShade. %s \xd0\xb2\xd1\x8b\xd0\xba\xd0\xbb\xd1\x8e\xd1\x87\xd0\xb0\xd0\xb5\xd1\x82 Neural Rendering."},
    {"Welcome to DLSS 5 Neural Rendering",
     "\xd0\x94\xd0\xbe\xd0\xb1\xd1\x80\xd0\xbe \xd0\xbf\xd0\xbe\xd0\xb6\xd0\xb0\xd0\xbb\xd0\xbe\xd0\xb2\xd0\xb0\xd1\x82\xd1\x8c \xd0\xb2 DLSS 5 Neural Rendering"},
    {"Neural Rendering is NVIDIA's DLSS enhancer.  It works on the image the game's own DLSS makes, so DLSS or DLAA has to be on in the game's settings.",
     "Neural Rendering - \xd1\x83\xd0\xbb\xd1\x83\xd1\x87\xd1\x88\xd0\xb8\xd1\x82\xd0\xb5\xd0\xbb\xd1\x8c DLSS \xd0\xbe\xd1\x82 NVIDIA. \xd0\x9e\xd0\xbd \xd1\x80\xd0\xb0\xd0\xb1\xd0\xbe\xd1\x82\xd0\xb0\xd0\xb5\xd1\x82 \xd1\x81 \xd0\xb8\xd0\xb7\xd0\xbe\xd0\xb1\xd1\x80\xd0\xb0\xd0\xb6\xd0\xb5\xd0\xbd\xd0\xb8\xd0\xb5\xd0\xbc, \xd0\xba\xd0\xbe\xd1\x82\xd0\xbe\xd1\x80\xd0\xbe\xd0\xb5 \xd1\x81\xd0\xbe\xd0\xb7\xd0\xb4\xd0\xb0\xd1\x91\xd1\x82 \xd1\x81\xd0\xbe\xd0\xb1\xd1\x81\xd1\x82\xd0\xb2\xd0\xb5\xd0\xbd\xd0\xbd\xd1\x8b\xd0\xb9 DLSS \xd0\xb8\xd0\xb3\xd1\x80\xd1\x8b, \xd0\xbf\xd0\xbe\xd1\x8d\xd1\x82\xd0\xbe\xd0\xbc\xd1\x83 \xd0\xb2 \xd0\xbd\xd0\xb0\xd1\x81\xd1\x82\xd1\x80\xd0\xbe\xd0\xb9\xd0\xba\xd0\xb0\xd1\x85 \xd0\xb8\xd0\xb3\xd1\x80\xd1\x8b \xd0\xb4\xd0\xbe\xd0\xbb\xd0\xb6\xd0\xb5\xd0\xbd \xd0\xb1\xd1\x8b\xd1\x82\xd1\x8c \xd0\xb2\xd0\xba\xd0\xbb\xd1\x8e\xd1\x87\xd1\x91\xd0\xbd DLSS \xd0\xb8\xd0\xbb\xd0\xb8 DLAA."},
    {"The card above says whether it is working.  When it is not, a note in the game's top-left corner says so, even with this overlay closed.",
     "\xd0\x9a\xd0\xb0\xd1\x80\xd1\x82\xd0\xbe\xd1\x87\xd0\xba\xd0\xb0 \xd0\xb2\xd1\x8b\xd1\x88\xd0\xb5 \xd0\xbf\xd0\xbe\xd0\xba\xd0\xb0\xd0\xb7\xd1\x8b\xd0\xb2\xd0\xb0\xd0\xb5\xd1\x82, \xd1\x80\xd0\xb0\xd0\xb1\xd0\xbe\xd1\x82\xd0\xb0\xd0\xb5\xd1\x82 \xd0\xbb\xd0\xb8 \xd0\xbe\xd0\xbd. \xd0\x95\xd1\x81\xd0\xbb\xd0\xb8 \xd0\xbd\xd0\xb5\xd1\x82, \xd0\xbe\xd0\xb1 \xd1\x8d\xd1\x82\xd0\xbe\xd0\xbc \xd1\x81\xd0\xbe\xd0\xbe\xd0\xb1\xd1\x89\xd0\xb0\xd0\xb5\xd1\x82 \xd0\xbd\xd0\xb0\xd0\xb4\xd0\xbf\xd0\xb8\xd1\x81\xd1\x8c \xd0\xb2 \xd0\xbb\xd0\xb5\xd0\xb2\xd0\xbe\xd0\xbc \xd0\xb2\xd0\xb5\xd1\x80\xd1\x85\xd0\xbd\xd0\xb5\xd0\xbc \xd1\x83\xd0\xb3\xd0\xbb\xd1\x83 \xd0\xb8\xd0\xb3\xd1\x80\xd1\x8b, \xd0\xb4\xd0\xb0\xd0\xb6\xd0\xb5 \xd0\xbf\xd1\x80\xd0\xb8 \xd0\xb7\xd0\xb0\xd0\xba\xd1\x80\xd1\x8b\xd1\x82\xd0\xbe\xd0\xbc \xd0\xbe\xd0\xb2\xd0\xb5\xd1\x80\xd0\xbb\xd0\xb5\xd0\xb5."},
    {"The switch below turns it on and off; in game, the key shown beside it does the same.",
     "\xd0\x9f\xd0\xb5\xd1\x80\xd0\xb5\xd0\xba\xd0\xbb\xd1\x8e\xd1\x87\xd0\xb0\xd1\x82\xd0\xb5\xd0\xbb\xd1\x8c \xd0\xbd\xd0\xb8\xd0\xb6\xd0\xb5 \xd0\xb2\xd0\xba\xd0\xbb\xd1\x8e\xd1\x87\xd0\xb0\xd0\xb5\xd1\x82 \xd0\xb8 \xd0\xb2\xd1\x8b\xd0\xba\xd0\xbb\xd1\x8e\xd1\x87\xd0\xb0\xd0\xb5\xd1\x82 \xd0\xb5\xd0\xb3\xd0\xbe; \xd0\xb2 \xd0\xb8\xd0\xb3\xd1\x80\xd0\xb5 \xd1\x82\xd0\xbe \xd0\xb6\xd0\xb5 \xd1\x81\xd0\xb0\xd0\xbc\xd0\xbe\xd0\xb5 \xd0\xb4\xd0\xb5\xd0\xbb\xd0\xb0\xd0\xb5\xd1\x82 \xd0\xba\xd0\xbb\xd0\xb0\xd0\xb2\xd0\xb8\xd1\x88\xd0\xb0 \xd1\x80\xd1\x8f\xd0\xb4\xd0\xbe\xd0\xbc \xd1\x81 \xd0\xbd\xd0\xb8\xd0\xbc."},
    {"Strength and the Look section shape the image; a row you changed gets a reset arrow.",
     "\xc2\xab\xd0\xa1\xd0\xb8\xd0\xbb\xd0\xb0\xc2\xbb \xd0\xb8 \xd1\x80\xd0\xb0\xd0\xb7\xd0\xb4\xd0\xb5\xd0\xbb \xc2\xab\xd0\x92\xd0\xb8\xd0\xb4\xc2\xbb \xd1\x84\xd0\xbe\xd1\x80\xd0\xbc\xd0\xb8\xd1\x80\xd1\x83\xd1\x8e\xd1\x82 \xd0\xb8\xd0\xb7\xd0\xbe\xd0\xb1\xd1\x80\xd0\xb0\xd0\xb6\xd0\xb5\xd0\xbd\xd0\xb8\xd0\xb5; \xd1\x83 \xd0\xb8\xd0\xb7\xd0\xbc\xd0\xb5\xd0\xbd\xd1\x91\xd0\xbd\xd0\xbd\xd0\xbe\xd0\xb9 \xd1\x81\xd1\x82\xd1\x80\xd0\xbe\xd0\xba\xd0\xb8 \xd0\xbf\xd0\xbe\xd1\x8f\xd0\xb2\xd0\xbb\xd1\x8f\xd0\xb5\xd1\x82\xd1\x81\xd1\x8f \xd1\x81\xd1\x82\xd1\x80\xd0\xb5\xd0\xbb\xd0\xba\xd0\xb0 \xd1\x81\xd0\xb1\xd1\x80\xd0\xbe\xd1\x81\xd0\xb0."},
    {"DX11 game - NR waits for a D3D12 tool",
     "\xd0\x98\xd0\xb3\xd1\x80\xd0\xb0 DX11 - NR \xd0\xb6\xd0\xb4\xd1\x91\xd1\x82 \xd0\xb8\xd0\xbd\xd1\x81\xd1\x82\xd1\x80\xd1\x83\xd0\xbc\xd0\xb5\xd0\xbd\xd1\x82 D3D12"},
    {"This session serves only a third-party tool's Direct3D 12 DLSS (DX11Source=foreign, or another project's Direct3D 11 bridge add-on is loaded), and none has run. Nothing is wrong.",
     "\xd0\xad\xd1\x82\xd0\xb0 \xd1\x81\xd0\xb5\xd1\x81\xd1\x81\xd0\xb8\xd1\x8f \xd0\xbe\xd0\xb1\xd1\x81\xd0\xbb\xd1\x83\xd0\xb6\xd0\xb8\xd0\xb2\xd0\xb0\xd0\xb5\xd1\x82 \xd1\x82\xd0\xbe\xd0\xbb\xd1\x8c\xd0\xba\xd0\xbe DLSS \xd0\xbd\xd0\xb0 Direct3D 12 \xd0\xbe\xd1\x82 \xd1\x81\xd1\x82\xd0\xbe\xd1\x80\xd0\xbe\xd0\xbd\xd0\xbd\xd0\xb5\xd0\xb3\xd0\xbe \xd0\xb8\xd0\xbd\xd1\x81\xd1\x82\xd1\x80\xd1\x83\xd0\xbc\xd0\xb5\xd0\xbd\xd1\x82\xd0\xb0 (DX11Source=foreign \xd0\xb8\xd0\xbb\xd0\xb8 \xd0\xb7\xd0\xb0\xd0\xb3\xd1\x80\xd1\x83\xd0\xb6\xd0\xb5\xd0\xbd \xd0\xbc\xd0\xbe\xd1\x81\xd1\x82 Direct3D 11 \xd0\xb4\xd1\x80\xd1\x83\xd0\xb3\xd0\xbe\xd0\xb3\xd0\xbe \xd0\xbf\xd1\x80\xd0\xbe\xd0\xb5\xd0\xba\xd1\x82\xd0\xb0), \xd0\xb8 \xd0\xbe\xd0\xbd \xd0\xb5\xd1\x89\xd1\x91 \xd0\xbd\xd0\xb5 \xd0\xb7\xd0\xb0\xd0\xbf\xd1\x83\xd1\x81\xd0\xba\xd0\xb0\xd0\xbb\xd1\x81\xd1\x8f. \xd0\x92\xd1\x81\xd1\x91 \xd0\xb2 \xd0\xbf\xd0\xbe\xd1\x80\xd1\x8f\xd0\xb4\xd0\xba\xd0\xb5."},
    {"To serve the game's own DLSS, set DX11Source=native in [RenoDX.DLSS5] in ReShade.ini and restart the game.",
     "\xd0\xa7\xd1\x82\xd0\xbe\xd0\xb1\xd1\x8b \xd0\xbe\xd0\xb1\xd1\x81\xd0\xbb\xd1\x83\xd0\xb6\xd0\xb8\xd0\xb2\xd0\xb0\xd1\x82\xd1\x8c \xd1\x81\xd0\xbe\xd0\xb1\xd1\x81\xd1\x82\xd0\xb2\xd0\xb5\xd0\xbd\xd0\xbd\xd1\x8b\xd0\xb9 DLSS \xd0\xb8\xd0\xb3\xd1\x80\xd1\x8b, \xd0\xb7\xd0\xb0\xd0\xb4\xd0\xb0\xd0\xb9\xd1\x82\xd0\xb5 DX11Source=native \xd0\xb2 [RenoDX.DLSS5] \xd0\xb2 ReShade.ini \xd0\xb8 \xd0\xbf\xd0\xb5\xd1\x80\xd0\xb5\xd0\xb7\xd0\xb0\xd0\xbf\xd1\x83\xd1\x81\xd1\x82\xd0\xb8\xd1\x82\xd0\xb5 \xd0\xb8\xd0\xb3\xd1\x80\xd1\x83."},
    {"NR can't read this game's DLSS surfaces",
     "NR \xd0\xbd\xd0\xb5 \xd0\xbc\xd0\xbe\xd0\xb6\xd0\xb5\xd1\x82 \xd0\xbf\xd1\x80\xd0\xbe\xd1\x87\xd0\xb8\xd1\x82\xd0\xb0\xd1\x82\xd1\x8c \xd0\xbf\xd0\xbe\xd0\xb2\xd0\xb5\xd1\x80\xd1\x85\xd0\xbd\xd0\xbe\xd1\x81\xd1\x82\xd0\xb8 DLSS \xd1\x8d\xd1\x82\xd0\xbe\xd0\xb9 \xd0\xb8\xd0\xb3\xd1\x80\xd1\x8b"},
    {"The game's DLSS output uses a format or multisampling that the Direct3D 11 bridge cannot share with Direct3D 12, so every frame keeps the game's own DLSS image.",
     "\xd0\x92\xd1\x8b\xd0\xb2\xd0\xbe\xd0\xb4 DLSS \xd0\xb8\xd0\xb3\xd1\x80\xd1\x8b \xd0\xb8\xd1\x81\xd0\xbf\xd0\xbe\xd0\xbb\xd1\x8c\xd0\xb7\xd1\x83\xd0\xb5\xd1\x82 \xd1\x84\xd0\xbe\xd1\x80\xd0\xbc\xd0\xb0\xd1\x82 \xd0\xb8\xd0\xbb\xd0\xb8 \xd0\xbc\xd1\x83\xd0\xbb\xd1\x8c\xd1\x82\xd0\xb8\xd1\x81\xd1\x8d\xd0\xbc\xd0\xbf\xd0\xbb\xd0\xb8\xd0\xbd\xd0\xb3, \xd0\xba\xd0\xbe\xd1\x82\xd0\xbe\xd1\x80\xd1\x8b\xd0\xb9 \xd0\xbc\xd0\xbe\xd1\x81\xd1\x82 Direct3D 11 \xd0\xbd\xd0\xb5 \xd0\xbc\xd0\xbe\xd0\xb6\xd0\xb5\xd1\x82 \xd0\xbf\xd0\xb5\xd1\x80\xd0\xb5\xd0\xb4\xd0\xb0\xd1\x82\xd1\x8c \xd0\xb2 Direct3D 12, \xd0\xbf\xd0\xbe\xd1\x8d\xd1\x82\xd0\xbe\xd0\xbc\xd1\x83 \xd0\xb2\xd1\x81\xd0\xb5 \xd0\xba\xd0\xb0\xd0\xb4\xd1\x80\xd1\x8b \xd1\x81\xd0\xbe\xd1\x85\xd1\x80\xd0\xb0\xd0\xbd\xd1\x8f\xd1\x8e\xd1\x82 \xd1\x81\xd0\xbe\xd0\xb1\xd1\x81\xd1\x82\xd0\xb2\xd0\xb5\xd0\xbd\xd0\xbd\xd0\xbe\xd0\xb5 \xd0\xb8\xd0\xb7\xd0\xbe\xd0\xb1\xd1\x80\xd0\xb0\xd0\xb6\xd0\xb5\xd0\xbd\xd0\xb8\xd0\xb5 DLSS \xd0\xb8\xd0\xb3\xd1\x80\xd1\x8b."},
    {"Copy the support report under Diagnostics and share it with ReShade.log; it names the surface format.",
     "\xd0\xa1\xd0\xba\xd0\xbe\xd0\xbf\xd0\xb8\xd1\x80\xd1\x83\xd0\xb9\xd1\x82\xd0\xb5 \xd0\xbe\xd1\x82\xd1\x87\xd1\x91\xd1\x82 \xd0\xb4\xd0\xbb\xd1\x8f \xd0\xbf\xd0\xbe\xd0\xb4\xd0\xb4\xd0\xb5\xd1\x80\xd0\xb6\xd0\xba\xd0\xb8 \xd0\xb2 \xd1\x80\xd0\xb0\xd0\xb7\xd0\xb4\xd0\xb5\xd0\xbb\xd0\xb5 \xc2\xab\xd0\x94\xd0\xb8\xd0\xb0\xd0\xb3\xd0\xbd\xd0\xbe\xd1\x81\xd1\x82\xd0\xb8\xd0\xba\xd0\xb0\xc2\xbb \xd0\xb8 \xd0\xbe\xd1\x82\xd0\xbf\xd1\x80\xd0\xb0\xd0\xb2\xd1\x8c\xd1\x82\xd0\xb5 \xd0\xb5\xd0\xb3\xd0\xbe \xd0\xb2\xd0\xbc\xd0\xb5\xd1\x81\xd1\x82\xd0\xb5 \xd1\x81 ReShade.log; \xd0\xb2 \xd0\xbd\xd1\x91\xd0\xbc \xd1\x83\xd0\xba\xd0\xb0\xd0\xb7\xd0\xb0\xd0\xbd \xd1\x84\xd0\xbe\xd1\x80\xd0\xbc\xd0\xb0\xd1\x82 \xd0\xbf\xd0\xbe\xd0\xb2\xd0\xb5\xd1\x80\xd1\x85\xd0\xbd\xd0\xbe\xd1\x81\xd1\x82\xd0\xb8."},
    {"NR's Direct3D 11 bridge stopped",
     "\xd0\x9c\xd0\xbe\xd1\x81\xd1\x82 Direct3D 11 \xd0\xb4\xd0\xbb\xd1\x8f NR \xd0\xbe\xd1\x81\xd1\x82\xd0\xb0\xd0\xbd\xd0\xbe\xd0\xb2\xd0\xbb\xd0\xb5\xd0\xbd"},
    {"The private Direct3D 12 device NR runs on beside this game stalled or was removed, so NR stepped aside and the game keeps its own DLSS image.",
     "\xd0\x9e\xd1\x82\xd0\xb4\xd0\xb5\xd0\xbb\xd1\x8c\xd0\xbd\xd0\xbe\xd0\xb5 \xd1\x83\xd1\x81\xd1\x82\xd1\x80\xd0\xbe\xd0\xb9\xd1\x81\xd1\x82\xd0\xb2\xd0\xbe Direct3D 12, \xd0\xbd\xd0\xb0 \xd0\xba\xd0\xbe\xd1\x82\xd0\xbe\xd1\x80\xd0\xbe\xd0\xbc NR \xd1\x80\xd0\xb0\xd0\xb1\xd0\xbe\xd1\x82\xd0\xb0\xd0\xb5\xd1\x82 \xd1\x80\xd1\x8f\xd0\xb4\xd0\xbe\xd0\xbc \xd1\x81 \xd1\x8d\xd1\x82\xd0\xbe\xd0\xb9 \xd0\xb8\xd0\xb3\xd1\x80\xd0\xbe\xd0\xb9, \xd0\xb7\xd0\xb0\xd0\xb2\xd0\xb8\xd1\x81\xd0\xbb\xd0\xbe \xd0\xb8\xd0\xbb\xd0\xb8 \xd0\xb1\xd1\x8b\xd0\xbb\xd0\xbe \xd1\x83\xd0\xb4\xd0\xb0\xd0\xbb\xd0\xb5\xd0\xbd\xd0\xbe, \xd0\xbf\xd0\xbe\xd1\x8d\xd1\x82\xd0\xbe\xd0\xbc\xd1\x83 NR \xd0\xbe\xd1\x82\xd0\xba\xd0\xbb\xd1\x8e\xd1\x87\xd0\xb8\xd0\xbb\xd1\x81\xd1\x8f, \xd0\xb8 \xd0\xb8\xd0\xb3\xd1\x80\xd0\xb0 \xd1\x81\xd0\xbe\xd1\x85\xd1\x80\xd0\xb0\xd0\xbd\xd1\x8f\xd0\xb5\xd1\x82 \xd1\x81\xd0\xbe\xd0\xb1\xd1\x81\xd1\x82\xd0\xb2\xd0\xb5\xd0\xbd\xd0\xbd\xd0\xbe\xd0\xb5 \xd0\xb8\xd0\xb7\xd0\xbe\xd0\xb1\xd1\x80\xd0\xb0\xd0\xb6\xd0\xb5\xd0\xbd\xd0\xb8\xd0\xb5 DLSS."},
    {"Restart the game.",
     "\xd0\x9f\xd0\xb5\xd1\x80\xd0\xb5\xd0\xb7\xd0\xb0\xd0\xbf\xd1\x83\xd1\x81\xd1\x82\xd0\xb8\xd1\x82\xd0\xb5 \xd0\xb8\xd0\xb3\xd1\x80\xd1\x83."},
    {"If it happens again, update the NVIDIA driver and share ReShade.log.",
     "\xd0\x95\xd1\x81\xd0\xbb\xd0\xb8 \xd1\x8d\xd1\x82\xd0\xbe \xd0\xbf\xd0\xbe\xd0\xb2\xd1\x82\xd0\xbe\xd1\x80\xd0\xb8\xd1\x82\xd1\x81\xd1\x8f, \xd0\xbe\xd0\xb1\xd0\xbd\xd0\xbe\xd0\xb2\xd0\xb8\xd1\x82\xd0\xb5 \xd0\xb4\xd1\x80\xd0\xb0\xd0\xb9\xd0\xb2\xd0\xb5\xd1\x80 NVIDIA \xd0\xb8 \xd0\xbe\xd1\x82\xd0\xbf\xd1\x80\xd0\xb0\xd0\xb2\xd1\x8c\xd1\x82\xd0\xb5 ReShade.log."},
    {"NR could not start the Direct3D 11 bridge",
     "NR \xd0\xbd\xd0\xb5 \xd1\x81\xd0\xbc\xd0\xbe\xd0\xb3 \xd0\xb7\xd0\xb0\xd0\xbf\xd1\x83\xd1\x81\xd1\x82\xd0\xb8\xd1\x82\xd1\x8c \xd0\xbc\xd0\xbe\xd1\x81\xd1\x82 Direct3D 11"},
    {"Neural Rendering runs on a private Direct3D 12 device beside this Direct3D 11 game, and that device did not start.",
     "Neural Rendering \xd1\x80\xd0\xb0\xd0\xb1\xd0\xbe\xd1\x82\xd0\xb0\xd0\xb5\xd1\x82 \xd0\xbd\xd0\xb0 \xd0\xbe\xd1\x82\xd0\xb4\xd0\xb5\xd0\xbb\xd1\x8c\xd0\xbd\xd0\xbe\xd0\xbc \xd1\x83\xd1\x81\xd1\x82\xd1\x80\xd0\xbe\xd0\xb9\xd1\x81\xd1\x82\xd0\xb2\xd0\xb5 Direct3D 12 \xd1\x80\xd1\x8f\xd0\xb4\xd0\xbe\xd0\xbc \xd1\x81 \xd1\x8d\xd1\x82\xd0\xbe\xd0\xb9 \xd0\xb8\xd0\xb3\xd1\x80\xd0\xbe\xd0\xb9 \xd0\xbd\xd0\xb0 Direct3D 11, \xd0\xb8 \xd1\x8d\xd1\x82\xd0\xbe \xd1\x83\xd1\x81\xd1\x82\xd1\x80\xd0\xbe\xd0\xb9\xd1\x81\xd1\x82\xd0\xb2\xd0\xbe \xd0\xbd\xd0\xb5 \xd0\xb7\xd0\xb0\xd0\xbf\xd1\x83\xd1\x81\xd1\x82\xd0\xb8\xd0\xbb\xd0\xbe\xd1\x81\xd1\x8c."},
    {"Update the NVIDIA driver and restart the game.",
     "\xd0\x9e\xd0\xb1\xd0\xbd\xd0\xbe\xd0\xb2\xd0\xb8\xd1\x82\xd0\xb5 \xd0\xb4\xd1\x80\xd0\xb0\xd0\xb9\xd0\xb2\xd0\xb5\xd1\x80 NVIDIA \xd0\xb8 \xd0\xbf\xd0\xb5\xd1\x80\xd0\xb5\xd0\xb7\xd0\xb0\xd0\xbf\xd1\x83\xd1\x81\xd1\x82\xd0\xb8\xd1\x82\xd0\xb5 \xd0\xb8\xd0\xb3\xd1\x80\xd1\x83."},
    {"ReShade.log names the failing step ('D3D11 bridge could not start').",
     "\xd0\x92 ReShade.log \xd1\x83\xd0\xba\xd0\xb0\xd0\xb7\xd0\xb0\xd0\xbd \xd1\x88\xd0\xb0\xd0\xb3, \xd0\xbd\xd0\xb0 \xd0\xba\xd0\xbe\xd1\x82\xd0\xbe\xd1\x80\xd0\xbe\xd0\xbc \xd0\xbf\xd1\x80\xd0\xbe\xd0\xb8\xd0\xb7\xd0\xbe\xd1\x88\xd1\x91\xd0\xbb \xd1\x81\xd0\xb1\xd0\xbe\xd0\xb9 ('D3D11 bridge could not start')."},
    {"NR is idle - DLSS has not started",
     "NR \xd0\xbf\xd1\x80\xd0\xbe\xd1\x81\xd1\x82\xd0\xb0\xd0\xb8\xd0\xb2\xd0\xb0\xd0\xb5\xd1\x82 - DLSS \xd0\xbd\xd0\xb5 \xd0\xb7\xd0\xb0\xd0\xbf\xd1\x83\xd1\x89\xd0\xb5\xd0\xbd"},
    {"NVIDIA's DLSS is loaded, but the game has not started DLSS upscaling.",
     "DLSS \xd0\xbe\xd1\x82 NVIDIA \xd0\xb7\xd0\xb0\xd0\xb3\xd1\x80\xd1\x83\xd0\xb6\xd0\xb5\xd0\xbd, \xd0\xbd\xd0\xbe \xd0\xb8\xd0\xb3\xd1\x80\xd0\xb0 \xd0\xbd\xd0\xb5 \xd0\xb7\xd0\xb0\xd0\xbf\xd1\x83\xd1\x81\xd1\x82\xd0\xb8\xd0\xbb\xd0\xb0 \xd0\xb0\xd0\xbf\xd1\x81\xd0\xba\xd0\xb5\xd0\xb9\xd0\xbb DLSS."},
    {"Turn on DLSS or DLAA in the game's graphics settings.",
     "\xd0\x92\xd0\xba\xd0\xbb\xd1\x8e\xd1\x87\xd0\xb8\xd1\x82\xd0\xb5 DLSS \xd0\xb8\xd0\xbb\xd0\xb8 DLAA \xd0\xb2 \xd0\xb3\xd1\x80\xd0\xb0\xd1\x84\xd0\xb8\xd1\x87\xd0\xb5\xd1\x81\xd0\xba\xd0\xb8\xd1\x85 \xd0\xbd\xd0\xb0\xd1\x81\xd1\x82\xd1\x80\xd0\xbe\xd0\xb9\xd0\xba\xd0\xb0\xd1\x85 \xd0\xb8\xd0\xb3\xd1\x80\xd1\x8b."},
    {"If DLSS is already on, set EnableHooks=1 in [RenoDX.DLSS5] in ReShade.ini and restart the game.",
     "\xd0\x95\xd1\x81\xd0\xbb\xd0\xb8 DLSS \xd1\x83\xd0\xb6\xd0\xb5 \xd0\xb2\xd0\xba\xd0\xbb\xd1\x8e\xd1\x87\xd1\x91\xd0\xbd, \xd0\xb7\xd0\xb0\xd0\xb4\xd0\xb0\xd0\xb9\xd1\x82\xd0\xb5 EnableHooks=1 \xd0\xb2 [RenoDX.DLSS5] \xd0\xb2 ReShade.ini \xd0\xb8 \xd0\xbf\xd0\xb5\xd1\x80\xd0\xb5\xd0\xb7\xd0\xb0\xd0\xbf\xd1\x83\xd1\x81\xd1\x82\xd0\xb8\xd1\x82\xd0\xb5 \xd0\xb8\xd0\xb3\xd1\x80\xd1\x83."},
    {"NR is idle - DLSS is set up but not running",
     "NR \xd0\xbf\xd1\x80\xd0\xbe\xd1\x81\xd1\x82\xd0\xb0\xd0\xb8\xd0\xb2\xd0\xb0\xd0\xb5\xd1\x82 - DLSS \xd0\xbd\xd0\xb0\xd1\x81\xd1\x82\xd1\x80\xd0\xbe\xd0\xb5\xd0\xbd, \xd0\xbd\xd0\xbe \xd0\xbd\xd0\xb5 \xd1\x80\xd0\xb0\xd0\xb1\xd0\xbe\xd1\x82\xd0\xb0\xd0\xb5\xd1\x82"},
    {"The game created its DLSS upscaler but has not run it yet.",
     "\xd0\x98\xd0\xb3\xd1\x80\xd0\xb0 \xd1\x81\xd0\xbe\xd0\xb7\xd0\xb4\xd0\xb0\xd0\xbb\xd0\xb0 \xd0\xb0\xd0\xbf\xd1\x81\xd0\xba\xd0\xb5\xd0\xb9\xd0\xbb\xd0\xb5\xd1\x80 DLSS, \xd0\xbd\xd0\xbe \xd0\xb5\xd1\x89\xd1\x91 \xd0\xbd\xd0\xb5 \xd0\xb7\xd0\xb0\xd0\xbf\xd1\x83\xd1\x81\xd0\xba\xd0\xb0\xd0\xbb\xd0\xb0 \xd0\xb5\xd0\xb3\xd0\xbe."},
    {"Load into gameplay with DLSS on; this card turns green when NR runs.",
     "\xd0\x92\xd0\xbe\xd0\xb9\xd0\xb4\xd0\xb8\xd1\x82\xd0\xb5 \xd0\xb2 \xd0\xb8\xd0\xb3\xd1\x80\xd0\xbe\xd0\xb2\xd0\xbe\xd0\xb9 \xd0\xbf\xd1\x80\xd0\xbe\xd1\x86\xd0\xb5\xd1\x81\xd1\x81 \xd1\x81 \xd0\xb2\xd0\xba\xd0\xbb\xd1\x8e\xd1\x87\xd1\x91\xd0\xbd\xd0\xbd\xd1\x8b\xd0\xbc DLSS; \xd0\xba\xd0\xb0\xd1\x80\xd1\x82\xd0\xbe\xd1\x87\xd0\xba\xd0\xb0 \xd1\x81\xd1\x82\xd0\xb0\xd0\xbd\xd0\xb5\xd1\x82 \xd0\xb7\xd0\xb5\xd0\xbb\xd1\x91\xd0\xbd\xd0\xbe\xd0\xb9, \xd0\xba\xd0\xbe\xd0\xb3\xd0\xb4\xd0\xb0 NR \xd0\xb7\xd0\xb0\xd1\x80\xd0\xb0\xd0\xb1\xd0\xbe\xd1\x82\xd0\xb0\xd0\xb5\xd1\x82."},
    {"NR can't reach this game's DLSS",
     "NR \xd0\xbd\xd0\xb5 \xd0\xbc\xd0\xbe\xd0\xb6\xd0\xb5\xd1\x82 \xd0\xb4\xd0\xbe\xd0\xb1\xd1\x80\xd0\xb0\xd1\x82\xd1\x8c\xd1\x81\xd1\x8f \xd0\xb4\xd0\xbe DLSS \xd1\x8d\xd1\x82\xd0\xbe\xd0\xb9 \xd0\xb8\xd0\xb3\xd1\x80\xd1\x8b"},
    {"DLSS is running, but every call so far belonged to another DLSS feature or came through a path the addon cannot see.",
     "DLSS \xd1\x80\xd0\xb0\xd0\xb1\xd0\xbe\xd1\x82\xd0\xb0\xd0\xb5\xd1\x82, \xd0\xbd\xd0\xbe \xd0\xb2\xd1\x81\xd0\xb5 \xd0\xb2\xd1\x8b\xd0\xb7\xd0\xbe\xd0\xb2\xd1\x8b \xd0\xb4\xd0\xbe \xd1\x81\xd0\xb8\xd1\x85 \xd0\xbf\xd0\xbe\xd1\x80 \xd0\xbe\xd1\x82\xd0\xbd\xd0\xbe\xd1\x81\xd0\xb8\xd0\xbb\xd0\xb8\xd1\x81\xd1\x8c \xd0\xba \xd0\xb4\xd1\x80\xd1\x83\xd0\xb3\xd0\xbe\xd0\xb9 \xd1\x84\xd1\x83\xd0\xbd\xd0\xba\xd1\x86\xd0\xb8\xd0\xb8 DLSS \xd0\xb8\xd0\xbb\xd0\xb8 \xd1\x88\xd0\xbb\xd0\xb8 \xd0\xbf\xd1\x83\xd1\x82\xd1\x91\xd0\xbc, \xd0\xba\xd0\xbe\xd1\x82\xd0\xbe\xd1\x80\xd0\xbe\xd0\xb3\xd0\xbe \xd0\xb0\xd0\xb4\xd0\xb4\xd0\xbe\xd0\xbd \xd0\xbd\xd0\xb5 \xd0\xb2\xd0\xb8\xd0\xb4\xd0\xb8\xd1\x82."},
    {"If the game uses NVIDIA Streamline, set EnableHooks=1 in [RenoDX.DLSS5] in ReShade.ini and restart the game.",
     "\xd0\x95\xd1\x81\xd0\xbb\xd0\xb8 \xd0\xb8\xd0\xb3\xd1\x80\xd0\xb0 \xd0\xb8\xd1\x81\xd0\xbf\xd0\xbe\xd0\xbb\xd1\x8c\xd0\xb7\xd1\x83\xd0\xb5\xd1\x82 NVIDIA Streamline, \xd0\xb7\xd0\xb0\xd0\xb4\xd0\xb0\xd0\xb9\xd1\x82\xd0\xb5 EnableHooks=1 \xd0\xb2 [RenoDX.DLSS5] \xd0\xb2 ReShade.ini \xd0\xb8 \xd0\xbf\xd0\xb5\xd1\x80\xd0\xb5\xd0\xb7\xd0\xb0\xd0\xbf\xd1\x83\xd1\x81\xd1\x82\xd0\xb8\xd1\x82\xd0\xb5 \xd0\xb8\xd0\xb3\xd1\x80\xd1\x83."},
    {"NR could not attach safely",
     "NR \xd0\xbd\xd0\xb5 \xd1\x81\xd0\xbc\xd0\xbe\xd0\xb3 \xd0\xb1\xd0\xb5\xd0\xb7\xd0\xbe\xd0\xbf\xd0\xb0\xd1\x81\xd0\xbd\xd0\xbe \xd0\xbf\xd0\xbe\xd0\xb4\xd0\xba\xd0\xbb\xd1\x8e\xd1\x87\xd0\xb8\xd1\x82\xd1\x8c\xd1\x81\xd1\x8f"},
    {"The addon could not find the Direct3D 12 functions it needs to keep the game's state intact, so NR stays off rather than risk the image.",
     "\xd0\x90\xd0\xb4\xd0\xb4\xd0\xbe\xd0\xbd \xd0\xbd\xd0\xb5 \xd0\xbd\xd0\xb0\xd1\x88\xd1\x91\xd0\xbb \xd1\x84\xd1\x83\xd0\xbd\xd0\xba\xd1\x86\xd0\xb8\xd0\xb8 Direct3D 12, \xd0\xbd\xd1\x83\xd0\xb6\xd0\xbd\xd1\x8b\xd0\xb5 \xd0\xb4\xd0\xbb\xd1\x8f \xd1\x81\xd0\xbe\xd1\x85\xd1\x80\xd0\xb0\xd0\xbd\xd0\xb5\xd0\xbd\xd0\xb8\xd1\x8f \xd1\x81\xd0\xbe\xd1\x81\xd1\x82\xd0\xbe\xd1\x8f\xd0\xbd\xd0\xb8\xd1\x8f \xd0\xb8\xd0\xb3\xd1\x80\xd1\x8b, \xd0\xbf\xd0\xbe\xd1\x8d\xd1\x82\xd0\xbe\xd0\xbc\xd1\x83 NR \xd0\xbe\xd1\x81\xd1\x82\xd0\xb0\xd1\x91\xd1\x82\xd1\x81\xd1\x8f \xd0\xb2\xd1\x8b\xd0\xba\xd0\xbb\xd1\x8e\xd1\x87\xd0\xb5\xd0\xbd\xd0\xbd\xd1\x8b\xd0\xbc, \xd1\x87\xd1\x82\xd0\xbe\xd0\xb1\xd1\x8b \xd0\xbd\xd0\xb5 \xd1\x80\xd0\xb8\xd1\x81\xd0\xba\xd0\xbe\xd0\xb2\xd0\xb0\xd1\x82\xd1\x8c \xd0\xb8\xd0\xb7\xd0\xbe\xd0\xb1\xd1\x80\xd0\xb0\xd0\xb6\xd0\xb5\xd0\xbd\xd0\xb8\xd0\xb5\xd0\xbc."},
    {"Copy the support report under Diagnostics and share it with ReShade.log.",
     "\xd0\xa1\xd0\xba\xd0\xbe\xd0\xbf\xd0\xb8\xd1\x80\xd1\x83\xd0\xb9\xd1\x82\xd0\xb5 \xd0\xbe\xd1\x82\xd1\x87\xd1\x91\xd1\x82 \xd0\xb4\xd0\xbb\xd1\x8f \xd0\xbf\xd0\xbe\xd0\xb4\xd0\xb4\xd0\xb5\xd1\x80\xd0\xb6\xd0\xba\xd0\xb8 \xd0\xb2 \xd1\x80\xd0\xb0\xd0\xb7\xd0\xb4\xd0\xb5\xd0\xbb\xd0\xb5 \xc2\xab\xd0\x94\xd0\xb8\xd0\xb0\xd0\xb3\xd0\xbd\xd0\xbe\xd1\x81\xd1\x82\xd0\xb8\xd0\xba\xd0\xb0\xc2\xbb \xd0\xb8 \xd0\xbe\xd1\x82\xd0\xbf\xd1\x80\xd0\xb0\xd0\xb2\xd1\x8c\xd1\x82\xd0\xb5 \xd0\xb5\xd0\xb3\xd0\xbe \xd0\xb2\xd0\xbc\xd0\xb5\xd1\x81\xd1\x82\xd0\xb5 \xd1\x81 ReShade.log."},
    {"NR runtime did not start",
     "\xd0\xa1\xd1\x80\xd0\xb5\xd0\xb4\xd0\xb0 \xd0\xb2\xd1\x8b\xd0\xbf\xd0\xbe\xd0\xbb\xd0\xbd\xd0\xb5\xd0\xbd\xd0\xb8\xd1\x8f NR \xd0\xbd\xd0\xb5 \xd0\xb7\xd0\xb0\xd0\xbf\xd1\x83\xd1\x81\xd1\x82\xd0\xb8\xd0\xbb\xd0\xb0\xd1\x81\xd1\x8c"},
    {"DLSS is running, but NVIDIA's Neural Rendering runtime did not start on this system.",
     "DLSS \xd1\x80\xd0\xb0\xd0\xb1\xd0\xbe\xd1\x82\xd0\xb0\xd0\xb5\xd1\x82, \xd0\xbd\xd0\xbe \xd1\x81\xd1\x80\xd0\xb5\xd0\xb4\xd0\xb0 \xd0\xb2\xd1\x8b\xd0\xbf\xd0\xbe\xd0\xbb\xd0\xbd\xd0\xb5\xd0\xbd\xd0\xb8\xd1\x8f Neural Rendering \xd0\xbe\xd1\x82 NVIDIA \xd0\xbd\xd0\xb5 \xd0\xb7\xd0\xb0\xd0\xbf\xd1\x83\xd1\x81\xd1\x82\xd0\xb8\xd0\xbb\xd0\xb0\xd1\x81\xd1\x8c \xd0\xb2 \xd1\x8d\xd1\x82\xd0\xbe\xd0\xb9 \xd1\x81\xd0\xb8\xd1\x81\xd1\x82\xd0\xb5\xd0\xbc\xd0\xb5."},
    {"Diagnostics shows the runtime's last result; ReShade.log names the failing step.",
     "\xc2\xab\xd0\x94\xd0\xb8\xd0\xb0\xd0\xb3\xd0\xbd\xd0\xbe\xd1\x81\xd1\x82\xd0\xb8\xd0\xba\xd0\xb0\xc2\xbb \xd0\xbf\xd0\xbe\xd0\xba\xd0\xb0\xd0\xb7\xd1\x8b\xd0\xb2\xd0\xb0\xd0\xb5\xd1\x82 \xd0\xbf\xd0\xbe\xd1\x81\xd0\xbb\xd0\xb5\xd0\xb4\xd0\xbd\xd0\xb8\xd0\xb9 \xd1\x80\xd0\xb5\xd0\xb7\xd1\x83\xd0\xbb\xd1\x8c\xd1\x82\xd0\xb0\xd1\x82 \xd1\x81\xd1\x80\xd0\xb5\xd0\xb4\xd1\x8b \xd0\xb2\xd1\x8b\xd0\xbf\xd0\xbe\xd0\xbb\xd0\xbd\xd0\xb5\xd0\xbd\xd0\xb8\xd1\x8f; \xd0\xb2 ReShade.log \xd1\x83\xd0\xba\xd0\xb0\xd0\xb7\xd0\xb0\xd0\xbd \xd1\x88\xd0\xb0\xd0\xb3, \xd0\xbd\xd0\xb0 \xd0\xba\xd0\xbe\xd1\x82\xd0\xbe\xd1\x80\xd0\xbe\xd0\xbc \xd0\xbf\xd1\x80\xd0\xbe\xd0\xb8\xd0\xb7\xd0\xbe\xd1\x88\xd1\x91\xd0\xbb \xd1\x81\xd0\xb1\xd0\xbe\xd0\xb9."},
    {"NR is on but holding back",
     "NR \xd0\xb2\xd0\xba\xd0\xbb\xd1\x8e\xd1\x87\xd1\x91\xd0\xbd, \xd0\xbd\xd0\xbe \xd0\xb2\xd0\xbe\xd0\xb7\xd0\xb4\xd0\xb5\xd1\x80\xd0\xb6\xd0\xb8\xd0\xb2\xd0\xb0\xd0\xb5\xd1\x82\xd1\x81\xd1\x8f"},
    {"The game's GPU state could not be restored safely around NR, so every frame was skipped rather than risk the image. This usually clears by itself.",
     "\xd0\xa1\xd0\xbe\xd1\x81\xd1\x82\xd0\xbe\xd1\x8f\xd0\xbd\xd0\xb8\xd0\xb5 GPU \xd0\xb8\xd0\xb3\xd1\x80\xd1\x8b \xd0\xbd\xd0\xb5 \xd1\x83\xd0\xb4\xd0\xb0\xd0\xbb\xd0\xbe\xd1\x81\xd1\x8c \xd0\xb1\xd0\xb5\xd0\xb7\xd0\xbe\xd0\xbf\xd0\xb0\xd1\x81\xd0\xbd\xd0\xbe \xd0\xb2\xd0\xbe\xd1\x81\xd1\x81\xd1\x82\xd0\xb0\xd0\xbd\xd0\xbe\xd0\xb2\xd0\xb8\xd1\x82\xd1\x8c \xd0\xb2\xd0\xbe\xd0\xba\xd1\x80\xd1\x83\xd0\xb3 NR, \xd0\xbf\xd0\xbe\xd1\x8d\xd1\x82\xd0\xbe\xd0\xbc\xd1\x83 \xd0\xb2\xd1\x81\xd0\xb5 \xd0\xba\xd0\xb0\xd0\xb4\xd1\x80\xd1\x8b \xd0\xbf\xd1\x80\xd0\xbe\xd0\xbf\xd1\x83\xd1\x89\xd0\xb5\xd0\xbd\xd1\x8b, \xd1\x87\xd1\x82\xd0\xbe\xd0\xb1\xd1\x8b \xd0\xbd\xd0\xb5 \xd1\x80\xd0\xb8\xd1\x81\xd0\xba\xd0\xbe\xd0\xb2\xd0\xb0\xd1\x82\xd1\x8c \xd0\xb8\xd0\xb7\xd0\xbe\xd0\xb1\xd1\x80\xd0\xb0\xd0\xb6\xd0\xb5\xd0\xbd\xd0\xb8\xd0\xb5\xd0\xbc. \xd0\x9e\xd0\xb1\xd1\x8b\xd1\x87\xd0\xbd\xd0\xbe \xd1\x8d\xd1\x82\xd0\xbe \xd0\xbf\xd1\x80\xd0\xbe\xd1\x85\xd0\xbe\xd0\xb4\xd0\xb8\xd1\x82 \xd1\x81\xd0\xb0\xd0\xbc\xd0\xbe."},
    {"If it never clears, copy the support report under Diagnostics and share it with ReShade.log.",
     "\xd0\x95\xd1\x81\xd0\xbb\xd0\xb8 \xd1\x8d\xd1\x82\xd0\xbe \xd0\xbd\xd0\xb5 \xd0\xbf\xd1\x80\xd0\xbe\xd1\x85\xd0\xbe\xd0\xb4\xd0\xb8\xd1\x82, \xd1\x81\xd0\xba\xd0\xbe\xd0\xbf\xd0\xb8\xd1\x80\xd1\x83\xd0\xb9\xd1\x82\xd0\xb5 \xd0\xbe\xd1\x82\xd1\x87\xd1\x91\xd1\x82 \xd0\xb4\xd0\xbb\xd1\x8f \xd0\xbf\xd0\xbe\xd0\xb4\xd0\xb4\xd0\xb5\xd1\x80\xd0\xb6\xd0\xba\xd0\xb8 \xd0\xb2 \xd1\x80\xd0\xb0\xd0\xb7\xd0\xb4\xd0\xb5\xd0\xbb\xd0\xb5 \xc2\xab\xd0\x94\xd0\xb8\xd0\xb0\xd0\xb3\xd0\xbd\xd0\xbe\xd1\x81\xd1\x82\xd0\xb8\xd0\xba\xd0\xb0\xc2\xbb \xd0\xb8 \xd0\xbe\xd1\x82\xd0\xbf\xd1\x80\xd0\xb0\xd0\xb2\xd1\x8c\xd1\x82\xd0\xb5 \xd0\xb5\xd0\xb3\xd0\xbe \xd0\xb2\xd0\xbc\xd0\xb5\xd1\x81\xd1\x82\xd0\xb5 \xd1\x81 ReShade.log."},
    {"NR is on but has not run yet",
     "NR \xd0\xb2\xd0\xba\xd0\xbb\xd1\x8e\xd1\x87\xd1\x91\xd0\xbd, \xd0\xbd\xd0\xbe \xd0\xb5\xd1\x89\xd1\x91 \xd0\xbd\xd0\xb5 \xd1\x80\xd0\xb0\xd0\xb1\xd0\xbe\xd1\x82\xd0\xb0\xd0\xbb"},
    {"DLSS is running and NR is on, but NR has not run on a frame yet.",
     "DLSS \xd1\x80\xd0\xb0\xd0\xb1\xd0\xbe\xd1\x82\xd0\xb0\xd0\xb5\xd1\x82 \xd0\xb8 NR \xd0\xb2\xd0\xba\xd0\xbb\xd1\x8e\xd1\x87\xd1\x91\xd0\xbd, \xd0\xbd\xd0\xbe NR \xd0\xb5\xd1\x89\xd1\x91 \xd0\xbd\xd0\xb5 \xd0\xbe\xd0\xb1\xd1\x80\xd0\xb0\xd0\xb1\xd0\xbe\xd1\x82\xd0\xb0\xd0\xbb \xd0\xbd\xd0\xb8 \xd0\xbe\xd0\xb4\xd0\xbd\xd0\xbe\xd0\xb3\xd0\xbe \xd0\xba\xd0\xb0\xd0\xb4\xd1\x80\xd0\xb0."},
    {"Copy the support report under Diagnostics; ReShade.log's NR-VERDICT line names the stage and the reason.",
     "\xd0\xa1\xd0\xba\xd0\xbe\xd0\xbf\xd0\xb8\xd1\x80\xd1\x83\xd0\xb9\xd1\x82\xd0\xb5 \xd0\xbe\xd1\x82\xd1\x87\xd1\x91\xd1\x82 \xd0\xb4\xd0\xbb\xd1\x8f \xd0\xbf\xd0\xbe\xd0\xb4\xd0\xb4\xd0\xb5\xd1\x80\xd0\xb6\xd0\xba\xd0\xb8 \xd0\xb2 \xd1\x80\xd0\xb0\xd0\xb7\xd0\xb4\xd0\xb5\xd0\xbb\xd0\xb5 \xc2\xab\xd0\x94\xd0\xb8\xd0\xb0\xd0\xb3\xd0\xbd\xd0\xbe\xd1\x81\xd1\x82\xd0\xb8\xd0\xba\xd0\xb0\xc2\xbb; \xd1\x81\xd1\x82\xd1\x80\xd0\xbe\xd0\xba\xd0\xb0 NR-VERDICT \xd0\xb2 ReShade.log \xd0\xbd\xd0\xb0\xd0\xb7\xd1\x8b\xd0\xb2\xd0\xb0\xd0\xb5\xd1\x82 \xd1\x8d\xd1\x82\xd0\xb0\xd0\xbf \xd0\xb8 \xd0\xbf\xd1\x80\xd0\xb8\xd1\x87\xd0\xb8\xd0\xbd\xd1\x83."},
    {"Running through a third-party tool's Direct3D 12 DLSS.",
     "\xd0\xa0\xd0\xb0\xd0\xb1\xd0\xbe\xd1\x82\xd0\xb0\xd0\xb5\xd1\x82 \xd1\x87\xd0\xb5\xd1\x80\xd0\xb5\xd0\xb7 DLSS \xd0\xbd\xd0\xb0 Direct3D 12 \xd1\x81\xd1\x82\xd0\xbe\xd1\x80\xd0\xbe\xd0\xbd\xd0\xbd\xd0\xb5\xd0\xb3\xd0\xbe \xd0\xb8\xd0\xbd\xd1\x81\xd1\x82\xd1\x80\xd1\x83\xd0\xbc\xd0\xb5\xd0\xbd\xd1\x82\xd0\xb0."},
    {"Running through the Direct3D 11 bridge.",
     "\xd0\xa0\xd0\xb0\xd0\xb1\xd0\xbe\xd1\x82\xd0\xb0\xd0\xb5\xd1\x82 \xd1\x87\xd0\xb5\xd1\x80\xd0\xb5\xd0\xb7 \xd0\xbc\xd0\xbe\xd1\x81\xd1\x82 Direct3D 11."},
    {"Disabled by setting",
     "\xd0\x9e\xd1\x82\xd0\xba\xd0\xbb\xd1\x8e\xd1\x87\xd0\xb5\xd0\xbd\xd0\xbe \xd0\xbd\xd0\xb0\xd1\x81\xd1\x82\xd1\x80\xd0\xbe\xd0\xb9\xd0\xba\xd0\xbe\xd0\xb9"},
    {"EnableHooks=0 in [RenoDX.DLSS5] (ReShade.ini) turns every hook off. Set EnableHooks=2 to use Neural Rendering.",
     "EnableHooks=0 \xd0\xb2 [RenoDX.DLSS5] (ReShade.ini) \xd0\xbe\xd1\x82\xd0\xba\xd0\xbb\xd1\x8e\xd1\x87\xd0\xb0\xd0\xb5\xd1\x82 \xd0\xb2\xd1\x81\xd0\xb5 \xd1\x85\xd1\x83\xd0\xba\xd0\xb8. \xd0\x97\xd0\xb0\xd0\xb4\xd0\xb0\xd0\xb9\xd1\x82\xd0\xb5 EnableHooks=2, \xd1\x87\xd1\x82\xd0\xbe\xd0\xb1\xd1\x8b \xd0\xb8\xd1\x81\xd0\xbf\xd0\xbe\xd0\xbb\xd1\x8c\xd0\xb7\xd0\xbe\xd0\xb2\xd0\xb0\xd1\x82\xd1\x8c Neural Rendering."},
    {"DX11Source=off in [RenoDX.DLSS5] (ReShade.ini) keeps the addon inert in Direct3D 11 games. Remove the key to let Neural Rendering follow the game's DLSS again.",
     "DX11Source=off \xd0\xb2 [RenoDX.DLSS5] (ReShade.ini) \xd0\xbe\xd1\x81\xd1\x82\xd0\xb0\xd0\xb2\xd0\xbb\xd1\x8f\xd0\xb5\xd1\x82 \xd0\xb0\xd0\xb4\xd0\xb4\xd0\xbe\xd0\xbd \xd0\xbd\xd0\xb5\xd0\xb0\xd0\xba\xd1\x82\xd0\xb8\xd0\xb2\xd0\xbd\xd1\x8b\xd0\xbc \xd0\xb2 \xd0\xb8\xd0\xb3\xd1\x80\xd0\xb0\xd1\x85 \xd0\xbd\xd0\xb0 Direct3D 11. \xd0\xa3\xd0\xb4\xd0\xb0\xd0\xbb\xd0\xb8\xd1\x82\xd0\xb5 \xd1\x8d\xd1\x82\xd0\xbe\xd1\x82 \xd0\xba\xd0\xbb\xd1\x8e\xd1\x87, \xd1\x87\xd1\x82\xd0\xbe\xd0\xb1\xd1\x8b Neural Rendering \xd1\x81\xd0\xbd\xd0\xbe\xd0\xb2\xd0\xb0 \xd1\x81\xd0\xbb\xd0\xb5\xd0\xb4\xd0\xbe\xd0\xb2\xd0\xb0\xd0\xbb \xd0\xb7\xd0\xb0 DLSS \xd0\xb8\xd0\xb3\xd1\x80\xd1\x8b."},
    {"Another Neural Rendering mod is running",
     "\xd0\xa0\xd0\xb0\xd0\xb1\xd0\xbe\xd1\x82\xd0\xb0\xd0\xb5\xd1\x82 \xd0\xb4\xd1\x80\xd1\x83\xd0\xb3\xd0\xbe\xd0\xb9 \xd0\xbc\xd0\xbe\xd0\xb4 Neural Rendering"},
    {"Something else in this game already runs Neural Rendering, so this addon stands down instead of enhancing every frame twice.",
     "\xd0\x92 \xd1\x8d\xd1\x82\xd0\xbe\xd0\xb9 \xd0\xb8\xd0\xb3\xd1\x80\xd0\xb5 Neural Rendering \xd1\x83\xd0\xb6\xd0\xb5 \xd0\xb7\xd0\xb0\xd0\xbf\xd1\x83\xd1\x81\xd0\xba\xd0\xb0\xd0\xb5\xd1\x82 \xd1\x87\xd1\x82\xd0\xbe-\xd1\x82\xd0\xbe \xd0\xb4\xd1\x80\xd1\x83\xd0\xb3\xd0\xbe\xd0\xb5, \xd0\xbf\xd0\xbe\xd1\x8d\xd1\x82\xd0\xbe\xd0\xbc\xd1\x83 \xd1\x8d\xd1\x82\xd0\xbe\xd1\x82 \xd0\xb0\xd0\xb4\xd0\xb4\xd0\xbe\xd0\xbd \xd0\xbe\xd1\x82\xd1\x81\xd1\x82\xd1\x83\xd0\xbf\xd0\xb0\xd0\xb5\xd1\x82, \xd1\x87\xd1\x82\xd0\xbe\xd0\xb1\xd1\x8b \xd0\xbd\xd0\xb5 \xd1\x83\xd0\xbb\xd1\x83\xd1\x87\xd1\x88\xd0\xb0\xd1\x82\xd1\x8c \xd0\xba\xd0\xb0\xd0\xb6\xd0\xb4\xd1\x8b\xd0\xb9 \xd0\xba\xd0\xb0\xd0\xb4\xd1\x80 \xd0\xb4\xd0\xb2\xd0\xb0\xd0\xb6\xd0\xb4\xd1\x8b."},
    {"To use this addon instead, remove the other mod and restart the game.",
     "\xd0\xa7\xd1\x82\xd0\xbe\xd0\xb1\xd1\x8b \xd0\xb8\xd1\x81\xd0\xbf\xd0\xbe\xd0\xbb\xd1\x8c\xd0\xb7\xd0\xbe\xd0\xb2\xd0\xb0\xd1\x82\xd1\x8c \xd1\x8d\xd1\x82\xd0\xbe\xd1\x82 \xd0\xb0\xd0\xb4\xd0\xb4\xd0\xbe\xd0\xbd, \xd1\x83\xd0\xb4\xd0\xb0\xd0\xbb\xd0\xb8\xd1\x82\xd0\xb5 \xd0\xb4\xd1\x80\xd1\x83\xd0\xb3\xd0\xbe\xd0\xb9 \xd0\xbc\xd0\xbe\xd0\xb4 \xd0\xb8 \xd0\xbf\xd0\xb5\xd1\x80\xd0\xb5\xd0\xb7\xd0\xb0\xd0\xbf\xd1\x83\xd1\x81\xd1\x82\xd0\xb8\xd1\x82\xd0\xb5 \xd0\xb8\xd0\xb3\xd1\x80\xd1\x83."},
    {"To run both anyway, set ForeignNr=observe in [RenoDX.DLSS5] (ReShade.ini) and restart.",
     "\xd0\xa7\xd1\x82\xd0\xbe\xd0\xb1\xd1\x8b \xd0\xb2\xd1\x81\xd1\x91 \xd1\x80\xd0\xb0\xd0\xb2\xd0\xbd\xd0\xbe \xd0\xb7\xd0\xb0\xd0\xbf\xd1\x83\xd1\x81\xd1\x82\xd0\xb8\xd1\x82\xd1\x8c \xd0\xbe\xd0\xb1\xd0\xb0, \xd0\xb7\xd0\xb0\xd0\xb4\xd0\xb0\xd0\xb9\xd1\x82\xd0\xb5 ForeignNr=observe \xd0\xb2 [RenoDX.DLSS5] (ReShade.ini) \xd0\xb8 \xd0\xbf\xd0\xb5\xd1\x80\xd0\xb5\xd0\xb7\xd0\xb0\xd0\xbf\xd1\x83\xd1\x81\xd1\x82\xd0\xb8\xd1\x82\xd0\xb5."},
    {"Neural Rendering is off",
     "Neural Rendering \xd0\xb2\xd1\x8b\xd0\xba\xd0\xbb\xd1\x8e\xd1\x87\xd0\xb5\xd0\xbd"},
    {"Turned off in settings or by the toggle hotkey.",
     "\xd0\x92\xd1\x8b\xd0\xba\xd0\xbb\xd1\x8e\xd1\x87\xd0\xb5\xd0\xbd \xd0\xb2 \xd0\xbd\xd0\xb0\xd1\x81\xd1\x82\xd1\x80\xd0\xbe\xd0\xb9\xd0\xba\xd0\xb0\xd1\x85 \xd0\xb8\xd0\xbb\xd0\xb8 \xd0\xba\xd0\xbb\xd0\xb0\xd0\xb2\xd0\xb8\xd1\x88\xd0\xb5\xd0\xb9 \xd0\xbf\xd0\xb5\xd1\x80\xd0\xb5\xd0\xba\xd0\xbb\xd1\x8e\xd1\x87\xd0\xb5\xd0\xbd\xd0\xb8\xd1\x8f."},
    {"NR runtime not installed",
     "\xd0\xa1\xd1\x80\xd0\xb5\xd0\xb4\xd0\xb0 \xd0\xb2\xd1\x8b\xd0\xbf\xd0\xbe\xd0\xbb\xd0\xbd\xd0\xb5\xd0\xbd\xd0\xb8\xd1\x8f NR \xd0\xbd\xd0\xb5 \xd1\x83\xd1\x81\xd1\x82\xd0\xb0\xd0\xbd\xd0\xbe\xd0\xb2\xd0\xbb\xd0\xb5\xd0\xbd\xd0\xb0"},
    {"NVIDIA's signed nvngx_dlssnr.dll is not next to the addon or the game's executable.",
     "\xd0\x9f\xd0\xbe\xd0\xb4\xd0\xbf\xd0\xb8\xd1\x81\xd0\xb0\xd0\xbd\xd0\xbd\xd0\xbe\xd0\xb3\xd0\xbe NVIDIA \xd1\x84\xd0\xb0\xd0\xb9\xd0\xbb\xd0\xb0 nvngx_dlssnr.dll \xd0\xbd\xd0\xb5\xd1\x82 \xd1\x80\xd1\x8f\xd0\xb4\xd0\xbe\xd0\xbc \xd1\x81 \xd0\xb0\xd0\xb4\xd0\xb4\xd0\xbe\xd0\xbd\xd0\xbe\xd0\xbc \xd0\xb8\xd0\xbb\xd0\xb8 \xd0\xb8\xd1\x81\xd0\xbf\xd0\xbe\xd0\xbb\xd0\xbd\xd1\x8f\xd0\xb5\xd0\xbc\xd1\x8b\xd0\xbc \xd1\x84\xd0\xb0\xd0\xb9\xd0\xbb\xd0\xbe\xd0\xbc \xd0\xb8\xd0\xb3\xd1\x80\xd1\x8b."},
    {"Place nvngx_dlssnr.dll in the game's folder, next to the addon.",
     "\xd0\x9f\xd0\xbe\xd0\xbc\xd0\xb5\xd1\x81\xd1\x82\xd0\xb8\xd1\x82\xd0\xb5 nvngx_dlssnr.dll \xd0\xb2 \xd0\xbf\xd0\xb0\xd0\xbf\xd0\xba\xd1\x83 \xd0\xb8\xd0\xb3\xd1\x80\xd1\x8b, \xd1\x80\xd1\x8f\xd0\xb4\xd0\xbe\xd0\xbc \xd1\x81 \xd0\xb0\xd0\xb4\xd0\xb4\xd0\xbe\xd0\xbd\xd0\xbe\xd0\xbc."},
    {"NR runtime could not be used",
     "\xd0\x9d\xd0\xb5 \xd1\x83\xd0\xb4\xd0\xb0\xd0\xbb\xd0\xbe\xd1\x81\xd1\x8c \xd0\xb8\xd1\x81\xd0\xbf\xd0\xbe\xd0\xbb\xd1\x8c\xd0\xb7\xd0\xbe\xd0\xb2\xd0\xb0\xd1\x82\xd1\x8c \xd1\x81\xd1\x80\xd0\xb5\xd0\xb4\xd1\x83 \xd0\xb2\xd1\x8b\xd0\xbf\xd0\xbe\xd0\xbb\xd0\xbd\xd0\xb5\xd0\xbd\xd0\xb8\xd1\x8f NR"},
    {"nvngx_dlssnr.dll was found but could not be loaded.",
     "nvngx_dlssnr.dll \xd0\xbd\xd0\xb0\xd0\xb9\xd0\xb4\xd0\xb5\xd0\xbd, \xd0\xbd\xd0\xbe \xd0\xbd\xd0\xb5 \xd0\xb7\xd0\xb0\xd0\xb3\xd1\x80\xd1\x83\xd0\xb7\xd0\xb8\xd0\xbb\xd1\x81\xd1\x8f."},
    {"Replace it with an official NVIDIA build of nvngx_dlssnr.dll.",
     "\xd0\x97\xd0\xb0\xd0\xbc\xd0\xb5\xd0\xbd\xd0\xb8\xd1\x82\xd0\xb5 \xd0\xb5\xd0\xb3\xd0\xbe \xd0\xbe\xd1\x84\xd0\xb8\xd1\x86\xd0\xb8\xd0\xb0\xd0\xbb\xd1\x8c\xd0\xbd\xd0\xbe\xd0\xb9 \xd1\x81\xd0\xb1\xd0\xbe\xd1\x80\xd0\xba\xd0\xbe\xd0\xb9 nvngx_dlssnr.dll \xd0\xbe\xd1\x82 NVIDIA."},
    {"Update the NVIDIA driver, then restart the game.",
     "\xd0\x9e\xd0\xb1\xd0\xbd\xd0\xbe\xd0\xb2\xd0\xb8\xd1\x82\xd0\xb5 \xd0\xb4\xd1\x80\xd0\xb0\xd0\xb9\xd0\xb2\xd0\xb5\xd1\x80 NVIDIA, \xd0\xb7\xd0\xb0\xd1\x82\xd0\xb5\xd0\xbc \xd0\xbf\xd0\xb5\xd1\x80\xd0\xb5\xd0\xb7\xd0\xb0\xd0\xbf\xd1\x83\xd1\x81\xd1\x82\xd0\xb8\xd1\x82\xd0\xb5 \xd0\xb8\xd0\xb3\xd1\x80\xd1\x83."},
    {"ReShade.log names the failing step.",
     "\xd0\x92 ReShade.log \xd1\x83\xd0\xba\xd0\xb0\xd0\xb7\xd0\xb0\xd0\xbd \xd1\x88\xd0\xb0\xd0\xb3, \xd0\xbd\xd0\xb0 \xd0\xba\xd0\xbe\xd1\x82\xd0\xbe\xd1\x80\xd0\xbe\xd0\xbc \xd0\xbf\xd1\x80\xd0\xbe\xd0\xb8\xd0\xb7\xd0\xbe\xd1\x88\xd1\x91\xd0\xbb \xd1\x81\xd0\xb1\xd0\xbe\xd0\xb9."},
    {"NR is waiting for DLSS",
     "NR \xd0\xb6\xd0\xb4\xd1\x91\xd1\x82 DLSS"},
    {"It resumes by itself when the game runs DLSS again - normal after a resolution or quality change.",
     "\xd0\x9e\xd0\xbd \xd0\xb2\xd0\xbe\xd0\xb7\xd0\xbe\xd0\xb1\xd0\xbd\xd0\xbe\xd0\xb2\xd0\xb8\xd1\x82\xd1\x81\xd1\x8f \xd1\x81\xd0\xb0\xd0\xbc, \xd0\xba\xd0\xbe\xd0\xb3\xd0\xb4\xd0\xb0 \xd0\xb8\xd0\xb3\xd1\x80\xd0\xb0 \xd1\x81\xd0\xbd\xd0\xbe\xd0\xb2\xd0\xb0 \xd0\xb7\xd0\xb0\xd0\xbf\xd1\x83\xd1\x81\xd1\x82\xd0\xb8\xd1\x82 DLSS - \xd1\x8d\xd1\x82\xd0\xbe \xd0\xbd\xd0\xbe\xd1\x80\xd0\xbc\xd0\xb0\xd0\xbb\xd1\x8c\xd0\xbd\xd0\xbe \xd0\xbf\xd0\xbe\xd1\x81\xd0\xbb\xd0\xb5 \xd1\x81\xd0\xbc\xd0\xb5\xd0\xbd\xd1\x8b \xd1\x80\xd0\xb0\xd0\xb7\xd1\x80\xd0\xb5\xd1\x88\xd0\xb5\xd0\xbd\xd0\xb8\xd1\x8f \xd0\xb8\xd0\xbb\xd0\xb8 \xd0\xba\xd0\xb0\xd1\x87\xd0\xb5\xd1\x81\xd1\x82\xd0\xb2\xd0\xb0."},
    {"Neural Rendering is active",
     "Neural Rendering \xd0\xb0\xd0\xba\xd1\x82\xd0\xb8\xd0\xb2\xd0\xb5\xd0\xbd"},
    {"Enhancing the game's DLSS input before upscaling",
     "\xd0\xa3\xd0\xbb\xd1\x83\xd1\x87\xd1\x88\xd0\xb0\xd0\xb5\xd1\x82 \xd0\xb2\xd1\x85\xd0\xbe\xd0\xb4 DLSS \xd0\xb8\xd0\xb3\xd1\x80\xd1\x8b \xd0\xb4\xd0\xbe \xd0\xb0\xd0\xbf\xd1\x81\xd0\xba\xd0\xb5\xd0\xb9\xd0\xbb\xd0\xb0"},
    {"Replacing the game's DLSS output",
     "\xd0\x97\xd0\xb0\xd0\xbc\xd0\xb5\xd0\xbd\xd1\x8f\xd0\xb5\xd1\x82 \xd0\xb2\xd1\x8b\xd0\xb2\xd0\xbe\xd0\xb4 DLSS \xd0\xb8\xd0\xb3\xd1\x80\xd1\x8b"},
    {"Neural Rendering is partly active",
     "Neural Rendering \xd0\xb0\xd0\xba\xd1\x82\xd0\xb8\xd0\xb2\xd0\xb5\xd0\xbd \xd1\x87\xd0\xb0\xd1\x81\xd1\x82\xd0\xb8\xd1\x87\xd0\xbd\xd0\xbe"},
    {"Open Diagnostics: 'Skipped because' names why the other frames were skipped.",
     "\xd0\x9e\xd1\x82\xd0\xba\xd1\x80\xd0\xbe\xd0\xb9\xd1\x82\xd0\xb5 \xc2\xab\xd0\x94\xd0\xb8\xd0\xb0\xd0\xb3\xd0\xbd\xd0\xbe\xd1\x81\xd1\x82\xd0\xb8\xd0\xba\xd0\xb0\xc2\xbb: '\xd0\x9f\xd1\x80\xd0\xbe\xd0\xbf\xd1\x83\xd1\x89\xd0\xb5\xd0\xbd\xd0\xbe, \xd0\xbf\xd0\xbe\xd1\x82\xd0\xbe\xd0\xbc\xd1\x83 \xd1\x87\xd1\x82\xd0\xbe' \xd0\xbf\xd0\xbe\xd0\xba\xd0\xb0\xd0\xb7\xd1\x8b\xd0\xb2\xd0\xb0\xd0\xb5\xd1\x82, \xd0\xbf\xd0\xbe\xd1\x87\xd0\xb5\xd0\xbc\xd1\x83 \xd0\xbe\xd1\x81\xd1\x82\xd0\xb0\xd0\xbb\xd1\x8c\xd0\xbd\xd1\x8b\xd0\xb5 \xd0\xba\xd0\xb0\xd0\xb4\xd1\x80\xd1\x8b \xd0\xbf\xd1\x80\xd0\xbe\xd0\xbf\xd1\x83\xd1\x89\xd0\xb5\xd0\xbd\xd1\x8b."},
    {"DLSS on an API NR does not serve",
     "DLSS \xd0\xbd\xd0\xb0 API, \xd0\xba\xd0\xbe\xd1\x82\xd0\xbe\xd1\x80\xd1\x8b\xd0\xb9 NR \xd0\xbd\xd0\xb5 \xd0\xbe\xd0\xb1\xd1\x81\xd0\xbb\xd1\x83\xd0\xb6\xd0\xb8\xd0\xb2\xd0\xb0\xd0\xb5\xd1\x82"},
    {"This game runs DLSS without presenting through Direct3D 12 or Direct3D 11, the two APIs Neural Rendering serves. The addon is loaded and safe; nothing is wrong.",
     "\xd0\xad\xd1\x82\xd0\xb0 \xd0\xb8\xd0\xb3\xd1\x80\xd0\xb0 \xd0\xb7\xd0\xb0\xd0\xbf\xd1\x83\xd1\x81\xd0\xba\xd0\xb0\xd0\xb5\xd1\x82 DLSS, \xd0\xbd\xd0\xb5 \xd0\xb2\xd1\x8b\xd0\xb2\xd0\xbe\xd0\xb4\xd1\x8f \xd0\xb8\xd0\xb7\xd0\xbe\xd0\xb1\xd1\x80\xd0\xb0\xd0\xb6\xd0\xb5\xd0\xbd\xd0\xb8\xd0\xb5 \xd1\x87\xd0\xb5\xd1\x80\xd0\xb5\xd0\xb7 Direct3D 12 \xd0\xb8\xd0\xbb\xd0\xb8 Direct3D 11 - \xd0\xb4\xd0\xb2\xd0\xb0 API, \xd0\xba\xd0\xbe\xd1\x82\xd0\xbe\xd1\x80\xd1\x8b\xd0\xb5 \xd0\xbe\xd0\xb1\xd1\x81\xd0\xbb\xd1\x83\xd0\xb6\xd0\xb8\xd0\xb2\xd0\xb0\xd0\xb5\xd1\x82 Neural Rendering. \xd0\x90\xd0\xb4\xd0\xb4\xd0\xbe\xd0\xbd \xd0\xb7\xd0\xb0\xd0\xb3\xd1\x80\xd1\x83\xd0\xb6\xd0\xb5\xd0\xbd \xd0\xb8 \xd0\xb1\xd0\xb5\xd0\xb7\xd0\xbe\xd0\xbf\xd0\xb0\xd1\x81\xd0\xb5\xd0\xbd; \xd0\xb2\xd1\x81\xd1\x91 \xd0\xb2 \xd0\xbf\xd0\xbe\xd1\x80\xd1\x8f\xd0\xb4\xd0\xba\xd0\xb5."},
    {"NR is idle - only Frame Generation is on",
     "NR \xd0\xbf\xd1\x80\xd0\xbe\xd1\x81\xd1\x82\xd0\xb0\xd0\xb8\xd0\xb2\xd0\xb0\xd0\xb5\xd1\x82 - \xd0\xb2\xd0\xba\xd0\xbb\xd1\x8e\xd1\x87\xd1\x91\xd0\xbd \xd1\x82\xd0\xbe\xd0\xbb\xd1\x8c\xd0\xba\xd0\xbe Frame Generation"},
    {"Frame Generation is a different DLSS feature. Neural Rendering improves DLSS upscaling.",
     "Frame Generation - \xd1\x8d\xd1\x82\xd0\xbe \xd0\xb4\xd1\x80\xd1\x83\xd0\xb3\xd0\xb0\xd1\x8f \xd1\x84\xd1\x83\xd0\xbd\xd0\xba\xd1\x86\xd0\xb8\xd1\x8f DLSS. Neural Rendering \xd1\x83\xd0\xbb\xd1\x83\xd1\x87\xd1\x88\xd0\xb0\xd0\xb5\xd1\x82 \xd0\xb0\xd0\xbf\xd1\x81\xd0\xba\xd0\xb5\xd0\xb9\xd0\xbb DLSS."},
    {"Turn on DLSS or DLAA upscaling in the game's graphics settings, not only Frame Generation.",
     "\xd0\x92\xd0\xba\xd0\xbb\xd1\x8e\xd1\x87\xd0\xb8\xd1\x82\xd0\xb5 \xd0\xb0\xd0\xbf\xd1\x81\xd0\xba\xd0\xb5\xd0\xb9\xd0\xbb DLSS \xd0\xb8\xd0\xbb\xd0\xb8 DLAA \xd0\xb2 \xd0\xb3\xd1\x80\xd0\xb0\xd1\x84\xd0\xb8\xd1\x87\xd0\xb5\xd1\x81\xd0\xba\xd0\xb8\xd1\x85 \xd0\xbd\xd0\xb0\xd1\x81\xd1\x82\xd1\x80\xd0\xbe\xd0\xb9\xd0\xba\xd0\xb0\xd1\x85 \xd0\xb8\xd0\xb3\xd1\x80\xd1\x8b, \xd0\xb0 \xd0\xbd\xd0\xb5 \xd1\x82\xd0\xbe\xd0\xbb\xd1\x8c\xd0\xba\xd0\xbe Frame Generation."},
    {"This card turns green when it works.",
     "\xd0\x9a\xd0\xb0\xd1\x80\xd1\x82\xd0\xbe\xd1\x87\xd0\xba\xd0\xb0 \xd1\x81\xd1\x82\xd0\xb0\xd0\xbd\xd0\xb5\xd1\x82 \xd0\xb7\xd0\xb5\xd0\xbb\xd1\x91\xd0\xbd\xd0\xbe\xd0\xb9, \xd0\xba\xd0\xbe\xd0\xb3\xd0\xb4\xd0\xb0 \xd0\xb2\xd1\x81\xd1\x91 \xd0\xb7\xd0\xb0\xd1\x80\xd0\xb0\xd0\xb1\xd0\xbe\xd1\x82\xd0\xb0\xd0\xb5\xd1\x82."},
    {"NR is idle - DLSS upscaling is off",
     "NR \xd0\xbf\xd1\x80\xd0\xbe\xd1\x81\xd1\x82\xd0\xb0\xd0\xb8\xd0\xb2\xd0\xb0\xd0\xb5\xd1\x82 - \xd0\xb0\xd0\xbf\xd1\x81\xd0\xba\xd0\xb5\xd0\xb9\xd0\xbb DLSS \xd0\xb2\xd1\x8b\xd0\xba\xd0\xbb\xd1\x8e\xd1\x87\xd0\xb5\xd0\xbd"},
    {"Neural Rendering improves DLSS, so it needs DLSS on.",
     "Neural Rendering \xd1\x83\xd0\xbb\xd1\x83\xd1\x87\xd1\x88\xd0\xb0\xd0\xb5\xd1\x82 DLSS, \xd0\xbf\xd0\xbe\xd1\x8d\xd1\x82\xd0\xbe\xd0\xbc\xd1\x83 DLSS \xd0\xb4\xd0\xbe\xd0\xbb\xd0\xb6\xd0\xb5\xd0\xbd \xd0\xb1\xd1\x8b\xd1\x82\xd1\x8c \xd0\xb2\xd0\xba\xd0\xbb\xd1\x8e\xd1\x87\xd1\x91\xd0\xbd."},
    {"Open the game's graphics settings.",
     "\xd0\x9e\xd1\x82\xd0\xba\xd1\x80\xd0\xbe\xd0\xb9\xd1\x82\xd0\xb5 \xd0\xb3\xd1\x80\xd0\xb0\xd1\x84\xd0\xb8\xd1\x87\xd0\xb5\xd1\x81\xd0\xba\xd0\xb8\xd0\xb5 \xd0\xbd\xd0\xb0\xd1\x81\xd1\x82\xd1\x80\xd0\xbe\xd0\xb9\xd0\xba\xd0\xb8 \xd0\xb8\xd0\xb3\xd1\x80\xd1\x8b."},
    {"Set DLSS or DLAA to any quality mode.",
     "\xd0\x92\xd1\x8b\xd0\xb1\xd0\xb5\xd1\x80\xd0\xb8\xd1\x82\xd0\xb5 \xd0\xb4\xd0\xbb\xd1\x8f DLSS \xd0\xb8\xd0\xbb\xd0\xb8 DLAA \xd0\xbb\xd1\x8e\xd0\xb1\xd0\xbe\xd0\xb9 \xd1\x80\xd0\xb5\xd0\xb6\xd0\xb8\xd0\xbc \xd0\xba\xd0\xb0\xd1\x87\xd0\xb5\xd1\x81\xd1\x82\xd0\xb2\xd0\xb0."},
    {"NR needs the Streamline setting",
     "NR \xd0\xbd\xd1\x83\xd0\xb6\xd0\xbd\xd0\xb0 \xd0\xbd\xd0\xb0\xd1\x81\xd1\x82\xd1\x80\xd0\xbe\xd0\xb9\xd0\xba\xd0\xb0 \xd0\xb4\xd0\xbb\xd1\x8f Streamline"},
    {"This game hands DLSS its inputs through NVIDIA Streamline, which the default hook mode cannot read.",
     "\xd0\xad\xd1\x82\xd0\xb0 \xd0\xb8\xd0\xb3\xd1\x80\xd0\xb0 \xd0\xbf\xd0\xb5\xd1\x80\xd0\xb5\xd0\xb4\xd0\xb0\xd1\x91\xd1\x82 \xd0\xb2\xd1\x85\xd0\xbe\xd0\xb4\xd0\xbd\xd1\x8b\xd0\xb5 \xd0\xb4\xd0\xb0\xd0\xbd\xd0\xbd\xd1\x8b\xd0\xb5 DLSS \xd1\x87\xd0\xb5\xd1\x80\xd0\xb5\xd0\xb7 NVIDIA Streamline, \xd0\xba\xd0\xbe\xd1\x82\xd0\xbe\xd1\x80\xd1\x8b\xd0\xb5 \xd1\x80\xd0\xb5\xd0\xb6\xd0\xb8\xd0\xbc \xd1\x85\xd1\x83\xd0\xba\xd0\xbe\xd0\xb2 \xd0\xbf\xd0\xbe \xd1\x83\xd0\xbc\xd0\xbe\xd0\xbb\xd1\x87\xd0\xb0\xd0\xbd\xd0\xb8\xd1\x8e \xd0\xbd\xd0\xb5 \xd0\xbc\xd0\xbe\xd0\xb6\xd0\xb5\xd1\x82 \xd0\xbf\xd1\x80\xd0\xbe\xd1\x87\xd0\xb8\xd1\x82\xd0\xb0\xd1\x82\xd1\x8c."},
    {"This game runs DLSS entirely through NVIDIA Streamline, which the default hook mode cannot see.",
     "\xd0\xad\xd1\x82\xd0\xb0 \xd0\xb8\xd0\xb3\xd1\x80\xd0\xb0 \xd0\xb7\xd0\xb0\xd0\xbf\xd1\x83\xd1\x81\xd0\xba\xd0\xb0\xd0\xb5\xd1\x82 DLSS \xd1\x86\xd0\xb5\xd0\xbb\xd0\xb8\xd0\xba\xd0\xbe\xd0\xbc \xd1\x87\xd0\xb5\xd1\x80\xd0\xb5\xd0\xb7 NVIDIA Streamline, \xd0\xba\xd0\xbe\xd1\x82\xd0\xbe\xd1\x80\xd1\x8b\xd0\xb9 \xd1\x80\xd0\xb5\xd0\xb6\xd0\xb8\xd0\xbc \xd1\x85\xd1\x83\xd0\xba\xd0\xbe\xd0\xb2 \xd0\xbf\xd0\xbe \xd1\x83\xd0\xbc\xd0\xbe\xd0\xbb\xd1\x87\xd0\xb0\xd0\xbd\xd0\xb8\xd1\x8e \xd0\xbd\xd0\xb5 \xd0\xb2\xd0\xb8\xd0\xb4\xd0\xb8\xd1\x82."},
    {"Set EnableHooks=1 in the [RenoDX.DLSS5] section of ReShade.ini.",
     "\xd0\x97\xd0\xb0\xd0\xb4\xd0\xb0\xd0\xb9\xd1\x82\xd0\xb5 EnableHooks=1 \xd0\xb2 \xd1\x80\xd0\xb0\xd0\xb7\xd0\xb4\xd0\xb5\xd0\xbb\xd0\xb5 [RenoDX.DLSS5] \xd1\x84\xd0\xb0\xd0\xb9\xd0\xbb\xd0\xb0 ReShade.ini."},
    {"Starting...",
     "\xd0\x97\xd0\xb0\xd0\xbf\xd1\x83\xd1\x81\xd0\xba..."},
    {"Waiting for the game to run DLSS.",
     "\xd0\x9e\xd0\xb6\xd0\xb8\xd0\xb4\xd0\xb0\xd0\xbd\xd0\xb8\xd0\xb5 \xd0\xb7\xd0\xb0\xd0\xbf\xd1\x83\xd1\x81\xd0\xba\xd0\xb0 DLSS \xd0\xb2 \xd0\xb8\xd0\xb3\xd1\x80\xd0\xb5."},
    {"DLSS is running; Neural Rendering is getting ready.",
     "DLSS \xd1\x80\xd0\xb0\xd0\xb1\xd0\xbe\xd1\x82\xd0\xb0\xd0\xb5\xd1\x82; Neural Rendering \xd0\xb3\xd0\xbe\xd1\x82\xd0\xbe\xd0\xb2\xd0\xb8\xd1\x82\xd1\x81\xd1\x8f."},
    {"This game isn't using DLSS",
     "\xd0\xad\xd1\x82\xd0\xb0 \xd0\xb8\xd0\xb3\xd1\x80\xd0\xb0 \xd0\xbd\xd0\xb5 \xd0\xb8\xd1\x81\xd0\xbf\xd0\xbe\xd0\xbb\xd1\x8c\xd0\xb7\xd1\x83\xd0\xb5\xd1\x82 DLSS"},
    {"No NVIDIA DLSS module has loaded, so Neural Rendering stays idle. Nothing is broken.",
     "\xd0\x9d\xd0\xb8 \xd0\xbe\xd0\xb4\xd0\xb8\xd0\xbd \xd0\xbc\xd0\xbe\xd0\xb4\xd1\x83\xd0\xbb\xd1\x8c NVIDIA DLSS \xd0\xbd\xd0\xb5 \xd0\xb7\xd0\xb0\xd0\xb3\xd1\x80\xd1\x83\xd0\xb6\xd0\xb5\xd0\xbd, \xd0\xbf\xd0\xbe\xd1\x8d\xd1\x82\xd0\xbe\xd0\xbc\xd1\x83 Neural Rendering \xd0\xbf\xd1\x80\xd0\xbe\xd1\x81\xd1\x82\xd0\xb0\xd0\xb8\xd0\xb2\xd0\xb0\xd0\xb5\xd1\x82. \xd0\x9d\xd0\xb8\xd1\x87\xd0\xb5\xd0\xb3\xd0\xbe \xd0\xbd\xd0\xb5 \xd1\x81\xd0\xbb\xd0\xbe\xd0\xbc\xd0\xb0\xd0\xbd\xd0\xbe."},
    {"%s%s%llu frames enhanced this session",
     "%s%s\xd0\x9a\xd0\xb0\xd0\xb4\xd1\x80\xd0\xbe\xd0\xb2 \xd1\x83\xd0\xbb\xd1\x83\xd1\x87\xd1\x88\xd0\xb5\xd0\xbd\xd0\xbe \xd0\xb7\xd0\xb0 \xd1\x81\xd0\xb5\xd1\x81\xd1\x81\xd0\xb8\xd1\x8e: %llu"},
    {"%s%sEnhancing %llu of %llu frames",
     "%s%s\xd0\xa3\xd0\xbb\xd1\x83\xd1\x87\xd1\x88\xd0\xb0\xd0\xb5\xd1\x82\xd1\x81\xd1\x8f %llu \xd0\xb8\xd0\xb7 %llu \xd0\xba\xd0\xb0\xd0\xb4\xd1\x80\xd0\xbe\xd0\xb2"},
    {"Turn on",
     "\xd0\x92\xd0\xba\xd0\xbb\xd1\x8e\xd1\x87\xd0\xb8\xd1\x82\xd1\x8c"},
    {"Open Diagnostics",
     "\xd0\x9e\xd1\x82\xd0\xba\xd1\x80\xd1\x8b\xd1\x82\xd1\x8c \xd0\xb4\xd0\xb8\xd0\xb0\xd0\xb3\xd0\xbd\xd0\xbe\xd1\x81\xd1\x82\xd0\xb8\xd0\xba\xd1\x83"},
    {"Got it",
     "\xd0\x9f\xd0\xbe\xd0\xbd\xd1\x8f\xd1\x82\xd0\xbd\xd0\xbe"},
    {"Reset to default (%s)",
     "\xd0\xa1\xd0\xb1\xd1\x80\xd0\xbe\xd1\x81\xd0\xb8\xd1\x82\xd1\x8c \xd0\xbf\xd0\xbe \xd1\x83\xd0\xbc\xd0\xbe\xd0\xbb\xd1\x87\xd0\xb0\xd0\xbd\xd0\xb8\xd1\x8e (%s)"},
    {"Custom",
     "\xd0\xa1\xd0\xb2\xd0\xbe\xd1\x91"},
    {"on",
     "\xd0\xb2\xd0\xba\xd0\xbb"},
    {"off",
     "\xd0\xb2\xd1\x8b\xd0\xba\xd0\xbb"},
    {"Default",
     "\xd0\x9f\xd0\xbe \xd1\x83\xd0\xbc\xd0\xbe\xd0\xbb\xd1\x87\xd0\xb0\xd0\xbd\xd0\xb8\xd1\x8e"},
    {"Natural",
     "\xd0\x95\xd1\x81\xd1\x82\xd0\xb5\xd1\x81\xd1\x82\xd0\xb2\xd0\xb5\xd0\xbd\xd0\xbd\xd1\x8b\xd0\xb9"},
    {"Cinematic",
     "\xd0\x9a\xd0\xb8\xd0\xbd\xd0\xb5\xd0\xbc\xd0\xb0\xd1\x82\xd0\xbe\xd0\xb3\xd1\x80\xd0\xb0\xd1\x84."},
    {"Style",
     "\xd0\xa1\xd1\x82\xd0\xb8\xd0\xbb\xd1\x8c"},
    {"Default = the runtime's own choice; Natural and Cinematic force that look explicitly.",
     "\xc2\xab\xd0\x9f\xd0\xbe \xd1\x83\xd0\xbc\xd0\xbe\xd0\xbb\xd1\x87\xd0\xb0\xd0\xbd\xd0\xb8\xd1\x8e\xc2\xbb - \xd0\xb2\xd1\x8b\xd0\xb1\xd0\xbe\xd1\x80 \xd1\x81\xd0\xb0\xd0\xbc\xd0\xbe\xd0\xb9 \xd1\x81\xd1\x80\xd0\xb5\xd0\xb4\xd1\x8b \xd0\xb2\xd1\x8b\xd0\xbf\xd0\xbe\xd0\xbb\xd0\xbd\xd0\xb5\xd0\xbd\xd0\xb8\xd1\x8f; \xc2\xab\xd0\x95\xd1\x81\xd1\x82\xd0\xb5\xd1\x81\xd1\x82\xd0\xb2\xd0\xb5\xd0\xbd\xd0\xbd\xd1\x8b\xd0\xb9\xc2\xbb \xd0\xb8 \xc2\xab\xd0\x9a\xd0\xb8\xd0\xbd\xd0\xb5\xd0\xbc\xd0\xb0\xd1\x82\xd0\xbe\xd0\xb3\xd1\x80\xd0\xb0\xd1\x84.\xc2\xbb \xd0\xbf\xd1\x80\xd0\xb8\xd0\xbd\xd1\x83\xd0\xb4\xd0\xb8\xd1\x82\xd0\xb5\xd0\xbb\xd1\x8c\xd0\xbd\xd0\xbe \xd0\xb7\xd0\xb0\xd0\xb4\xd0\xb0\xd1\x8e\xd1\x82 \xd1\x8d\xd1\x82\xd0\xbe\xd1\x82 \xd0\xb2\xd0\xb8\xd0\xb4."},
    {"Local tone",
     "\xd0\x9b\xd0\xbe\xd0\xba\xd0\xb0\xd0\xbb\xd1\x8c\xd0\xbd\xd1\x8b\xd0\xb9 \xd1\x82\xd0\xbe\xd0\xbd"},
    {"Tone strength of the neural pass region by region.",
     "\xd0\xa1\xd0\xb8\xd0\xbb\xd0\xb0 \xd1\x82\xd0\xbe\xd0\xbd\xd0\xb0 \xd0\xbd\xd0\xb5\xd0\xb9\xd1\x80\xd0\xbe\xd0\xbd\xd0\xbd\xd0\xbe\xd0\xb3\xd0\xbe \xd0\xbf\xd1\x80\xd0\xbe\xd1\x85\xd0\xbe\xd0\xb4\xd0\xb0 \xd0\xbf\xd0\xbe \xd0\xbe\xd0\xb1\xd0\xbb\xd0\xb0\xd1\x81\xd1\x82\xd1\x8f\xd0\xbc."},
    {"Structure",
     "\xd0\xa1\xd1\x82\xd1\x80\xd1\x83\xd0\xba\xd1\x82\xd1\x83\xd1\x80\xd0\xb0"},
    {"Strength of the neural pass on fine structure and detail.  It changes what the model makes and restarts it; Fine detail below reshapes what it made, live.",
     "\xd0\xa1\xd0\xb8\xd0\xbb\xd0\xb0 \xd0\xbd\xd0\xb5\xd0\xb9\xd1\x80\xd0\xbe\xd0\xbd\xd0\xbd\xd0\xbe\xd0\xb3\xd0\xbe \xd0\xbf\xd1\x80\xd0\xbe\xd1\x85\xd0\xbe\xd0\xb4\xd0\xb0 \xd0\xbd\xd0\xb0 \xd0\xbc\xd0\xb5\xd0\xbb\xd0\xba\xd0\xbe\xd0\xb9 \xd1\x81\xd1\x82\xd1\x80\xd1\x83\xd0\xba\xd1\x82\xd1\x83\xd1\x80\xd0\xb5 \xd0\xb8 \xd0\xb4\xd0\xb5\xd1\x82\xd0\xb0\xd0\xbb\xd1\x8f\xd1\x85. \xd0\x9c\xd0\xb5\xd0\xbd\xd1\x8f\xd0\xb5\xd1\x82 \xd1\x82\xd0\xbe, \xd1\x87\xd1\x82\xd0\xbe \xd1\x81\xd0\xbe\xd0\xb7\xd0\xb4\xd0\xb0\xd1\x91\xd1\x82 \xd0\xbc\xd0\xbe\xd0\xb4\xd0\xb5\xd0\xbb\xd1\x8c, \xd0\xb8 \xd0\xbf\xd0\xb5\xd1\x80\xd0\xb5\xd0\xb7\xd0\xb0\xd0\xbf\xd1\x83\xd1\x81\xd0\xba\xd0\xb0\xd0\xb5\xd1\x82 \xd0\xb5\xd1\x91; \xc2\xab\xd0\x9c\xd0\xb5\xd0\xbb\xd0\xba\xd0\xb8\xd0\xb5 \xd0\xb4\xd0\xb5\xd1\x82\xd0\xb0\xd0\xbb\xd0\xb8\xc2\xbb \xd0\xbd\xd0\xb8\xd0\xb6\xd0\xb5 \xd1\x81\xd1\x80\xd0\xb0\xd0\xb7\xd1\x83 \xd0\xbc\xd0\xb5\xd0\xbd\xd1\x8f\xd1\x8e\xd1\x82 \xd1\x83\xd0\xb6\xd0\xb5 \xd1\x81\xd0\xbe\xd0\xb7\xd0\xb4\xd0\xb0\xd0\xbd\xd0\xbd\xd0\xbe\xd0\xb5."},
    {"sent as 1.00: higher values are ignored",
     "\xd0\xbe\xd1\x82\xd0\xbf\xd1\x80\xd0\xb0\xd0\xb2\xd0\xbb\xd1\x8f\xd0\xb5\xd1\x82\xd1\x81\xd1\x8f \xd0\xba\xd0\xb0\xd0\xba 1.00: \xd0\xb7\xd0\xbd\xd0\xb0\xd1\x87\xd0\xb5\xd0\xbd\xd0\xb8\xd1\x8f \xd0\xb2\xd1\x8b\xd1\x88\xd0\xb5 \xd0\xb8\xd0\xb3\xd0\xbd\xd0\xbe\xd1\x80\xd0\xb8\xd1\x80\xd1\x83\xd1\x8e\xd1\x82\xd1\x81\xd1\x8f"},
    {"Character / skin",
     "\xd0\x9f\xd0\xb5\xd1\x80\xd1\x81\xd0\xbe\xd0\xbd\xd0\xb0\xd0\xb6\xd0\xb8 / \xd0\xba\xd0\xbe\xd0\xb6\xd0\xb0"},
    {"How much the model reworks the skin of the people the Character mask finds: 0 is the least, 1 is stock.  Rough skin gains texture, smooth skin is evened out.",
     "\xd0\x9d\xd0\xb0\xd1\x81\xd0\xba\xd0\xbe\xd0\xbb\xd1\x8c\xd0\xba\xd0\xbe \xd1\x81\xd0\xb8\xd0\xbb\xd1\x8c\xd0\xbd\xd0\xbe \xd0\xbc\xd0\xbe\xd0\xb4\xd0\xb5\xd0\xbb\xd1\x8c \xd0\xbf\xd0\xb5\xd1\x80\xd0\xb5\xd1\x80\xd0\xb0\xd0\xb1\xd0\xb0\xd1\x82\xd1\x8b\xd0\xb2\xd0\xb0\xd0\xb5\xd1\x82 \xd0\xba\xd0\xbe\xd0\xb6\xd1\x83 \xd0\xbb\xd1\x8e\xd0\xb4\xd0\xb5\xd0\xb9, \xd0\xbd\xd0\xb0\xd0\xb9\xd0\xb4\xd0\xb5\xd0\xbd\xd0\xbd\xd1\x8b\xd1\x85 \xc2\xab\xd0\x9c\xd0\xb0\xd1\x81\xd0\xba\xd0\xbe\xd0\xb9 \xd0\xbf\xd0\xb5\xd1\x80\xd1\x81\xd0\xbe\xd0\xbd\xd0\xb0\xd0\xb6\xd0\xb5\xd0\xb9\xc2\xbb: 0 = \xd0\xbc\xd0\xb8\xd0\xbd\xd0\xb8\xd0\xbc\xd1\x83\xd0\xbc, 1 = \xd0\xbf\xd0\xbe \xd1\x83\xd0\xbc\xd0\xbe\xd0\xbb\xd1\x87\xd0\xb0\xd0\xbd\xd0\xb8\xd1\x8e. \xd0\x93\xd1\x80\xd1\x83\xd0\xb1\xd0\xb0\xd1\x8f \xd0\xba\xd0\xbe\xd0\xb6\xd0\xb0 \xd0\xbf\xd0\xbe\xd0\xbb\xd1\x83\xd1\x87\xd0\xb0\xd0\xb5\xd1\x82 \xd1\x84\xd0\xb0\xd0\xba\xd1\x82\xd1\x83\xd1\x80\xd1\x83, \xd0\xb3\xd0\xbb\xd0\xb0\xd0\xb4\xd0\xba\xd0\xb0\xd1\x8f \xd0\xb2\xd1\x8b\xd1\x80\xd0\xb0\xd0\xb2\xd0\xbd\xd0\xb8\xd0\xb2\xd0\xb0\xd0\xb5\xd1\x82\xd1\x81\xd1\x8f."},
    {"Needs the Character mask: without it the model finds no skin and ignores this setting.",
     "\xd0\x9d\xd1\x83\xd0\xb6\xd0\xbd\xd0\xb0 \xc2\xab\xd0\x9c\xd0\xb0\xd1\x81\xd0\xba\xd0\xb0 \xd0\xbf\xd0\xb5\xd1\x80\xd1\x81\xd0\xbe\xd0\xbd\xd0\xb0\xd0\xb6\xd0\xb5\xd0\xb9\xc2\xbb: \xd0\xb1\xd0\xb5\xd0\xb7 \xd0\xbd\xd0\xb5\xd1\x91 \xd0\xbc\xd0\xbe\xd0\xb4\xd0\xb5\xd0\xbb\xd1\x8c \xd0\xbd\xd0\xb5 \xd0\xbd\xd0\xb0\xd1\x85\xd0\xbe\xd0\xb4\xd0\xb8\xd1\x82 \xd0\xba\xd0\xbe\xd0\xb6\xd1\x83 \xd0\xb8 \xd0\xb8\xd0\xb3\xd0\xbd\xd0\xbe\xd1\x80\xd0\xb8\xd1\x80\xd1\x83\xd0\xb5\xd1\x82 \xd1\x8d\xd1\x82\xd0\xbe\xd1\x82 \xd0\xbf\xd0\xb0\xd1\x80\xd0\xb0\xd0\xbc\xd0\xb5\xd1\x82\xd1\x80."},
    {"%.2f (stock)",
     "%.2f (\xd0\xbf\xd0\xbe \xd1\x83\xd0\xbc\xd0\xbe\xd0\xbb\xd1\x87\xd0\xb0\xd0\xbd\xd0\xb8\xd1\x8e)"},
    {"%.2f = Structure",
     "%.2f = \xd0\xa1\xd1\x82\xd1\x80\xd1\x83\xd0\xba\xd1\x82\xd1\x83\xd1\x80\xd0\xb0"},
    {"Character mask",
     "\xd0\x9c\xd0\xb0\xd1\x81\xd0\xba\xd0\xb0 \xd0\xbf\xd0\xb5\xd1\x80\xd1\x81\xd0\xbe\xd0\xbd\xd0\xb0\xd0\xb6\xd0\xb5\xd0\xb9"},
    {"Lets the runtime find people, so Character / skin applies to their skin.  It also changes the rest of the picture slightly: brightness by about 2 percent on game frames.",
     "\xd0\x9f\xd0\xbe\xd0\xb7\xd0\xb2\xd0\xbe\xd0\xbb\xd1\x8f\xd0\xb5\xd1\x82 \xd1\x81\xd1\x80\xd0\xb5\xd0\xb4\xd0\xb5 \xd0\xb2\xd1\x8b\xd0\xbf\xd0\xbe\xd0\xbb\xd0\xbd\xd0\xb5\xd0\xbd\xd0\xb8\xd1\x8f \xd0\xbd\xd0\xb0\xd1\x85\xd0\xbe\xd0\xb4\xd0\xb8\xd1\x82\xd1\x8c \xd0\xbb\xd1\x8e\xd0\xb4\xd0\xb5\xd0\xb9, \xd1\x87\xd1\x82\xd0\xbe\xd0\xb1\xd1\x8b \xc2\xab\xd0\x9f\xd0\xb5\xd1\x80\xd1\x81\xd0\xbe\xd0\xbd\xd0\xb0\xd0\xb6\xd0\xb8 / \xd0\xba\xd0\xbe\xd0\xb6\xd0\xb0\xc2\xbb \xd0\xbf\xd1\x80\xd0\xb8\xd0\xbc\xd0\xb5\xd0\xbd\xd1\x8f\xd0\xbb\xd0\xbe\xd1\x81\xd1\x8c \xd0\xba \xd0\xb8\xd1\x85 \xd0\xba\xd0\xbe\xd0\xb6\xd0\xb5. \xd0\xa2\xd0\xb0\xd0\xba\xd0\xb6\xd0\xb5 \xd1\x81\xd0\xbb\xd0\xb5\xd0\xb3\xd0\xba\xd0\xb0 \xd0\xbc\xd0\xb5\xd0\xbd\xd1\x8f\xd0\xb5\xd1\x82 \xd0\xbe\xd1\x81\xd1\x82\xd0\xb0\xd0\xbb\xd1\x8c\xd0\xbd\xd0\xbe\xd0\xb5 \xd0\xb8\xd0\xb7\xd0\xbe\xd0\xb1\xd1\x80\xd0\xb0\xd0\xb6\xd0\xb5\xd0\xbd\xd0\xb8\xd0\xb5: \xd1\x8f\xd1\x80\xd0\xba\xd0\xbe\xd1\x81\xd1\x82\xd1\x8c \xd0\xbf\xd1\x80\xd0\xb8\xd0\xbc\xd0\xb5\xd1\x80\xd0\xbd\xd0\xbe \xd0\xbd\xd0\xb0 2 \xd0\xbf\xd1\x80\xd0\xbe\xd1\x86\xd0\xb5\xd0\xbd\xd1\x82\xd0\xb0 \xd0\xbd\xd0\xb0 \xd0\xb8\xd0\xb3\xd1\x80\xd0\xbe\xd0\xb2\xd1\x8b\xd1\x85 \xd0\xba\xd0\xb0\xd0\xb4\xd1\x80\xd0\xb0\xd1\x85."},
    {"Independent skin",
     "\xd0\x9d\xd0\xb5\xd0\xb7\xd0\xb0\xd0\xb2\xd0\xb8\xd1\x81\xd0\xb8\xd0\xbc\xd0\xb0\xd1\x8f \xd0\xba\xd0\xbe\xd0\xb6\xd0\xb0"},
    {"With the Character mask on, skin keeps its Character / skin setting when Structure changes, in every stack pass.  Structure is then sent at most 1, because above 1 the model ignores Character / skin; below 1 it still reaches faces through the model itself.  Off sends both as they are, as before rc11.",
     "\xd0\x9f\xd1\x80\xd0\xb8 \xd0\xb2\xd0\xba\xd0\xbb\xd1\x8e\xd1\x87\xd1\x91\xd0\xbd\xd0\xbd\xd0\xbe\xd0\xb9 \xc2\xab\xd0\x9c\xd0\xb0\xd1\x81\xd0\xba\xd0\xb5 \xd0\xbf\xd0\xb5\xd1\x80\xd1\x81\xd0\xbe\xd0\xbd\xd0\xb0\xd0\xb6\xd0\xb5\xd0\xb9\xc2\xbb \xd0\xba\xd0\xbe\xd0\xb6\xd0\xb0 \xd1\x81\xd0\xbe\xd1\x85\xd1\x80\xd0\xb0\xd0\xbd\xd1\x8f\xd0\xb5\xd1\x82 \xd1\x81\xd0\xb2\xd0\xbe\xd1\x8e \xd0\xbd\xd0\xb0\xd1\x81\xd1\x82\xd1\x80\xd0\xbe\xd0\xb9\xd0\xba\xd1\x83 \xc2\xab\xd0\x9f\xd0\xb5\xd1\x80\xd1\x81\xd0\xbe\xd0\xbd\xd0\xb0\xd0\xb6\xd0\xb8 / \xd0\xba\xd0\xbe\xd0\xb6\xd0\xb0\xc2\xbb, \xd0\xba\xd0\xbe\xd0\xb3\xd0\xb4\xd0\xb0 \xd0\xbc\xd0\xb5\xd0\xbd\xd1\x8f\xd0\xb5\xd1\x82\xd1\x81\xd1\x8f \xc2\xab\xd0\xa1\xd1\x82\xd1\x80\xd1\x83\xd0\xba\xd1\x82\xd1\x83\xd1\x80\xd0\xb0\xc2\xbb, \xd0\xb2 \xd0\xba\xd0\xb0\xd0\xb6\xd0\xb4\xd0\xbe\xd0\xbc \xd0\xbf\xd1\x80\xd0\xbe\xd1\x85\xd0\xbe\xd0\xb4\xd0\xb5 \xd1\x81\xd1\x82\xd0\xb5\xd0\xba\xd0\xb0. \xc2\xab\xd0\xa1\xd1\x82\xd1\x80\xd1\x83\xd0\xba\xd1\x82\xd1\x83\xd1\x80\xd0\xb0\xc2\xbb \xd1\x82\xd0\xbe\xd0\xb3\xd0\xb4\xd0\xb0 \xd0\xbe\xd1\x82\xd0\xbf\xd1\x80\xd0\xb0\xd0\xb2\xd0\xbb\xd1\x8f\xd0\xb5\xd1\x82\xd1\x81\xd1\x8f \xd0\xbd\xd0\xb5 \xd0\xb2\xd1\x8b\xd1\x88\xd0\xb5 1, \xd0\xbf\xd0\xbe\xd1\x82\xd0\xbe\xd0\xbc\xd1\x83 \xd1\x87\xd1\x82\xd0\xbe \xd0\xb2\xd1\x8b\xd1\x88\xd0\xb5 1 \xd0\xbc\xd0\xbe\xd0\xb4\xd0\xb5\xd0\xbb\xd1\x8c \xd0\xb8\xd0\xb3\xd0\xbd\xd0\xbe\xd1\x80\xd0\xb8\xd1\x80\xd1\x83\xd0\xb5\xd1\x82 \xc2\xab\xd0\x9f\xd0\xb5\xd1\x80\xd1\x81\xd0\xbe\xd0\xbd\xd0\xb0\xd0\xb6\xd0\xb8 / \xd0\xba\xd0\xbe\xd0\xb6\xd0\xb0\xc2\xbb; \xd0\xbd\xd0\xb8\xd0\xb6\xd0\xb5 1 \xd0\xbe\xd0\xbd\xd0\xb0 \xd0\xb2\xd1\x81\xd1\x91 \xd0\xb5\xd1\x89\xd1\x91 \xd0\xb4\xd0\xb5\xd0\xb9\xd1\x81\xd1\x82\xd0\xb2\xd1\x83\xd0\xb5\xd1\x82 \xd0\xbd\xd0\xb0 \xd0\xbb\xd0\xb8\xd1\x86\xd0\xb0 \xd1\x87\xd0\xb5\xd1\x80\xd0\xb5\xd0\xb7 \xd1\x81\xd0\xb0\xd0\xbc\xd1\x83 \xd0\xbc\xd0\xbe\xd0\xb4\xd0\xb5\xd0\xbb\xd1\x8c. \xc2\xab\xd0\x92\xd1\x8b\xd0\xba\xd0\xbb\xc2\xbb \xd0\xbe\xd1\x82\xd0\xbf\xd1\x80\xd0\xb0\xd0\xb2\xd0\xbb\xd1\x8f\xd0\xb5\xd1\x82 \xd0\xbe\xd0\xb1\xd0\xb0 \xd0\xb7\xd0\xbd\xd0\xb0\xd1\x87\xd0\xb5\xd0\xbd\xd0\xb8\xd1\x8f \xd0\xba\xd0\xb0\xd0\xba \xd0\xb5\xd1\x81\xd1\x82\xd1\x8c, \xd0\xba\xd0\xb0\xd0\xba \xd0\xb4\xd0\xbe rc11."},
    {"UI correction",
     "\xd0\x9a\xd0\xbe\xd1\x80\xd1\x80\xd0\xb5\xd0\xba\xd1\x86\xd0\xb8\xd1\x8f UI"},
    {"The NR runtime's UI correction.  Leave it off unless HUD elements look wrong with Neural Rendering on.",
     "\xd0\x9a\xd0\xbe\xd1\x80\xd1\x80\xd0\xb5\xd0\xba\xd1\x86\xd0\xb8\xd1\x8f UI \xd0\xb2 \xd1\x81\xd1\x80\xd0\xb5\xd0\xb4\xd0\xb5 \xd0\xb2\xd1\x8b\xd0\xbf\xd0\xbe\xd0\xbb\xd0\xbd\xd0\xb5\xd0\xbd\xd0\xb8\xd1\x8f NR. \xd0\x9d\xd0\xb5 \xd0\xb2\xd0\xba\xd0\xbb\xd1\x8e\xd1\x87\xd0\xb0\xd0\xb9\xd1\x82\xd0\xb5, \xd0\xb5\xd1\x81\xd0\xbb\xd0\xb8 \xd1\x82\xd0\xbe\xd0\xbb\xd1\x8c\xd0\xba\xd0\xbe \xd1\x8d\xd0\xbb\xd0\xb5\xd0\xbc\xd0\xb5\xd0\xbd\xd1\x82\xd1\x8b HUD \xd0\xbd\xd0\xb5 \xd0\xb2\xd1\x8b\xd0\xb3\xd0\xbb\xd1\x8f\xd0\xb4\xd1\x8f\xd1\x82 \xd0\xbd\xd0\xb5\xd0\xbf\xd1\x80\xd0\xb0\xd0\xb2\xd0\xb8\xd0\xbb\xd1\x8c\xd0\xbd\xd0\xbe \xd0\xbf\xd1\x80\xd0\xb8 \xd0\xb2\xd0\xba\xd0\xbb\xd1\x8e\xd1\x87\xd1\x91\xd0\xbd\xd0\xbd\xd0\xbe\xd0\xbc Neural Rendering."},
    {"Preset #1",
     "\xd0\x9f\xd1\x80\xd0\xb5\xd1\x81\xd0\xb5\xd1\x82 #1"},
    {"Preset #2",
     "\xd0\x9f\xd1\x80\xd0\xb5\xd1\x81\xd0\xb5\xd1\x82 #2"},
    {"Preset #3",
     "\xd0\x9f\xd1\x80\xd0\xb5\xd1\x81\xd0\xb5\xd1\x82 #3"},
    {"Preset",
     "\xd0\x9f\xd1\x80\xd0\xb5\xd1\x81\xd0\xb5\xd1\x82"},
    {"Render-preset hint passed to the NR runtime; Default lets the runtime choose.",
     "\xd0\x9f\xd0\xbe\xd0\xb4\xd1\x81\xd0\xba\xd0\xb0\xd0\xb7\xd0\xba\xd0\xb0 \xd0\xbf\xd1\x80\xd0\xb5\xd1\x81\xd0\xb5\xd1\x82\xd0\xb0 \xd1\x80\xd0\xb5\xd0\xbd\xd0\xb4\xd0\xb5\xd1\x80\xd0\xb8\xd0\xbd\xd0\xb3\xd0\xb0 \xd0\xb4\xd0\xbb\xd1\x8f \xd1\x81\xd1\x80\xd0\xb5\xd0\xb4\xd1\x8b \xd0\xb2\xd1\x8b\xd0\xbf\xd0\xbe\xd0\xbb\xd0\xbd\xd0\xb5\xd0\xbd\xd0\xb8\xd1\x8f NR; \xc2\xab\xd0\x9f\xd0\xbe \xd1\x83\xd0\xbc\xd0\xbe\xd0\xbb\xd1\x87\xd0\xb0\xd0\xbd\xd0\xb8\xd1\x8e\xc2\xbb \xd0\xbe\xd1\x81\xd1\x82\xd0\xb0\xd0\xb2\xd0\xbb\xd1\x8f\xd0\xb5\xd1\x82 \xd0\xb2\xd1\x8b\xd0\xb1\xd0\xbe\xd1\x80 \xd0\xb5\xd0\xb9."},
    {"Inert while Adjust NR's look is off.",
     "\xd0\x9d\xd0\xb5 \xd0\xb4\xd0\xb5\xd0\xb9\xd1\x81\xd1\x82\xd0\xb2\xd1\x83\xd1\x8e\xd1\x82, \xd0\xbf\xd0\xbe\xd0\xba\xd0\xb0 \xd0\xb2\xd0\xb8\xd0\xb4 NR \xd0\xb2\xd1\x8b\xd0\xba\xd0\xbb\xd1\x8e\xd1\x87\xd0\xb5\xd0\xbd."},
    {"Adjust NR's look",
     "\xd0\x9d\xd0\xb0\xd1\x81\xd1\x82\xd1\x80\xd0\xbe\xd0\xb8\xd1\x82\xd1\x8c \xd0\xb2\xd0\xb8\xd0\xb4 NR"},
    {"Reshapes what Neural Rendering returned, live: how far it brightens, darkens and recolours, by tonal range and by scale.  Off leaves its output exactly as it is.",
     "\xd0\xa1\xd1\x80\xd0\xb0\xd0\xb7\xd1\x83 \xd0\xbc\xd0\xb5\xd0\xbd\xd1\x8f\xd0\xb5\xd1\x82 \xd1\x82\xd0\xbe, \xd1\x87\xd1\x82\xd0\xbe \xd0\xb2\xd0\xb5\xd1\x80\xd0\xbd\xd1\x83\xd0\xbb Neural Rendering: \xd0\xbd\xd0\xb0\xd1\x81\xd0\xba\xd0\xbe\xd0\xbb\xd1\x8c\xd0\xba\xd0\xbe \xd0\xbe\xd0\xbd \xd0\xbe\xd1\x81\xd0\xb2\xd0\xb5\xd1\x82\xd0\xbb\xd1\x8f\xd0\xb5\xd1\x82, \xd0\xb7\xd0\xb0\xd1\x82\xd0\xb5\xd0\xbc\xd0\xbd\xd1\x8f\xd0\xb5\xd1\x82 \xd0\xb8 \xd0\xbc\xd0\xb5\xd0\xbd\xd1\x8f\xd0\xb5\xd1\x82 \xd1\x86\xd0\xb2\xd0\xb5\xd1\x82\xd0\xb0 - \xd0\xbf\xd0\xbe \xd1\x82\xd0\xbe\xd0\xbd\xd0\xb0\xd0\xbb\xd1\x8c\xd0\xbd\xd1\x8b\xd0\xbc \xd0\xb4\xd0\xb8\xd0\xb0\xd0\xbf\xd0\xb0\xd0\xb7\xd0\xbe\xd0\xbd\xd0\xb0\xd0\xbc \xd0\xb8 \xd0\xbc\xd0\xb0\xd1\x81\xd1\x88\xd1\x82\xd0\xb0\xd0\xb1\xd1\x83. \xc2\xab\xd0\x92\xd1\x8b\xd0\xba\xd0\xbb\xc2\xbb \xd0\xbe\xd1\x81\xd1\x82\xd0\xb0\xd0\xb2\xd0\xbb\xd1\x8f\xd0\xb5\xd1\x82 \xd0\xb2\xd1\x8b\xd0\xb2\xd0\xbe\xd0\xb4 \xd0\xba\xd0\xb0\xd0\xba \xd0\xb5\xd1\x81\xd1\x82\xd1\x8c."},
    {"unavailable this session: ReShade.log says why",
     "\xd0\xbd\xd0\xb5\xd0\xb4\xd0\xbe\xd1\x81\xd1\x82\xd1\x83\xd0\xbf\xd0\xbd\xd0\xbe \xd0\xb2 \xd1\x8d\xd1\x82\xd0\xbe\xd0\xb9 \xd1\x81\xd0\xb5\xd1\x81\xd1\x81\xd0\xb8\xd0\xb8: \xd0\xbf\xd1\x80\xd0\xb8\xd1\x87\xd0\xb8\xd0\xbd\xd0\xb0 \xd0\xb2 ReShade.log"},
    {"Edit strength",
     "\xd0\xa1\xd0\xb8\xd0\xbb\xd0\xb0 \xd0\xbf\xd1\x80\xd0\xb0\xd0\xb2\xd0\xba\xd0\xb8"},
    {"Scales the whole change Neural Rendering made, in stops: 0 takes it away, 1 keeps it, 2 doubles it.  Strength steers the model; this reshapes its result.",
     "\xd0\x9c\xd0\xb0\xd1\x81\xd1\x88\xd1\x82\xd0\xb0\xd0\xb1\xd0\xb8\xd1\x80\xd1\x83\xd0\xb5\xd1\x82 \xd0\xb2\xd1\x81\xd1\x91 \xd0\xb8\xd0\xb7\xd0\xbc\xd0\xb5\xd0\xbd\xd0\xb5\xd0\xbd\xd0\xb8\xd0\xb5, \xd1\x81\xd0\xb4\xd0\xb5\xd0\xbb\xd0\xb0\xd0\xbd\xd0\xbd\xd0\xbe\xd0\xb5 Neural Rendering, \xd0\xb2 \xd1\x81\xd1\x82\xd1\x83\xd0\xbf\xd0\xb5\xd0\xbd\xd1\x8f\xd1\x85: 0 \xd1\x83\xd0\xb1\xd0\xb8\xd1\x80\xd0\xb0\xd0\xb5\xd1\x82 \xd0\xb5\xd0\xb3\xd0\xbe, 1 \xd1\x81\xd0\xbe\xd1\x85\xd1\x80\xd0\xb0\xd0\xbd\xd1\x8f\xd0\xb5\xd1\x82, 2 \xd1\x83\xd0\xb4\xd0\xb2\xd0\xb0\xd0\xb8\xd0\xb2\xd0\xb0\xd0\xb5\xd1\x82. \xc2\xab\xd0\xa1\xd0\xb8\xd0\xbb\xd0\xb0\xc2\xbb \xd1\x83\xd0\xbf\xd1\x80\xd0\xb0\xd0\xb2\xd0\xbb\xd1\x8f\xd0\xb5\xd1\x82 \xd0\xbc\xd0\xbe\xd0\xb4\xd0\xb5\xd0\xbb\xd1\x8c\xd1\x8e; \xd1\x8d\xd1\x82\xd0\xbe\xd1\x82 \xd0\xbf\xd0\xb0\xd1\x80\xd0\xb0\xd0\xbc\xd0\xb5\xd1\x82\xd1\x80 \xd0\xbc\xd0\xb5\xd0\xbd\xd1\x8f\xd0\xb5\xd1\x82 \xd0\xb5\xd1\x91 \xd1\x80\xd0\xb5\xd0\xb7\xd1\x83\xd0\xbb\xd1\x8c\xd1\x82\xd0\xb0\xd1\x82."},
    {"Brightening",
     "\xd0\x9e\xd1\x81\xd0\xb2\xd0\xb5\xd1\x82\xd0\xbb\xd0\xb5\xd0\xbd\xd0\xb8\xd0\xb5"},
    {"How much of the model's brightening is kept: 0 drops it, 2 doubles it.",
     "\xd0\x9a\xd0\xb0\xd0\xba\xd0\xb0\xd1\x8f \xd0\xb4\xd0\xbe\xd0\xbb\xd1\x8f \xd0\xbe\xd1\x81\xd0\xb2\xd0\xb5\xd1\x82\xd0\xbb\xd0\xb5\xd0\xbd\xd0\xb8\xd1\x8f \xd0\xbc\xd0\xbe\xd0\xb4\xd0\xb5\xd0\xbb\xd0\xb8 \xd1\x81\xd0\xbe\xd1\x85\xd1\x80\xd0\xb0\xd0\xbd\xd1\x8f\xd0\xb5\xd1\x82\xd1\x81\xd1\x8f: 0 \xd1\x83\xd0\xb1\xd0\xb8\xd1\x80\xd0\xb0\xd0\xb5\xd1\x82 \xd0\xb5\xd0\xb3\xd0\xbe, 2 \xd1\x83\xd0\xb4\xd0\xb2\xd0\xb0\xd0\xb8\xd0\xb2\xd0\xb0\xd0\xb5\xd1\x82."},
    {"Darkening",
     "\xd0\x97\xd0\xb0\xd1\x82\xd0\xb5\xd0\xbc\xd0\xbd\xd0\xb5\xd0\xbd\xd0\xb8\xd0\xb5"},
    {"How much of the model's darkening is kept, the dark halos it can leave around bright objects included.",
     "\xd0\x9a\xd0\xb0\xd0\xba\xd0\xb0\xd1\x8f \xd0\xb4\xd0\xbe\xd0\xbb\xd1\x8f \xd0\xb7\xd0\xb0\xd1\x82\xd0\xb5\xd0\xbc\xd0\xbd\xd0\xb5\xd0\xbd\xd0\xb8\xd1\x8f \xd0\xbc\xd0\xbe\xd0\xb4\xd0\xb5\xd0\xbb\xd0\xb8 \xd1\x81\xd0\xbe\xd1\x85\xd1\x80\xd0\xb0\xd0\xbd\xd1\x8f\xd0\xb5\xd1\x82\xd1\x81\xd1\x8f, \xd0\xb2\xd0\xba\xd0\xbb\xd1\x8e\xd1\x87\xd0\xb0\xd1\x8f \xd1\x82\xd1\x91\xd0\xbc\xd0\xbd\xd1\x8b\xd0\xb5 \xd0\xbe\xd1\x80\xd0\xb5\xd0\xbe\xd0\xbb\xd1\x8b, \xd0\xba\xd0\xbe\xd1\x82\xd0\xbe\xd1\x80\xd1\x8b\xd0\xb5 \xd0\xbe\xd0\xbd\xd0\xb0 \xd0\xbc\xd0\xbe\xd0\xb6\xd0\xb5\xd1\x82 \xd0\xbe\xd1\x81\xd1\x82\xd0\xb0\xd0\xb2\xd0\xbb\xd1\x8f\xd1\x82\xd1\x8c \xd0\xb2\xd0\xbe\xd0\xba\xd1\x80\xd1\x83\xd0\xb3 \xd1\x8f\xd1\x80\xd0\xba\xd0\xb8\xd1\x85 \xd0\xbe\xd0\xb1\xd1\x8a\xd0\xb5\xd0\xba\xd1\x82\xd0\xbe\xd0\xb2."},
    {"Colour",
     "\xd0\xa6\xd0\xb2\xd0\xb5\xd1\x82"},
    {"How far the model moves colours toward or away from grey: 0 keeps the game's saturation, 2 doubles the change.",
     "\xd0\x9d\xd0\xb0\xd1\x81\xd0\xba\xd0\xbe\xd0\xbb\xd1\x8c\xd0\xba\xd0\xbe \xd0\xbc\xd0\xbe\xd0\xb4\xd0\xb5\xd0\xbb\xd1\x8c \xd1\x81\xd0\xb4\xd0\xb2\xd0\xb8\xd0\xb3\xd0\xb0\xd0\xb5\xd1\x82 \xd1\x86\xd0\xb2\xd0\xb5\xd1\x82\xd0\xb0 \xd0\xba \xd1\x81\xd0\xb5\xd1\x80\xd0\xbe\xd0\xbc\xd1\x83 \xd0\xb8\xd0\xbb\xd0\xb8 \xd0\xbe\xd1\x82 \xd0\xbd\xd0\xb5\xd0\xb3\xd0\xbe: 0 \xd1\x81\xd0\xbe\xd1\x85\xd1\x80\xd0\xb0\xd0\xbd\xd1\x8f\xd0\xb5\xd1\x82 \xd0\xbd\xd0\xb0\xd1\x81\xd1\x8b\xd1\x89\xd0\xb5\xd0\xbd\xd0\xbd\xd0\xbe\xd1\x81\xd1\x82\xd1\x8c \xd0\xb8\xd0\xb3\xd1\x80\xd1\x8b, 2 \xd1\x83\xd0\xb4\xd0\xb2\xd0\xb0\xd0\xb8\xd0\xb2\xd0\xb0\xd0\xb5\xd1\x82 \xd0\xb8\xd0\xb7\xd0\xbc\xd0\xb5\xd0\xbd\xd0\xb5\xd0\xbd\xd0\xb8\xd0\xb5."},
    {"Hue shift",
     "\xd0\xa1\xd0\xb4\xd0\xb2\xd0\xb8\xd0\xb3 \xd0\xbe\xd1\x82\xd1\x82\xd0\xb5\xd0\xbd\xd0\xba\xd0\xb0"},
    {"How far the model turns hues (its tint): 0 keeps the game's hues.",
     "\xd0\x9d\xd0\xb0\xd1\x81\xd0\xba\xd0\xbe\xd0\xbb\xd1\x8c\xd0\xba\xd0\xbe \xd0\xbc\xd0\xbe\xd0\xb4\xd0\xb5\xd0\xbb\xd1\x8c \xd0\xbf\xd0\xbe\xd0\xb2\xd0\xbe\xd1\x80\xd0\xb0\xd1\x87\xd0\xb8\xd0\xb2\xd0\xb0\xd0\xb5\xd1\x82 \xd0\xbe\xd1\x82\xd1\x82\xd0\xb5\xd0\xbd\xd0\xba\xd0\xb8 (\xd0\xb5\xd1\x91 \xd1\x82\xd0\xbe\xd0\xbd\xd0\xb8\xd1\x80\xd0\xbe\xd0\xb2\xd0\xba\xd0\xb0): 0 \xd1\x81\xd0\xbe\xd1\x85\xd1\x80\xd0\xb0\xd0\xbd\xd1\x8f\xd0\xb5\xd1\x82 \xd0\xbe\xd1\x82\xd1\x82\xd0\xb5\xd0\xbd\xd0\xba\xd0\xb8 \xd0\xb8\xd0\xb3\xd1\x80\xd1\x8b."},
    {"Shadows",
     "\xd0\xa2\xd0\xb5\xd0\xbd\xd0\xb8"},
    {"Scales the change where the game's image is dark.",
     "\xd0\x9c\xd0\xb0\xd1\x81\xd1\x88\xd1\x82\xd0\xb0\xd0\xb1\xd0\xb8\xd1\x80\xd1\x83\xd0\xb5\xd1\x82 \xd0\xb8\xd0\xb7\xd0\xbc\xd0\xb5\xd0\xbd\xd0\xb5\xd0\xbd\xd0\xb8\xd0\xb5 \xd1\x82\xd0\xb0\xd0\xbc, \xd0\xb3\xd0\xb4\xd0\xb5 \xd0\xb8\xd0\xb7\xd0\xbe\xd0\xb1\xd1\x80\xd0\xb0\xd0\xb6\xd0\xb5\xd0\xbd\xd0\xb8\xd0\xb5 \xd0\xb8\xd0\xb3\xd1\x80\xd1\x8b \xd1\x82\xd1\x91\xd0\xbc\xd0\xbd\xd0\xbe\xd0\xb5."},
    {"Midtones",
     "\xd0\x9f\xd0\xbe\xd0\xbb\xd1\x83\xd1\x82\xd0\xbe\xd0\xbd\xd0\xb0"},
    {"Scales the change in the game's midtones.",
     "\xd0\x9c\xd0\xb0\xd1\x81\xd1\x88\xd1\x82\xd0\xb0\xd0\xb1\xd0\xb8\xd1\x80\xd1\x83\xd0\xb5\xd1\x82 \xd0\xb8\xd0\xb7\xd0\xbc\xd0\xb5\xd0\xbd\xd0\xb5\xd0\xbd\xd0\xb8\xd0\xb5 \xd0\xb2 \xd0\xbf\xd0\xbe\xd0\xbb\xd1\x83\xd1\x82\xd0\xbe\xd0\xbd\xd0\xb0\xd1\x85 \xd0\xb8\xd0\xb3\xd1\x80\xd1\x8b."},
    {"Highlights",
     "\xd0\xa1\xd0\xb2\xd0\xb5\xd1\x82\xd0\xb0"},
    {"Scales the change where the game's image is bright.",
     "\xd0\x9c\xd0\xb0\xd1\x81\xd1\x88\xd1\x82\xd0\xb0\xd0\xb1\xd0\xb8\xd1\x80\xd1\x83\xd0\xb5\xd1\x82 \xd0\xb8\xd0\xb7\xd0\xbc\xd0\xb5\xd0\xbd\xd0\xb5\xd0\xbd\xd0\xb8\xd0\xb5 \xd1\x82\xd0\xb0\xd0\xbc, \xd0\xb3\xd0\xb4\xd0\xb5 \xd0\xb8\xd0\xb7\xd0\xbe\xd0\xb1\xd1\x80\xd0\xb0\xd0\xb6\xd0\xb5\xd0\xbd\xd0\xb8\xd0\xb5 \xd0\xb8\xd0\xb3\xd1\x80\xd1\x8b \xd1\x8f\xd1\x80\xd0\xba\xd0\xbe\xd0\xb5."},
    {"Max brightening",
     "\xd0\x9c\xd0\xb0\xd0\xba\xd1\x81. \xd0\xbe\xd1\x81\xd0\xb2\xd0\xb5\xd1\x82\xd0\xbb\xd0\xb5\xd0\xbd\xd0\xb8\xd0\xb5"},
    {"%.2f stops",
     "%.2f \xd1\x81\xd1\x82\xd1\x83\xd0\xbf."},
    {"A soft ceiling on how far the model may brighten a pixel; 0 is no ceiling.",
     "\xd0\x9c\xd1\x8f\xd0\xb3\xd0\xba\xd0\xb8\xd0\xb9 \xd0\xbf\xd0\xbe\xd1\x82\xd0\xbe\xd0\xbb\xd0\xbe\xd0\xba \xd1\x82\xd0\xbe\xd0\xb3\xd0\xbe, \xd0\xbd\xd0\xb0\xd1\x81\xd0\xba\xd0\xbe\xd0\xbb\xd1\x8c\xd0\xba\xd0\xbe \xd0\xbc\xd0\xbe\xd0\xb4\xd0\xb5\xd0\xbb\xd1\x8c \xd0\xbc\xd0\xbe\xd0\xb6\xd0\xb5\xd1\x82 \xd0\xbe\xd1\x81\xd0\xb2\xd0\xb5\xd1\x82\xd0\xbb\xd0\xb8\xd1\x82\xd1\x8c \xd0\xbf\xd0\xb8\xd0\xba\xd1\x81\xd0\xb5\xd0\xbb\xd1\x8c; 0 - \xd0\xb1\xd0\xb5\xd0\xb7 \xd0\xbf\xd0\xbe\xd1\x82\xd0\xbe\xd0\xbb\xd0\xba\xd0\xb0."},
    {"Max darkening",
     "\xd0\x9c\xd0\xb0\xd0\xba\xd1\x81. \xd0\xb7\xd0\xb0\xd1\x82\xd0\xb5\xd0\xbc\xd0\xbd\xd0\xb5\xd0\xbd\xd0\xb8\xd0\xb5"},
    {"A soft floor on how far the model may darken a pixel; 0 is no floor.",
     "\xd0\x9c\xd1\x8f\xd0\xb3\xd0\xba\xd0\xb8\xd0\xb9 \xd0\xbd\xd0\xb8\xd0\xb6\xd0\xbd\xd0\xb8\xd0\xb9 \xd0\xbf\xd1\x80\xd0\xb5\xd0\xb4\xd0\xb5\xd0\xbb \xd1\x82\xd0\xbe\xd0\xb3\xd0\xbe, \xd0\xbd\xd0\xb0\xd1\x81\xd0\xba\xd0\xbe\xd0\xbb\xd1\x8c\xd0\xba\xd0\xbe \xd0\xbc\xd0\xbe\xd0\xb4\xd0\xb5\xd0\xbb\xd1\x8c \xd0\xbc\xd0\xbe\xd0\xb6\xd0\xb5\xd1\x82 \xd0\xb7\xd0\xb0\xd1\x82\xd0\xb5\xd0\xbc\xd0\xbd\xd0\xb8\xd1\x82\xd1\x8c \xd0\xbf\xd0\xb8\xd0\xba\xd1\x81\xd0\xb5\xd0\xbb\xd1\x8c; 0 - \xd0\xb1\xd0\xb5\xd0\xb7 \xd0\xbf\xd1\x80\xd0\xb5\xd0\xb4\xd0\xb5\xd0\xbb\xd0\xb0."},
    {"Max colour change",
     "\xd0\x9c\xd0\xb0\xd0\xba\xd1\x81. \xd1\x81\xd0\xbc\xd0\xb5\xd0\xbd\xd0\xb0 \xd1\x86\xd0\xb2\xd0\xb5\xd1\x82\xd0\xb0"},
    {"A soft limit on how far the model may move a colour; 0 is no limit.",
     "\xd0\x9c\xd1\x8f\xd0\xb3\xd0\xba\xd0\xbe\xd0\xb5 \xd0\xbe\xd0\xb3\xd1\x80\xd0\xb0\xd0\xbd\xd0\xb8\xd1\x87\xd0\xb5\xd0\xbd\xd0\xb8\xd0\xb5 \xd1\x82\xd0\xbe\xd0\xb3\xd0\xbe, \xd0\xbd\xd0\xb0\xd1\x81\xd0\xba\xd0\xbe\xd0\xbb\xd1\x8c\xd0\xba\xd0\xbe \xd0\xbc\xd0\xbe\xd0\xb4\xd0\xb5\xd0\xbb\xd1\x8c \xd0\xbc\xd0\xbe\xd0\xb6\xd0\xb5\xd1\x82 \xd1\x81\xd0\xb4\xd0\xb2\xd0\xb8\xd0\xbd\xd1\x83\xd1\x82\xd1\x8c \xd1\x86\xd0\xb2\xd0\xb5\xd1\x82; 0 - \xd0\xb1\xd0\xb5\xd0\xb7 \xd0\xbe\xd0\xb3\xd1\x80\xd0\xb0\xd0\xbd\xd0\xb8\xd1\x87\xd0\xb5\xd0\xbd\xd0\xb8\xd1\x8f."},
    {"Large-scale tone",
     "\xd0\x9a\xd1\x80\xd1\x83\xd0\xbf\xd0\xbd\xd1\x8b\xd0\xb9 \xd1\x82\xd0\xbe\xd0\xbd"},
    {"Scales the model's broad lighting change; Fine detail scales the small-scale one.",
     "\xd0\x9c\xd0\xb0\xd1\x81\xd1\x88\xd1\x82\xd0\xb0\xd0\xb1\xd0\xb8\xd1\x80\xd1\x83\xd0\xb5\xd1\x82 \xd0\xba\xd1\x80\xd1\x83\xd0\xbf\xd0\xbd\xd0\xbe\xd0\xb5 \xd0\xb8\xd0\xb7\xd0\xbc\xd0\xb5\xd0\xbd\xd0\xb5\xd0\xbd\xd0\xb8\xd0\xb5 \xd0\xbe\xd1\x81\xd0\xb2\xd0\xb5\xd1\x89\xd0\xb5\xd0\xbd\xd0\xb8\xd1\x8f \xd0\xbc\xd0\xbe\xd0\xb4\xd0\xb5\xd0\xbb\xd1\x8c\xd1\x8e; \xc2\xab\xd0\x9c\xd0\xb5\xd0\xbb\xd0\xba\xd0\xb8\xd0\xb5 \xd0\xb4\xd0\xb5\xd1\x82\xd0\xb0\xd0\xbb\xd0\xb8\xc2\xbb \xd0\xbc\xd0\xb0\xd1\x81\xd1\x88\xd1\x82\xd0\xb0\xd0\xb1\xd0\xb8\xd1\x80\xd1\x83\xd1\x8e\xd1\x82 \xd0\xbc\xd0\xb5\xd0\xbb\xd0\xba\xd0\xbe\xd0\xb5."},
    {"Fine detail",
     "\xd0\x9c\xd0\xb5\xd0\xbb\xd0\xba\xd0\xb8\xd0\xb5 \xd0\xb4\xd0\xb5\xd1\x82\xd0\xb0\xd0\xbb\xd0\xb8"},
    {"Scales the model's small-scale change, live.  Structure changes what the model makes and restarts it; this reshapes what it made.",
     "\xd0\xa1\xd1\x80\xd0\xb0\xd0\xb7\xd1\x83 \xd0\xbc\xd0\xb0\xd1\x81\xd1\x88\xd1\x82\xd0\xb0\xd0\xb1\xd0\xb8\xd1\x80\xd1\x83\xd0\xb5\xd1\x82 \xd0\xbc\xd0\xb5\xd0\xbb\xd0\xba\xd0\xbe\xd0\xbc\xd0\xb0\xd1\x81\xd1\x88\xd1\x82\xd0\xb0\xd0\xb1\xd0\xbd\xd0\xbe\xd0\xb5 \xd0\xb8\xd0\xb7\xd0\xbc\xd0\xb5\xd0\xbd\xd0\xb5\xd0\xbd\xd0\xb8\xd0\xb5 \xd0\xbc\xd0\xbe\xd0\xb4\xd0\xb5\xd0\xbb\xd0\xb8. \xc2\xab\xd0\xa1\xd1\x82\xd1\x80\xd1\x83\xd0\xba\xd1\x82\xd1\x83\xd1\x80\xd0\xb0\xc2\xbb \xd0\xbc\xd0\xb5\xd0\xbd\xd1\x8f\xd0\xb5\xd1\x82 \xd1\x82\xd0\xbe, \xd1\x87\xd1\x82\xd0\xbe \xd1\x81\xd0\xbe\xd0\xb7\xd0\xb4\xd0\xb0\xd1\x91\xd1\x82 \xd0\xbc\xd0\xbe\xd0\xb4\xd0\xb5\xd0\xbb\xd1\x8c, \xd0\xb8 \xd0\xbf\xd0\xb5\xd1\x80\xd0\xb5\xd0\xb7\xd0\xb0\xd0\xbf\xd1\x83\xd1\x81\xd0\xba\xd0\xb0\xd0\xb5\xd1\x82 \xd0\xb5\xd1\x91; \xd1\x8d\xd1\x82\xd0\xbe\xd1\x82 \xd0\xbf\xd0\xb0\xd1\x80\xd0\xb0\xd0\xbc\xd0\xb5\xd1\x82\xd1\x80 \xd0\xbc\xd0\xb5\xd0\xbd\xd1\x8f\xd0\xb5\xd1\x82 \xd1\x83\xd0\xb6\xd0\xb5 \xd1\x81\xd0\xbe\xd0\xb7\xd0\xb4\xd0\xb0\xd0\xbd\xd0\xbd\xd0\xbe\xd0\xb5."},
    {"Detail radius",
     "\xd0\xa0\xd0\xb0\xd0\xb4\xd0\xb8\xd1\x83\xd1\x81 \xd0\xb4\xd0\xb5\xd1\x82\xd0\xb0\xd0\xbb\xd0\xb5\xd0\xb9"},
    {"Where broad ends and fine begins, as a share of the image height.",
     "\xd0\x93\xd1\x80\xd0\xb0\xd0\xbd\xd0\xb8\xd1\x86\xd0\xb0 \xd0\xbc\xd0\xb5\xd0\xb6\xd0\xb4\xd1\x83 \xd0\xba\xd1\x80\xd1\x83\xd0\xbf\xd0\xbd\xd1\x8b\xd0\xbc \xd0\xb8 \xd0\xbc\xd0\xb5\xd0\xbb\xd0\xba\xd0\xb8\xd0\xbc, \xd0\xba\xd0\xb0\xd0\xba \xd0\xb4\xd0\xbe\xd0\xbb\xd1\x8f \xd0\xb2\xd1\x8b\xd1\x81\xd0\xbe\xd1\x82\xd1\x8b \xd0\xb8\xd0\xb7\xd0\xbe\xd0\xb1\xd1\x80\xd0\xb0\xd0\xb6\xd0\xb5\xd0\xbd\xd0\xb8\xd1\x8f."},
    {"Halo suppression",
     "\xd0\x9f\xd0\xbe\xd0\xb4\xd0\xb0\xd0\xb2\xd0\xbb\xd0\xb5\xd0\xbd\xd0\xb8\xd0\xb5 \xd0\xbe\xd1\x80\xd0\xb5\xd0\xbe\xd0\xbb\xd0\xbe\xd0\xb2"},
    {"Reduces the dark halos Neural Rendering can leave next to bright objects.  Darkening spread evenly over a surface, and a shadow beside a dark object, are left alone.  A larger Detail radius reaches wider halos.",
     "\xd0\xa3\xd0\xbc\xd0\xb5\xd0\xbd\xd1\x8c\xd1\x88\xd0\xb0\xd0\xb5\xd1\x82 \xd1\x82\xd1\x91\xd0\xbc\xd0\xbd\xd1\x8b\xd0\xb5 \xd0\xbe\xd1\x80\xd0\xb5\xd0\xbe\xd0\xbb\xd1\x8b, \xd0\xba\xd0\xbe\xd1\x82\xd0\xbe\xd1\x80\xd1\x8b\xd0\xb5 Neural Rendering \xd0\xbc\xd0\xbe\xd0\xb6\xd0\xb5\xd1\x82 \xd0\xbe\xd1\x81\xd1\x82\xd0\xb0\xd0\xb2\xd0\xbb\xd1\x8f\xd1\x82\xd1\x8c \xd1\x80\xd1\x8f\xd0\xb4\xd0\xbe\xd0\xbc \xd1\x81 \xd1\x8f\xd1\x80\xd0\xba\xd0\xb8\xd0\xbc\xd0\xb8 \xd0\xbe\xd0\xb1\xd1\x8a\xd0\xb5\xd0\xba\xd1\x82\xd0\xb0\xd0\xbc\xd0\xb8. \xd0\xa0\xd0\xb0\xd0\xb2\xd0\xbd\xd0\xbe\xd0\xbc\xd0\xb5\xd1\x80\xd0\xbd\xd0\xbe\xd0\xb5 \xd0\xb7\xd0\xb0\xd1\x82\xd0\xb5\xd0\xbc\xd0\xbd\xd0\xb5\xd0\xbd\xd0\xb8\xd0\xb5 \xd0\xbf\xd0\xbe\xd0\xb2\xd0\xb5\xd1\x80\xd1\x85\xd0\xbd\xd0\xbe\xd1\x81\xd1\x82\xd0\xb8 \xd0\xb8 \xd1\x82\xd0\xb5\xd0\xbd\xd1\x8c \xd1\x80\xd1\x8f\xd0\xb4\xd0\xbe\xd0\xbc \xd1\x81 \xd1\x82\xd1\x91\xd0\xbc\xd0\xbd\xd1\x8b\xd0\xbc \xd0\xbe\xd0\xb1\xd1\x8a\xd0\xb5\xd0\xba\xd1\x82\xd0\xbe\xd0\xbc \xd0\xbd\xd0\xb5 \xd0\xb7\xd0\xb0\xd1\x82\xd1\x80\xd0\xb0\xd0\xb3\xd0\xb8\xd0\xb2\xd0\xb0\xd1\x8e\xd1\x82\xd1\x81\xd1\x8f. \xd0\x91\xd0\xbe\xd0\xbb\xd1\x8c\xd1\x88\xd0\xb8\xd0\xb9 \xc2\xab\xd0\xa0\xd0\xb0\xd0\xb4\xd0\xb8\xd1\x83\xd1\x81 \xd0\xb4\xd0\xb5\xd1\x82\xd0\xb0\xd0\xbb\xd0\xb5\xd0\xb9\xc2\xbb \xd0\xb7\xd0\xb0\xd1\x85\xd0\xb2\xd0\xb0\xd1\x82\xd1\x8b\xd0\xb2\xd0\xb0\xd0\xb5\xd1\x82 \xd0\xb1\xd0\xbe\xd0\xbb\xd0\xb5\xd0\xb5 \xd1\x88\xd0\xb8\xd1\x80\xd0\xbe\xd0\xba\xd0\xb8\xd0\xb5 \xd0\xbe\xd1\x80\xd0\xb5\xd0\xbe\xd0\xbb\xd1\x8b."},
    {"Off",
     "\xd0\x92\xd1\x8b\xd0\xba\xd0\xbb"},
    {"Static",
     "\xd0\xa1\xd1\x82\xd0\xb0\xd1\x82\xd0\xb8\xd0\xba\xd0\xb0"},
    {"Motion",
     "\xd0\x94\xd0\xb2\xd0\xb8\xd0\xb6\xd0\xb5\xd0\xbd\xd0\xb8\xd0\xb5"},
    {"Stabilize",
     "\xd0\xa1\xd1\x82\xd0\xb0\xd0\xb1\xd0\xb8\xd0\xbb\xd0\xb8\xd0\xb7\xd0\xb0\xd1\x86\xd0\xb8\xd1\x8f"},
    {"Smooths the model's broad change over time.  Static suits still views; Motion follows the game's motion vectors.  Either adds a little lag to lighting changes.",
     "\xd0\xa1\xd0\xb3\xd0\xbb\xd0\xb0\xd0\xb6\xd0\xb8\xd0\xb2\xd0\xb0\xd0\xb5\xd1\x82 \xd0\xba\xd1\x80\xd1\x83\xd0\xbf\xd0\xbd\xd0\xbe\xd0\xb5 \xd0\xb8\xd0\xb7\xd0\xbc\xd0\xb5\xd0\xbd\xd0\xb5\xd0\xbd\xd0\xb8\xd0\xb5 \xd0\xbc\xd0\xbe\xd0\xb4\xd0\xb5\xd0\xbb\xd0\xb8 \xd0\xb2\xd0\xbe \xd0\xb2\xd1\x80\xd0\xb5\xd0\xbc\xd0\xb5\xd0\xbd\xd0\xb8. \xc2\xab\xd0\xa1\xd1\x82\xd0\xb0\xd1\x82\xd0\xb8\xd0\xba\xd0\xb0\xc2\xbb \xd0\xbf\xd0\xbe\xd0\xb4\xd1\x85\xd0\xbe\xd0\xb4\xd0\xb8\xd1\x82 \xd0\xb4\xd0\xbb\xd1\x8f \xd0\xbd\xd0\xb5\xd0\xbf\xd0\xbe\xd0\xb4\xd0\xb2\xd0\xb8\xd0\xb6\xd0\xbd\xd1\x8b\xd1\x85 \xd0\xb2\xd0\xb8\xd0\xb4\xd0\xbe\xd0\xb2; \xc2\xab\xd0\x94\xd0\xb2\xd0\xb8\xd0\xb6\xd0\xb5\xd0\xbd\xd0\xb8\xd0\xb5\xc2\xbb \xd1\x81\xd0\xbb\xd0\xb5\xd0\xb4\xd1\x83\xd0\xb5\xd1\x82 \xd0\xb2\xd0\xb5\xd0\xba\xd1\x82\xd0\xbe\xd1\x80\xd0\xb0\xd0\xbc \xd0\xb4\xd0\xb2\xd0\xb8\xd0\xb6\xd0\xb5\xd0\xbd\xd0\xb8\xd1\x8f \xd0\xb8\xd0\xb3\xd1\x80\xd1\x8b. \xd0\x9e\xd0\xb1\xd0\xb0 \xd1\x80\xd0\xb5\xd0\xb6\xd0\xb8\xd0\xbc\xd0\xb0 \xd0\xbd\xd0\xb5\xd0\xbc\xd0\xbd\xd0\xbe\xd0\xb3\xd0\xbe \xd0\xb7\xd0\xb0\xd0\xb4\xd0\xb5\xd1\x80\xd0\xb6\xd0\xb8\xd0\xb2\xd0\xb0\xd1\x8e\xd1\x82 \xd0\xb8\xd0\xb7\xd0\xbc\xd0\xb5\xd0\xbd\xd0\xb5\xd0\xbd\xd0\xb8\xd1\x8f \xd0\xbe\xd1\x81\xd0\xb2\xd0\xb5\xd1\x89\xd0\xb5\xd0\xbd\xd0\xb8\xd1\x8f."},
    {"Stabilize time",
     "\xd0\x92\xd1\x80\xd0\xb5\xd0\xbc\xd1\x8f \xd1\x81\xd1\x82\xd0\xb0\xd0\xb1\xd0\xb8\xd0\xbb\xd0\xb8\xd0\xb7\xd0\xb0\xd1\x86\xd0\xb8\xd0\xb8"},
    {"%.0f ms",
     "%.0f ms"},
    {"How long the smoothing remembers: longer is steadier and slower to follow a lighting change.",
     "\xd0\x9a\xd0\xb0\xd0\xba \xd0\xb4\xd0\xbe\xd0\xbb\xd0\xb3\xd0\xbe \xd1\x81\xd0\xb3\xd0\xbb\xd0\xb0\xd0\xb6\xd0\xb8\xd0\xb2\xd0\xb0\xd0\xbd\xd0\xb8\xd0\xb5 \xd0\xbf\xd0\xbe\xd0\xbc\xd0\xbd\xd0\xb8\xd1\x82 \xd0\xbf\xd1\x80\xd0\xbe\xd1\x88\xd0\xbb\xd0\xbe\xd0\xb5: \xd0\xb4\xd0\xbe\xd0\xbb\xd1\x8c\xd1\x88\xd0\xb5 - \xd1\x81\xd1\x82\xd0\xb0\xd0\xb1\xd0\xb8\xd0\xbb\xd1\x8c\xd0\xbd\xd0\xb5\xd0\xb5, \xd0\xbd\xd0\xbe \xd0\xbc\xd0\xb5\xd0\xb4\xd0\xbb\xd0\xb5\xd0\xbd\xd0\xbd\xd0\xb5\xd0\xb5 \xd1\x80\xd0\xb5\xd0\xb0\xd0\xb3\xd0\xb8\xd1\x80\xd1\x83\xd0\xb5\xd1\x82 \xd0\xbd\xd0\xb0 \xd0\xb8\xd0\xb7\xd0\xbc\xd0\xb5\xd0\xbd\xd0\xb5\xd0\xbd\xd0\xb8\xd0\xb5 \xd0\xbe\xd1\x81\xd0\xb2\xd0\xb5\xd1\x89\xd0\xb5\xd0\xbd\xd0\xb8\xd1\x8f."},
    {"Stabilize detail",
     "\xd0\xa1\xd1\x82\xd0\xb0\xd0\xb1\xd0\xb8\xd0\xbb\xd0\xb8\xd0\xb7\xd0\xb0\xd1\x86\xd0\xb8\xd1\x8f \xd0\xb4\xd0\xb5\xd1\x82\xd0\xb0\xd0\xbb\xd0\xb5\xd0\xb9"},
    {"Smooths the small-scale change too, not only the broad one.",
     "\xd0\xa1\xd0\xb3\xd0\xbb\xd0\xb0\xd0\xb6\xd0\xb8\xd0\xb2\xd0\xb0\xd0\xb5\xd1\x82 \xd0\xb8 \xd0\xbc\xd0\xb5\xd0\xbb\xd0\xba\xd0\xbe\xd0\xbc\xd0\xb0\xd1\x81\xd1\x88\xd1\x82\xd0\xb0\xd0\xb1\xd0\xbd\xd0\xbe\xd0\xb5 \xd0\xb8\xd0\xb7\xd0\xbc\xd0\xb5\xd0\xbd\xd0\xb5\xd0\xbd\xd0\xb8\xd0\xb5, \xd0\xb0 \xd0\xbd\xd0\xb5 \xd1\x82\xd0\xbe\xd0\xbb\xd1\x8c\xd0\xba\xd0\xbe \xd0\xba\xd1\x80\xd1\x83\xd0\xbf\xd0\xbd\xd0\xbe\xd0\xb5."},
    {"Runs Neural Rendering on the game's image before DLSS upscales it (pre-SR), against the game's own depth and motion.  The right choice for games whose DLSS renders below the display resolution.  Games that upscale with Ray Reconstruction keep running after it: its input is still noisy.",
     "\xd0\x97\xd0\xb0\xd0\xbf\xd1\x83\xd1\x81\xd0\xba\xd0\xb0\xd0\xb5\xd1\x82 Neural Rendering \xd0\xbd\xd0\xb0 \xd0\xb8\xd0\xb7\xd0\xbe\xd0\xb1\xd1\x80\xd0\xb0\xd0\xb6\xd0\xb5\xd0\xbd\xd0\xb8\xd0\xb8 \xd0\xb8\xd0\xb3\xd1\x80\xd1\x8b \xd0\xb4\xd0\xbe \xd0\xb0\xd0\xbf\xd1\x81\xd0\xba\xd0\xb5\xd0\xb9\xd0\xbb\xd0\xb0 DLSS (pre-SR), \xd1\x81 \xd1\x81\xd0\xbe\xd0\xb1\xd1\x81\xd1\x82\xd0\xb2\xd0\xb5\xd0\xbd\xd0\xbd\xd1\x8b\xd0\xbc\xd0\xb8 \xd0\xb3\xd0\xbb\xd1\x83\xd0\xb1\xd0\xb8\xd0\xbd\xd0\xbe\xd0\xb9 \xd0\xb8 \xd0\xb4\xd0\xb2\xd0\xb8\xd0\xb6\xd0\xb5\xd0\xbd\xd0\xb8\xd0\xb5\xd0\xbc \xd0\xb8\xd0\xb3\xd1\x80\xd1\x8b. \xd0\x9f\xd1\x80\xd0\xb0\xd0\xb2\xd0\xb8\xd0\xbb\xd1\x8c\xd0\xbd\xd1\x8b\xd0\xb9 \xd0\xb2\xd1\x8b\xd0\xb1\xd0\xbe\xd1\x80 \xd0\xb4\xd0\xbb\xd1\x8f \xd0\xb8\xd0\xb3\xd1\x80, \xd0\xb3\xd0\xb4\xd0\xb5 DLSS \xd1\x80\xd0\xb5\xd0\xbd\xd0\xb4\xd0\xb5\xd1\x80\xd0\xb8\xd1\x82 \xd0\xbd\xd0\xb8\xd0\xb6\xd0\xb5 \xd1\x80\xd0\xb0\xd0\xb7\xd1\x80\xd0\xb5\xd1\x88\xd0\xb5\xd0\xbd\xd0\xb8\xd1\x8f \xd1\x8d\xd0\xba\xd1\x80\xd0\xb0\xd0\xbd\xd0\xb0. \xd0\x92 \xd0\xb8\xd0\xb3\xd1\x80\xd0\xb0\xd1\x85 \xd1\x81 \xd0\xb0\xd0\xbf\xd1\x81\xd0\xba\xd0\xb5\xd0\xb9\xd0\xbb\xd0\xbe\xd0\xbc \xd1\x87\xd0\xb5\xd1\x80\xd0\xb5\xd0\xb7 Ray Reconstruction \xd1\x80\xd0\xb0\xd0\xb1\xd0\xbe\xd1\x82\xd0\xb0 \xd0\xbe\xd1\x81\xd1\x82\xd0\xb0\xd1\x91\xd1\x82\xd1\x81\xd1\x8f \xd0\xbf\xd0\xbe\xd1\x81\xd0\xbb\xd0\xb5 \xd0\xbd\xd0\xb5\xd0\xb3\xd0\xbe: \xd0\xb5\xd0\xb3\xd0\xbe \xd0\xb2\xd1\x85\xd0\xbe\xd0\xb4 \xd0\xb5\xd1\x89\xd1\x91 \xd0\xb7\xd0\xb0\xd1\x88\xd1\x83\xd0\xbc\xd0\xbb\xd1\x91\xd0\xbd."},
    {"Runs Neural Rendering again on its own result: a stronger effect, and each extra pass costs the GPU time of one more pass.  Every pass keeps its own history (Chained history, under Fixes).",
     "\xd0\xa1\xd0\xbd\xd0\xbe\xd0\xb2\xd0\xb0 \xd0\xbf\xd1\x80\xd0\xb8\xd0\xbc\xd0\xb5\xd0\xbd\xd1\x8f\xd0\xb5\xd1\x82 Neural Rendering \xd0\xba \xd1\x81\xd0\xbe\xd0\xb1\xd1\x81\xd1\x82\xd0\xb2\xd0\xb5\xd0\xbd\xd0\xbd\xd0\xbe\xd0\xbc\xd1\x83 \xd1\x80\xd0\xb5\xd0\xb7\xd1\x83\xd0\xbb\xd1\x8c\xd1\x82\xd0\xb0\xd1\x82\xd1\x83: \xd1\x8d\xd1\x84\xd1\x84\xd0\xb5\xd0\xba\xd1\x82 \xd1\x81\xd0\xb8\xd0\xbb\xd1\x8c\xd0\xbd\xd0\xb5\xd0\xb5, \xd0\xb0 \xd0\xba\xd0\xb0\xd0\xb6\xd0\xb4\xd1\x8b\xd0\xb9 \xd0\xb4\xd0\xbe\xd0\xbf\xd0\xbe\xd0\xbb\xd0\xbd\xd0\xb8\xd1\x82\xd0\xb5\xd0\xbb\xd1\x8c\xd0\xbd\xd1\x8b\xd0\xb9 \xd0\xbf\xd1\x80\xd0\xbe\xd1\x85\xd0\xbe\xd0\xb4 \xd1\x81\xd1\x82\xd0\xbe\xd0\xb8\xd1\x82 \xd0\xb2\xd1\x80\xd0\xb5\xd0\xbc\xd0\xb5\xd0\xbd\xd0\xb8 GPU \xd0\xb5\xd1\x89\xd1\x91 \xd0\xbe\xd0\xb4\xd0\xbd\xd0\xbe\xd0\xb3\xd0\xbe \xd0\xbf\xd1\x80\xd0\xbe\xd1\x85\xd0\xbe\xd0\xb4\xd0\xb0. \xd0\x9a\xd0\xb0\xd0\xb6\xd0\xb4\xd1\x8b\xd0\xb9 \xd0\xbf\xd1\x80\xd0\xbe\xd1\x85\xd0\xbe\xd0\xb4 \xd1\x85\xd1\x80\xd0\xb0\xd0\xbd\xd0\xb8\xd1\x82 \xd1\x81\xd0\xb2\xd0\xbe\xd1\x8e \xd0\xb8\xd1\x81\xd1\x82\xd0\xbe\xd1\x80\xd0\xb8\xd1\x8e (\xc2\xab\xd0\xa6\xd0\xb5\xd0\xbf\xd0\xbd\xd0\xb0\xd1\x8f \xd0\xb8\xd1\x81\xd1\x82\xd0\xbe\xd1\x80\xd0\xb8\xd1\x8f\xc2\xbb \xd0\xb2 \xd1\x80\xd0\xb0\xd0\xb7\xd0\xb4\xd0\xb5\xd0\xbb\xd0\xb5 \xd0\x98\xd1\x81\xd0\xbf\xd1\x80\xd0\xb0\xd0\xb2\xd0\xbb\xd0\xb5\xd0\xbd\xd0\xb8\xd1\x8f)."},
    {"Pass %u",
     "\xd0\x9f\xd1\x80\xd0\xbe\xd1\x85\xd0\xbe\xd0\xb4 %u"},
    {"HDR transfer",
     "\xd0\x9f\xd0\xb5\xd1\x80\xd0\xb5\xd0\xbd\xd0\xbe\xd1\x81 HDR"},
    {"Color",
     "\xd0\xa6\xd0\xb2\xd0\xb5\xd1\x82"},
    {"Same as pass 1",
     "\xd0\x9a\xd0\xb0\xd0\xba \xd0\xbf\xd1\x80\xd0\xbe\xd1\x85\xd0\xbe\xd0\xb4 1"},
    {"This pass steers the model with pass 1's Look settings.  Off gives it its own, below.",
     "\xd0\xad\xd1\x82\xd0\xbe\xd1\x82 \xd0\xbf\xd1\x80\xd0\xbe\xd1\x85\xd0\xbe\xd0\xb4 \xd1\x83\xd0\xbf\xd1\x80\xd0\xb0\xd0\xb2\xd0\xbb\xd1\x8f\xd0\xb5\xd1\x82 \xd0\xbc\xd0\xbe\xd0\xb4\xd0\xb5\xd0\xbb\xd1\x8c\xd1\x8e \xd0\xbd\xd0\xb0\xd1\x81\xd1\x82\xd1\x80\xd0\xbe\xd0\xb9\xd0\xba\xd0\xb0\xd0\xbc\xd0\xb8 \xd1\x80\xd0\xb0\xd0\xb7\xd0\xb4\xd0\xb5\xd0\xbb\xd0\xb0 \xc2\xab\xd0\x92\xd0\xb8\xd0\xb4\xc2\xbb \xd0\xbf\xd1\x80\xd0\xbe\xd1\x85\xd0\xbe\xd0\xb4\xd0\xb0 1. \xc2\xab\xd0\x92\xd1\x8b\xd0\xba\xd0\xbb\xc2\xbb \xd0\xb4\xd0\xb0\xd1\x91\xd1\x82 \xd0\xb5\xd0\xbc\xd1\x83 \xd1\x81\xd0\xbe\xd0\xb1\xd1\x81\xd1\x82\xd0\xb2\xd0\xb5\xd0\xbd\xd0\xbd\xd1\x8b\xd0\xb5, \xd0\xbd\xd0\xb8\xd0\xb6\xd0\xb5."},
    {"The working resolution as a share of the full one.  Lower costs less GPU time.",
     "\xd0\xa0\xd0\xb0\xd0\xb1\xd0\xbe\xd1\x87\xd0\xb5\xd0\xb5 \xd1\x80\xd0\xb0\xd0\xb7\xd1\x80\xd0\xb5\xd1\x88\xd0\xb5\xd0\xbd\xd0\xb8\xd0\xb5 \xd0\xba\xd0\xb0\xd0\xba \xd0\xb4\xd0\xbe\xd0\xbb\xd1\x8f \xd0\xbf\xd0\xbe\xd0\xbb\xd0\xbd\xd0\xbe\xd0\xb3\xd0\xbe. \xd0\x9c\xd0\xb5\xd0\xbd\xd1\x8c\xd1\x88\xd0\xb5 - \xd0\xbc\xd0\xb5\xd0\xbd\xd1\x8c\xd1\x88\xd0\xb5 \xd0\xb2\xd1\x80\xd0\xb5\xd0\xbc\xd0\xb5\xd0\xbd\xd0\xb8 GPU."},
    {"Resolution scale",
     "\xd0\x9c\xd0\xb0\xd1\x81\xd1\x88\xd1\x82\xd0\xb0\xd0\xb1 \xd1\x80\xd0\xb0\xd0\xb7\xd1\x80\xd0\xb5\xd1\x88\xd0\xb5\xd0\xbd\xd0\xb8\xd1\x8f"},
    {"follows the game (Match game)",
     "\xd1\x81\xd0\xbb\xd0\xb5\xd0\xb4\xd1\x83\xd0\xb5\xd1\x82 \xd0\xb8\xd0\xb3\xd1\x80\xd0\xb5 (\xc2\xab\xd0\x9a\xd0\xb0\xd0\xba \xd0\xb2 \xd0\xb8\xd0\xb3\xd1\x80\xd0\xb5\xc2\xbb)"},
    {"Classic",
     "\xd0\x9a\xd0\xbb\xd0\xb0\xd1\x81\xd1\x81\xd0\xb8\xd0\xba\xd0\xb0"},
    {"Edge-aware",
     "\xd0\x9f\xd0\xbe \xd0\xba\xd1\x80\xd0\xb0\xd1\x8f\xd0\xbc"},
    {"Upsampling",
     "\xd0\x90\xd0\xbf\xd1\x81\xd0\xb5\xd0\xbc\xd0\xbf\xd0\xbb\xd0\xb8\xd0\xbd\xd0\xb3"},
    {"How Neural Rendering's change reaches the screen when it works below the output resolution (no effect at 100%).  Edge-aware keeps the change on the edges it belongs to; Classic is the upsampling of earlier versions.",
     "\xd0\x9a\xd0\xb0\xd0\xba \xd0\xb8\xd0\xb7\xd0\xbc\xd0\xb5\xd0\xbd\xd0\xb5\xd0\xbd\xd0\xb8\xd0\xb5 Neural Rendering \xd0\xbf\xd0\xbe\xd0\xbf\xd0\xb0\xd0\xb4\xd0\xb0\xd0\xb5\xd1\x82 \xd0\xbd\xd0\xb0 \xd1\x8d\xd0\xba\xd1\x80\xd0\xb0\xd0\xbd, \xd0\xba\xd0\xbe\xd0\xb3\xd0\xb4\xd0\xb0 \xd0\xbe\xd0\xbd \xd1\x80\xd0\xb0\xd0\xb1\xd0\xbe\xd1\x82\xd0\xb0\xd0\xb5\xd1\x82 \xd0\xbd\xd0\xb8\xd0\xb6\xd0\xb5 \xd0\xb2\xd1\x8b\xd1\x85\xd0\xbe\xd0\xb4\xd0\xbd\xd0\xbe\xd0\xb3\xd0\xbe \xd1\x80\xd0\xb0\xd0\xb7\xd1\x80\xd0\xb5\xd1\x88\xd0\xb5\xd0\xbd\xd0\xb8\xd1\x8f (\xd0\xbd\xd0\xb5 \xd0\xb4\xd0\xb5\xd0\xb9\xd1\x81\xd1\x82\xd0\xb2\xd1\x83\xd0\xb5\xd1\x82 \xd0\xbf\xd1\x80\xd0\xb8 100%). \xc2\xab\xd0\x9f\xd0\xbe \xd0\xba\xd1\x80\xd0\xb0\xd1\x8f\xd0\xbc\xc2\xbb \xd1\x83\xd0\xb4\xd0\xb5\xd1\x80\xd0\xb6\xd0\xb8\xd0\xb2\xd0\xb0\xd0\xb5\xd1\x82 \xd0\xb8\xd0\xb7\xd0\xbc\xd0\xb5\xd0\xbd\xd0\xb5\xd0\xbd\xd0\xb8\xd0\xb5 \xd0\xbd\xd0\xb0 \xd1\x82\xd0\xb5\xd1\x85 \xd0\xba\xd1\x80\xd0\xb0\xd1\x8f\xd1\x85, \xd0\xba \xd0\xba\xd0\xbe\xd1\x82\xd0\xbe\xd1\x80\xd1\x8b\xd0\xbc \xd0\xbe\xd0\xbd\xd0\xbe \xd0\xbe\xd1\x82\xd0\xbd\xd0\xbe\xd1\x81\xd0\xb8\xd1\x82\xd1\x81\xd1\x8f; \xc2\xab\xd0\x9a\xd0\xbb\xd0\xb0\xd1\x81\xd1\x81\xd0\xb8\xd0\xba\xd0\xb0\xc2\xbb - \xd0\xb0\xd0\xbf\xd1\x81\xd0\xb5\xd0\xbc\xd0\xbf\xd0\xbb\xd0\xb8\xd0\xbd\xd0\xb3 \xd0\xbf\xd1\x80\xd0\xb5\xd0\xb6\xd0\xbd\xd0\xb8\xd1\x85 \xd0\xb2\xd0\xb5\xd1\x80\xd1\x81\xd0\xb8\xd0\xb9."},
    {"Working at",
     "\xd0\xa0\xd0\xb0\xd0\xb1\xd0\xbe\xd1\x82\xd0\xb0\xd0\xb5\xd1\x82 \xd0\xb2"},
    {"Auto (recommended)",
     "\xd0\x90\xd0\xb2\xd1\x82\xd0\xbe (\xd1\x80\xd0\xb5\xd0\xba\xd0\xbe\xd0\xbc\xd0\xb5\xd0\xbd\xd0\xb4\xd1\x83\xd0\xb5\xd1\x82\xd1\x81\xd1\x8f)"},
    {"Classic (manual)",
     "\xd0\x9a\xd0\xbb\xd0\xb0\xd1\x81\xd1\x81\xd0\xb8\xd0\xba\xd0\xb0 (\xd0\xb2\xd1\x80\xd1\x83\xd1\x87\xd0\xbd\xd1\x83\xd1\x8e)"},
    {"Anchored (manual)",
     "\xd0\xa1 \xd1\x8f\xd0\xba\xd0\xbe\xd1\x80\xd0\xb5\xd0\xbc (\xd0\xb2\xd1\x80\xd1\x83\xd1\x87\xd0\xbd\xd1\x83\xd1\x8e)"},
    {"Display (fixed)",
     "\xd0\x94\xd0\xb8\xd1\x81\xd0\xbf\xd0\xbb\xd0\xb5\xd0\xb9 (\xd1\x84\xd0\xb8\xd0\xba\xd1\x81.)"},
    {"How the game's HDR image is prepared for Neural Rendering and brought back.  Auto is right for nearly every game.",
     "\xd0\x9a\xd0\xb0\xd0\xba HDR-\xd0\xb8\xd0\xb7\xd0\xbe\xd0\xb1\xd1\x80\xd0\xb0\xd0\xb6\xd0\xb5\xd0\xbd\xd0\xb8\xd0\xb5 \xd0\xb8\xd0\xb3\xd1\x80\xd1\x8b \xd0\xb3\xd0\xbe\xd1\x82\xd0\xbe\xd0\xb2\xd0\xb8\xd1\x82\xd1\x81\xd1\x8f \xd0\xb4\xd0\xbb\xd1\x8f Neural Rendering \xd0\xb8 \xd0\xb2\xd0\xbe\xd0\xb7\xd0\xb2\xd1\x80\xd0\xb0\xd1\x89\xd0\xb0\xd0\xb5\xd1\x82\xd1\x81\xd1\x8f \xd0\xbe\xd0\xb1\xd1\x80\xd0\xb0\xd1\x82\xd0\xbd\xd0\xbe. \xc2\xab\xd0\x90\xd0\xb2\xd1\x82\xd0\xbe\xc2\xbb \xd0\xbf\xd0\xbe\xd0\xb4\xd1\x85\xd0\xbe\xd0\xb4\xd0\xb8\xd1\x82 \xd0\xbf\xd0\xbe\xd1\x87\xd1\x82\xd0\xb8 \xd0\xb4\xd0\xbb\xd1\x8f \xd0\xb2\xd1\x81\xd0\xb5\xd1\x85 \xd0\xb8\xd0\xb3\xd1\x80."},
    {"Scaling now",
     "\xd0\x9c\xd0\xb0\xd1\x81\xd1\x88\xd1\x82\xd0\xb0\xd0\xb1 \xd1\x81\xd0\xb5\xd0\xb9\xd1\x87\xd0\xb0\xd1\x81"},
    {"fixed, %.0f nits per unit",
     "\xd1\x84\xd0\xb8\xd0\xba\xd1\x81., %.0f nits \xd0\xbd\xd0\xb0 \xd0\xb5\xd0\xb4\xd0\xb8\xd0\xbd\xd0\xb8\xd1\x86\xd1\x83"},
    {"GPU autoscale, governor %s",
     "\xd0\xb0\xd0\xb2\xd1\x82\xd0\xbe\xd0\xbc\xd0\xb0\xd1\x81\xd1\x88\xd1\x82\xd0\xb0\xd0\xb1 \xd0\xbd\xd0\xb0 GPU, \xd1\x80\xd0\xb5\xd0\xb3\xd1\x83\xd0\xbb\xd1\x8f\xd1\x82\xd0\xbe\xd1\x80 %s"},
    {"off (raw candidate)",
     "\xd0\xb2\xd1\x8b\xd0\xba\xd0\xbb (\xd1\x81\xd1\x8b\xd1\x80\xd0\xbe\xd0\xb9 \xd0\xba\xd0\xb0\xd0\xbd\xd0\xb4\xd0\xb8\xd0\xb4\xd0\xb0\xd1\x82)"},
    {"slew",
     "\xd0\xbf\xd0\xbb\xd0\xb0\xd0\xb2\xd0\xbd\xd1\x8b\xd0\xb9"},
    {"Proxy anchor (nits)",
     "\xd0\xaf\xd0\xba\xd0\xbe\xd1\x80\xd1\x8c \xd0\xbf\xd1\x80\xd0\xbe\xd0\xba\xd1\x81\xd0\xb8 (nits)"},
    {"Used only for calibrated absolute HDR. Relative HDR uses the current frame's GPU-derived scale.",
     "\xd0\x98\xd1\x81\xd0\xbf\xd0\xbe\xd0\xbb\xd1\x8c\xd0\xb7\xd1\x83\xd0\xb5\xd1\x82\xd1\x81\xd1\x8f \xd1\x82\xd0\xbe\xd0\xbb\xd1\x8c\xd0\xba\xd0\xbe \xd0\xb4\xd0\xbb\xd1\x8f \xd0\xba\xd0\xb0\xd0\xbb\xd0\xb8\xd0\xb1\xd1\x80\xd0\xbe\xd0\xb2\xd0\xb0\xd0\xbd\xd0\xbd\xd0\xbe\xd0\xb3\xd0\xbe \xd0\xb0\xd0\xb1\xd1\x81\xd0\xbe\xd0\xbb\xd1\x8e\xd1\x82\xd0\xbd\xd0\xbe\xd0\xb3\xd0\xbe HDR. \xd0\x9e\xd1\x82\xd0\xbd\xd0\xbe\xd1\x81\xd0\xb8\xd1\x82\xd0\xb5\xd0\xbb\xd1\x8c\xd0\xbd\xd1\x8b\xd0\xb9 HDR \xd0\xb8\xd1\x81\xd0\xbf\xd0\xbe\xd0\xbb\xd1\x8c\xd0\xb7\xd1\x83\xd0\xb5\xd1\x82 \xd0\xbc\xd0\xb0\xd1\x81\xd1\x88\xd1\x82\xd0\xb0\xd0\xb1 \xd1\x82\xd0\xb5\xd0\xba\xd1\x83\xd1\x89\xd0\xb5\xd0\xb3\xd0\xbe \xd0\xba\xd0\xb0\xd0\xb4\xd1\x80\xd0\xb0, \xd0\xb2\xd1\x8b\xd1\x87\xd0\xb8\xd1\x81\xd0\xbb\xd0\xb5\xd0\xbd\xd0\xbd\xd1\x8b\xd0\xb9 \xd0\xbd\xd0\xb0 GPU."},
    {"Source interpretation",
     "\xd0\x98\xd0\xbd\xd1\x82\xd0\xb5\xd1\x80\xd0\xbf\xd1\x80\xd0\xb5\xd1\x82\xd0\xb0\xd1\x86\xd0\xb8\xd1\x8f \xd0\xb8\xd1\x81\xd1\x82\xd0\xbe\xd1\x87\xd0\xbd\xd0\xb8\xd0\xba\xd0\xb0"},
    {"Auto (format evidence)",
     "\xd0\x90\xd0\xb2\xd1\x82\xd0\xbe (\xd0\xbf\xd0\xbe \xd1\x84\xd0\xbe\xd1\x80\xd0\xbc\xd0\xb0\xd1\x82\xd1\x83)"},
    {"SDR / relative",
     "SDR / \xd0\xbe\xd1\x82\xd0\xbd\xd0\xbe\xd1\x81\xd0\xb8\xd1\x82."},
    {"Linear",
     "\xd0\x9b\xd0\xb8\xd0\xbd\xd0\xb5\xd0\xb9\xd0\xbd\xd1\x8b\xd0\xb9"},
    {"PQ / 10,000 nits",
     "PQ / 10 000 nits"},
    {"Encoding",
     "\xd0\x9a\xd0\xbe\xd0\xb4\xd0\xb8\xd1\x80\xd0\xbe\xd0\xb2\xd0\xb0\xd0\xbd\xd0\xb8\xd0\xb5"},
    {"What the game's image is.  Auto reads it from the image format; override only an engine that declares its format wrongly.",
     "\xd0\xa7\xd1\x82\xd0\xbe \xd0\xbf\xd1\x80\xd0\xb5\xd0\xb4\xd1\x81\xd1\x82\xd0\xb0\xd0\xb2\xd0\xbb\xd1\x8f\xd0\xb5\xd1\x82 \xd1\x81\xd0\xbe\xd0\xb1\xd0\xbe\xd0\xb9 \xd0\xb8\xd0\xb7\xd0\xbe\xd0\xb1\xd1\x80\xd0\xb0\xd0\xb6\xd0\xb5\xd0\xbd\xd0\xb8\xd0\xb5 \xd0\xb8\xd0\xb3\xd1\x80\xd1\x8b. \xc2\xab\xd0\x90\xd0\xb2\xd1\x82\xd0\xbe\xc2\xbb \xd0\xbe\xd0\xbf\xd1\x80\xd0\xb5\xd0\xb4\xd0\xb5\xd0\xbb\xd1\x8f\xd0\xb5\xd1\x82 \xd1\x8d\xd1\x82\xd0\xbe \xd0\xbf\xd0\xbe \xd1\x84\xd0\xbe\xd1\x80\xd0\xbc\xd0\xb0\xd1\x82\xd1\x83 \xd0\xb8\xd0\xb7\xd0\xbe\xd0\xb1\xd1\x80\xd0\xb0\xd0\xb6\xd0\xb5\xd0\xbd\xd0\xb8\xd1\x8f; \xd0\xbf\xd0\xb5\xd1\x80\xd0\xb5\xd0\xbe\xd0\xbf\xd1\x80\xd0\xb5\xd0\xb4\xd0\xb5\xd0\xbb\xd1\x8f\xd0\xb9\xd1\x82\xd0\xb5 \xd1\x82\xd0\xbe\xd0\xbb\xd1\x8c\xd0\xba\xd0\xbe \xd0\xb4\xd0\xbb\xd1\x8f \xd0\xb4\xd0\xb2\xd0\xb8\xd0\xb6\xd0\xba\xd0\xb0, \xd0\xba\xd0\xbe\xd1\x82\xd0\xbe\xd1\x80\xd1\x8b\xd0\xb9 \xd0\xbd\xd0\xb5\xd0\xb2\xd0\xb5\xd1\x80\xd0\xbd\xd0\xbe \xd0\xbe\xd0\xb1\xd1\x8a\xd1\x8f\xd0\xb2\xd0\xbb\xd1\x8f\xd0\xb5\xd1\x82 \xd1\x81\xd0\xb2\xd0\xbe\xd0\xb9 \xd1\x84\xd0\xbe\xd1\x80\xd0\xbc\xd0\xb0\xd1\x82."},
    {"Linear unit (nits)",
     "\xd0\x9b\xd0\xb8\xd0\xbd\xd0\xb5\xd0\xb9\xd0\xbd\xd0\xb0\xd1\x8f \xd0\xb5\xd0\xb4\xd0\xb8\xd0\xbd\xd0\xb8\xd1\x86\xd0\xb0 (nits)"},
    {"Nits per 1.0 of a linear source: 0 keeps it relative (GPU autoscale); a positive value marks it calibrated/absolute.",
     "Nits \xd0\xbd\xd0\xb0 1.0 \xd0\xbb\xd0\xb8\xd0\xbd\xd0\xb5\xd0\xb9\xd0\xbd\xd0\xbe\xd0\xb3\xd0\xbe \xd0\xb8\xd1\x81\xd1\x82\xd0\xbe\xd1\x87\xd0\xbd\xd0\xb8\xd0\xba\xd0\xb0: 0 \xd0\xbe\xd1\x81\xd1\x82\xd0\xb0\xd0\xb2\xd0\xbb\xd1\x8f\xd0\xb5\xd1\x82 \xd0\xb5\xd0\xb3\xd0\xbe \xd0\xbe\xd1\x82\xd0\xbd\xd0\xbe\xd1\x81\xd0\xb8\xd1\x82\xd0\xb5\xd0\xbb\xd1\x8c\xd0\xbd\xd1\x8b\xd0\xbc (\xd0\xb0\xd0\xb2\xd1\x82\xd0\xbe\xd0\xbc\xd0\xb0\xd1\x81\xd1\x88\xd1\x82\xd0\xb0\xd0\xb1 \xd0\xbd\xd0\xb0 GPU); \xd0\xbf\xd0\xbe\xd0\xbb\xd0\xbe\xd0\xb6\xd0\xb8\xd1\x82\xd0\xb5\xd0\xbb\xd1\x8c\xd0\xbd\xd0\xbe\xd0\xb5 \xd0\xb7\xd0\xbd\xd0\xb0\xd1\x87\xd0\xb5\xd0\xbd\xd0\xb8\xd0\xb5 \xd0\xb4\xd0\xb5\xd0\xbb\xd0\xb0\xd0\xb5\xd1\x82 \xd0\xb5\xd0\xb3\xd0\xbe \xd0\xba\xd0\xb0\xd0\xbb\xd0\xb8\xd0\xb1\xd1\x80\xd0\xbe\xd0\xb2\xd0\xb0\xd0\xbd\xd0\xbd\xd1\x8b\xd0\xbc/\xd0\xb0\xd0\xb1\xd1\x81\xd0\xbe\xd0\xbb\xd1\x8e\xd1\x82\xd0\xbd\xd1\x8b\xd0\xbc."},
    {"Auto",
     "\xd0\x90\xd0\xb2\xd1\x82\xd0\xbe"},
    {"BT.709",
     "BT.709"},
    {"BT.2020",
     "BT.2020"},
    {"AP1 (ACEScg)",
     "AP1 (ACEScg)"},
    {"Primaries",
     "\xd0\x9f\xd0\xb5\xd1\x80\xd0\xb2\xd0\xb8\xd1\x87\xd0\xbd\xd1\x8b\xd0\xb5 \xd1\x86\xd0\xb2\xd0\xb5\xd1\x82\xd0\xb0"},
    {"Advisory label only - the neural model works in wide gamut and no conversion is applied.",
     "\xd0\xa2\xd0\xbe\xd0\xbb\xd1\x8c\xd0\xba\xd0\xbe \xd0\xb8\xd0\xbd\xd1\x84\xd0\xbe\xd1\x80\xd0\xbc\xd0\xb0\xd1\x86\xd0\xb8\xd0\xbe\xd0\xbd\xd0\xbd\xd0\xb0\xd1\x8f \xd0\xbc\xd0\xb5\xd1\x82\xd0\xba\xd0\xb0 - \xd0\xbd\xd0\xb5\xd0\xb9\xd1\x80\xd0\xbe\xd0\xbd\xd0\xbd\xd0\xb0\xd1\x8f \xd0\xbc\xd0\xbe\xd0\xb4\xd0\xb5\xd0\xbb\xd1\x8c \xd1\x80\xd0\xb0\xd0\xb1\xd0\xbe\xd1\x82\xd0\xb0\xd0\xb5\xd1\x82 \xd0\xb2 \xd1\x88\xd0\xb8\xd1\x80\xd0\xbe\xd0\xba\xd0\xbe\xd0\xbc \xd0\xbe\xd1\x85\xd0\xb2\xd0\xb0\xd1\x82\xd0\xb5, \xd0\xbf\xd1\x80\xd0\xb5\xd0\xbe\xd0\xb1\xd1\x80\xd0\xb0\xd0\xb7\xd0\xbe\xd0\xb2\xd0\xb0\xd0\xbd\xd0\xb8\xd0\xb5 \xd0\xbd\xd0\xb5 \xd0\xbf\xd1\x80\xd0\xb8\xd0\xbc\xd0\xb5\xd0\xbd\xd1\x8f\xd0\xb5\xd1\x82\xd1\x81\xd1\x8f."},
    {"PQ calibration",
     "\xd0\x9a\xd0\xb0\xd0\xbb\xd0\xb8\xd0\xb1\xd1\x80\xd0\xbe\xd0\xb2\xd0\xba\xd0\xb0 PQ"},
    {"Extra scene-linear gain for PQ sources (classic and Auto over absolute units).  1 = the 203-nit BT.2408 reference; the pre-v6 default was 2.5375 and migrated configs keep it.",
     "\xd0\x94\xd0\xbe\xd0\xbf\xd0\xbe\xd0\xbb\xd0\xbd\xd0\xb8\xd1\x82\xd0\xb5\xd0\xbb\xd1\x8c\xd0\xbd\xd0\xbe\xd0\xb5 \xd0\xbb\xd0\xb8\xd0\xbd\xd0\xb5\xd0\xb9\xd0\xbd\xd0\xbe\xd0\xb5 \xd1\x83\xd1\x81\xd0\xb8\xd0\xbb\xd0\xb5\xd0\xbd\xd0\xb8\xd0\xb5 \xd1\x81\xd1\x86\xd0\xb5\xd0\xbd\xd1\x8b \xd0\xb4\xd0\xbb\xd1\x8f \xd0\xb8\xd1\x81\xd1\x82\xd0\xbe\xd1\x87\xd0\xbd\xd0\xb8\xd0\xba\xd0\xbe\xd0\xb2 PQ (\xd0\xba\xd0\xbb\xd0\xb0\xd1\x81\xd1\x81\xd0\xb8\xd0\xba\xd0\xb0 \xd0\xb8 \xc2\xab\xd0\x90\xd0\xb2\xd1\x82\xd0\xbe\xc2\xbb \xd1\x81 \xd0\xb0\xd0\xb1\xd1\x81\xd0\xbe\xd0\xbb\xd1\x8e\xd1\x82\xd0\xbd\xd1\x8b\xd0\xbc\xd0\xb8 \xd0\xb5\xd0\xb4\xd0\xb8\xd0\xbd\xd0\xb8\xd1\x86\xd0\xb0\xd0\xbc\xd0\xb8). 1 = \xd1\x8d\xd1\x82\xd0\xb0\xd0\xbb\xd0\xbe\xd0\xbd BT.2408 \xd0\xb2 203 nits; \xd0\xb4\xd0\xbe v6 \xd0\xb7\xd0\xbd\xd0\xb0\xd1\x87\xd0\xb5\xd0\xbd\xd0\xb8\xd0\xb5 \xd0\xbf\xd0\xbe \xd1\x83\xd0\xbc\xd0\xbe\xd0\xbb\xd1\x87\xd0\xb0\xd0\xbd\xd0\xb8\xd1\x8e \xd0\xb1\xd1\x8b\xd0\xbb\xd0\xbe 2.5375, \xd0\xb8 \xd0\xbf\xd0\xb5\xd1\x80\xd0\xb5\xd0\xbd\xd0\xb5\xd1\x81\xd1\x91\xd0\xbd\xd0\xbd\xd1\x8b\xd0\xb5 \xd0\xba\xd0\xbe\xd0\xbd\xd1\x84\xd0\xb8\xd0\xb3\xd1\x83\xd1\x80\xd0\xb0\xd1\x86\xd0\xb8\xd0\xb8 \xd0\xb5\xd0\xb3\xd0\xbe \xd1\x81\xd0\xbe\xd1\x85\xd1\x80\xd0\xb0\xd0\xbd\xd1\x8f\xd1\x8e\xd1\x82."},
    {"Scene white scale",
     "\xd0\x9c\xd0\xb0\xd1\x81\xd1\x88\xd1\x82\xd0\xb0\xd0\xb1 \xd0\xb1\xd0\xb5\xd0\xbb\xd0\xbe\xd0\xb3\xd0\xbe \xd1\x81\xd1\x86\xd0\xb5\xd0\xbd\xd1\x8b"},
    {"Always",
     "\xd0\x92\xd1\x81\xd0\xb5\xd0\xb3\xd0\xb4\xd0\xb0"},
    {"Dark pedestal removal",
     "\xd0\xa3\xd0\xb4\xd0\xb0\xd0\xbb\xd0\xb5\xd0\xbd\xd0\xb8\xd0\xb5 \xd1\x82\xd1\x91\xd0\xbc\xd0\xbd\xd0\xbe\xd0\xb3\xd0\xbe \xd0\xbf\xd1\x8c\xd0\xb5\xd0\xb4\xd0\xb5\xd1\x81\xd1\x82\xd0\xb0\xd0\xbb\xd0\xb0"},
    {"Float-HDR games: whether the dark lift the model adds in near-black areas is removed; HDR Transfer Strength sets how much.  Auto skips the removal where the game's brightness is relative (Kingdom Come Deliverance II, Alan Wake 2, GTA V): there it reads shadow noise as a lift and darkens shadows block by block, which flickers.  Always removes it in every HDR game, as releases up to rc7 did.",
     "\xd0\x98\xd0\xb3\xd1\x80\xd1\x8b \xd1\x81 HDR \xd0\xb2 \xd0\xbf\xd0\xbb\xd0\xb0\xd0\xb2\xd0\xb0\xd1\x8e\xd1\x89\xd0\xb5\xd0\xb9 \xd1\x82\xd0\xbe\xd1\x87\xd0\xba\xd0\xb5: \xd1\x83\xd0\xb4\xd0\xb0\xd0\xbb\xd1\x8f\xd1\x82\xd1\x8c \xd0\xbb\xd0\xb8 \xd1\x82\xd1\x91\xd0\xbc\xd0\xbd\xd1\x8b\xd0\xb9 \xd0\xbf\xd0\xbe\xd0\xb4\xd1\x8a\xd1\x91\xd0\xbc, \xd0\xba\xd0\xbe\xd1\x82\xd0\xbe\xd1\x80\xd1\x8b\xd0\xb9 \xd0\xbc\xd0\xbe\xd0\xb4\xd0\xb5\xd0\xbb\xd1\x8c \xd0\xb4\xd0\xbe\xd0\xb1\xd0\xb0\xd0\xb2\xd0\xbb\xd1\x8f\xd0\xb5\xd1\x82 \xd0\xb2 \xd0\xbf\xd0\xbe\xd1\x87\xd1\x82\xd0\xb8 \xd1\x87\xd1\x91\xd1\x80\xd0\xbd\xd1\x8b\xd1\x85 \xd0\xbe\xd0\xb1\xd0\xbb\xd0\xb0\xd1\x81\xd1\x82\xd1\x8f\xd1\x85; \xd0\x9f\xd0\xb5\xd1\x80\xd0\xb5\xd0\xbd\xd0\xbe\xd1\x81 HDR \xd0\xb7\xd0\xb0\xd0\xb4\xd0\xb0\xd1\x91\xd1\x82 \xd0\xb5\xd0\xb3\xd0\xbe \xd1\x81\xd0\xb8\xd0\xbb\xd1\x83.  \xd0\x90\xd0\xb2\xd1\x82\xd0\xbe \xd0\xbf\xd1\x80\xd0\xbe\xd0\xbf\xd1\x83\xd1\x81\xd0\xba\xd0\xb0\xd0\xb5\xd1\x82 \xd1\x83\xd0\xb4\xd0\xb0\xd0\xbb\xd0\xb5\xd0\xbd\xd0\xb8\xd0\xb5 \xd1\x82\xd0\xb0\xd0\xbc, \xd0\xb3\xd0\xb4\xd0\xb5 \xd1\x8f\xd1\x80\xd0\xba\xd0\xbe\xd1\x81\xd1\x82\xd1\x8c \xd0\xb8\xd0\xb3\xd1\x80\xd1\x8b \xd0\xbe\xd1\x82\xd0\xbd\xd0\xbe\xd1\x81\xd0\xb8\xd1\x82\xd0\xb5\xd0\xbb\xd1\x8c\xd0\xbd\xd0\xb0\xd1\x8f (Kingdom Come Deliverance II, Alan Wake 2, GTA V): \xd1\x82\xd0\xb0\xd0\xbc \xd0\xbe\xd0\xbd\xd0\xbe \xd0\xbf\xd1\x80\xd0\xb8\xd0\xbd\xd0\xb8\xd0\xbc\xd0\xb0\xd0\xb5\xd1\x82 \xd1\x88\xd1\x83\xd0\xbc \xd0\xb2 \xd1\x82\xd0\xb5\xd0\xbd\xd1\x8f\xd1\x85 \xd0\xb7\xd0\xb0 \xd0\xbf\xd0\xbe\xd0\xb4\xd1\x8a\xd1\x91\xd0\xbc \xd0\xb8 \xd0\xb7\xd0\xb0\xd1\x82\xd0\xb5\xd0\xbc\xd0\xbd\xd1\x8f\xd0\xb5\xd1\x82 \xd1\x82\xd0\xb5\xd0\xbd\xd0\xb8 \xd0\xb1\xd0\xbb\xd0\xbe\xd0\xba \xd0\xb7\xd0\xb0 \xd0\xb1\xd0\xbb\xd0\xbe\xd0\xba\xd0\xbe\xd0\xbc, \xd1\x87\xd1\x82\xd0\xbe \xd0\xbc\xd0\xb5\xd1\x80\xd1\x86\xd0\xb0\xd0\xb5\xd1\x82.  \xd0\x92\xd1\x81\xd0\xb5\xd0\xb3\xd0\xb4\xd0\xb0 \xd1\x83\xd0\xb4\xd0\xb0\xd0\xbb\xd1\x8f\xd0\xb5\xd1\x82 \xd0\xb5\xd0\xb3\xd0\xbe \xd0\xb2 \xd0\xba\xd0\xb0\xd0\xb6\xd0\xb4\xd0\xbe\xd0\xb9 HDR-\xd0\xb8\xd0\xb3\xd1\x80\xd0\xb5, \xd0\xba\xd0\xb0\xd0\xba \xd0\xb2\xd0\xb5\xd1\x80\xd1\x81\xd0\xb8\xd0\xb8 \xd0\xb4\xd0\xbe rc7."},
    {"Chroma clamp",
     "\xd0\x9e\xd0\xb3\xd1\x80\xd0\xb0\xd0\xbd\xd0\xb8\xd1\x87\xd0\xb5\xd0\xbd\xd0\xb8\xd0\xb5 \xd1\x86\xd0\xb2\xd0\xb5\xd1\x82\xd0\xbd\xd0\xbe\xd1\x81\xd1\x82\xd0\xb8"},
    {"Bound of the chroma part of the neural transfer, in stops either side of the luma gain.  1.00 keeps the validated default; the luma gain itself stays bounded to +/-2 stops.",
     "\xd0\x9f\xd1\x80\xd0\xb5\xd0\xb4\xd0\xb5\xd0\xbb \xd1\x86\xd0\xb2\xd0\xb5\xd1\x82\xd0\xbd\xd0\xbe\xd1\x81\xd1\x82\xd0\xbd\xd0\xbe\xd0\xb9 \xd1\x87\xd0\xb0\xd1\x81\xd1\x82\xd0\xb8 \xd0\xbd\xd0\xb5\xd0\xb9\xd1\x80\xd0\xbe\xd0\xbd\xd0\xbd\xd0\xbe\xd0\xb3\xd0\xbe \xd0\xbf\xd0\xb5\xd1\x80\xd0\xb5\xd0\xbd\xd0\xbe\xd1\x81\xd0\xb0, \xd0\xb2 \xd1\x81\xd1\x82\xd1\x83\xd0\xbf\xd0\xb5\xd0\xbd\xd1\x8f\xd1\x85 \xd0\xbf\xd0\xbe \xd0\xbe\xd0\xb1\xd0\xb5 \xd1\x81\xd1\x82\xd0\xbe\xd1\x80\xd0\xbe\xd0\xbd\xd1\x8b \xd0\xbe\xd1\x82 \xd1\x83\xd1\x81\xd0\xb8\xd0\xbb\xd0\xb5\xd0\xbd\xd0\xb8\xd1\x8f \xd1\x8f\xd1\x80\xd0\xba\xd0\xbe\xd1\x81\xd1\x82\xd0\xb8. 1.00 \xd1\x81\xd0\xbe\xd1\x85\xd1\x80\xd0\xb0\xd0\xbd\xd1\x8f\xd0\xb5\xd1\x82 \xd0\xbf\xd1\x80\xd0\xbe\xd0\xb2\xd0\xb5\xd1\x80\xd0\xb5\xd0\xbd\xd0\xbd\xd0\xbe\xd0\xb5 \xd0\xb7\xd0\xbd\xd0\xb0\xd1\x87\xd0\xb5\xd0\xbd\xd0\xb8\xd0\xb5 \xd0\xbf\xd0\xbe \xd1\x83\xd0\xbc\xd0\xbe\xd0\xbb\xd1\x87\xd0\xb0\xd0\xbd\xd0\xb8\xd1\x8e; \xd1\x81\xd0\xb0\xd0\xbc\xd0\xbe \xd1\x83\xd1\x81\xd0\xb8\xd0\xbb\xd0\xb5\xd0\xbd\xd0\xb8\xd0\xb5 \xd1\x8f\xd1\x80\xd0\xba\xd0\xbe\xd1\x81\xd1\x82\xd0\xb8 \xd0\xbe\xd1\x81\xd1\x82\xd0\xb0\xd1\x91\xd1\x82\xd1\x81\xd1\x8f \xd0\xb2 \xd0\xbf\xd1\x80\xd0\xb5\xd0\xb4\xd0\xb5\xd0\xbb\xd0\xb0\xd1\x85 +/-2 \xd1\x81\xd1\x82\xd1\x83\xd0\xbf\xd0\xb5\xd0\xbd\xd0\xb5\xd0\xb9."},
    {"Bounded ratio",
     "\xd0\x9e\xd0\xb3\xd1\x80\xd0\xb0\xd0\xbd\xd0\xb8\xd1\x87. \xd0\xbe\xd1\x82\xd0\xbd\xd0\xbe\xd1\x88\xd0\xb5\xd0\xbd\xd0\xb8\xd0\xb5"},
    {"Consistent (curve-aware)",
     "\xd0\xa1\xd0\xbe\xd0\xb3\xd0\xbb\xd0\xb0\xd1\x81\xd0\xbe\xd0\xb2\xd0\xb0\xd0\xbd\xd0\xbd\xd1\x8b\xd0\xb9 (\xd1\x81 \xd1\x83\xd1\x87\xd1\x91\xd1\x82\xd0\xbe\xd0\xbc \xd0\xba\xd1\x80\xd0\xb8\xd0\xb2\xd0\xbe\xd0\xb9)"},
    {"Neural transfer",
     "\xd0\x9d\xd0\xb5\xd0\xb9\xd1\x80\xd0\xbe\xd0\xbd\xd0\xbd\xd1\x8b\xd0\xb9 \xd0\xbf\xd0\xb5\xd1\x80\xd0\xb5\xd0\xbd\xd0\xbe\xd1\x81"},
    {"How the model's edit is carried back to HDR on the Display codec.  Bounded ratio applies the proxy-domain change as-is, which under-transfers brightness edits where the proxy curve bends.  Consistent also undoes the curve's gain change, damped where the curve is too flat to invert.  The model sees the same input either way.",
     "\xd0\x9a\xd0\xb0\xd0\xba \xd0\xbf\xd1\x80\xd0\xb0\xd0\xb2\xd0\xba\xd0\xb0 \xd0\xbc\xd0\xbe\xd0\xb4\xd0\xb5\xd0\xbb\xd0\xb8 \xd0\xbf\xd0\xb5\xd1\x80\xd0\xb5\xd0\xbd\xd0\xbe\xd1\x81\xd0\xb8\xd1\x82\xd1\x81\xd1\x8f \xd0\xbe\xd0\xb1\xd1\x80\xd0\xb0\xd1\x82\xd0\xbd\xd0\xbe \xd0\xb2 HDR \xd0\xb2 \xd0\xba\xd0\xbe\xd0\xb4\xd0\xb5\xd0\xba\xd0\xb5 \xc2\xab\xd0\x94\xd0\xb8\xd1\x81\xd0\xbf\xd0\xbb\xd0\xb5\xd0\xb9\xc2\xbb. \xc2\xab\xd0\x9e\xd0\xb3\xd1\x80\xd0\xb0\xd0\xbd\xd0\xb8\xd1\x87. \xd0\xbe\xd1\x82\xd0\xbd\xd0\xbe\xd1\x88\xd0\xb5\xd0\xbd\xd0\xb8\xd0\xb5\xc2\xbb \xd0\xbf\xd1\x80\xd0\xb8\xd0\xbc\xd0\xb5\xd0\xbd\xd1\x8f\xd0\xb5\xd1\x82 \xd0\xb8\xd0\xb7\xd0\xbc\xd0\xb5\xd0\xbd\xd0\xb5\xd0\xbd\xd0\xb8\xd0\xb5 \xd0\xb2 \xd0\xb4\xd0\xbe\xd0\xbc\xd0\xb5\xd0\xbd\xd0\xb5 \xd0\xbf\xd1\x80\xd0\xbe\xd0\xba\xd1\x81\xd0\xb8 \xd0\xba\xd0\xb0\xd0\xba \xd0\xb5\xd1\x81\xd1\x82\xd1\x8c, \xd0\xb8\xd0\xb7-\xd0\xb7\xd0\xb0 \xd1\x87\xd0\xb5\xd0\xb3\xd0\xbe \xd0\xbf\xd1\x80\xd0\xb0\xd0\xb2\xd0\xba\xd0\xb8 \xd1\x8f\xd1\x80\xd0\xba\xd0\xbe\xd1\x81\xd1\x82\xd0\xb8 \xd0\xbf\xd0\xb5\xd1\x80\xd0\xb5\xd0\xbd\xd0\xbe\xd1\x81\xd1\x8f\xd1\x82\xd1\x81\xd1\x8f \xd0\xbd\xd0\xb5 \xd0\xbf\xd0\xbe\xd0\xbb\xd0\xbd\xd0\xbe\xd1\x81\xd1\x82\xd1\x8c\xd1\x8e \xd1\x82\xd0\xb0\xd0\xbc, \xd0\xb3\xd0\xb4\xd0\xb5 \xd0\xba\xd1\x80\xd0\xb8\xd0\xb2\xd0\xb0\xd1\x8f \xd0\xbf\xd1\x80\xd0\xbe\xd0\xba\xd1\x81\xd0\xb8 \xd0\xb8\xd0\xb7\xd0\xb3\xd0\xb8\xd0\xb1\xd0\xb0\xd0\xb5\xd1\x82\xd1\x81\xd1\x8f. \xc2\xab\xd0\xa1\xd0\xbe\xd0\xb3\xd0\xbb\xd0\xb0\xd1\x81\xd0\xbe\xd0\xb2\xd0\xb0\xd0\xbd\xd0\xbd\xd1\x8b\xd0\xb9\xc2\xbb \xd1\x82\xd0\xb0\xd0\xba\xd0\xb6\xd0\xb5 \xd0\xbe\xd1\x82\xd0\xbc\xd0\xb5\xd0\xbd\xd1\x8f\xd0\xb5\xd1\x82 \xd0\xb8\xd0\xb7\xd0\xbc\xd0\xb5\xd0\xbd\xd0\xb5\xd0\xbd\xd0\xb8\xd0\xb5 \xd1\x83\xd1\x81\xd0\xb8\xd0\xbb\xd0\xb5\xd0\xbd\xd0\xb8\xd1\x8f \xd0\xba\xd1\x80\xd0\xb8\xd0\xb2\xd0\xbe\xd0\xb9, \xd1\x81 \xd0\xbe\xd1\x81\xd0\xbb\xd0\xb0\xd0\xb1\xd0\xbb\xd0\xb5\xd0\xbd\xd0\xb8\xd0\xb5\xd0\xbc \xd1\x82\xd0\xb0\xd0\xbc, \xd0\xb3\xd0\xb4\xd0\xb5 \xd0\xba\xd1\x80\xd0\xb8\xd0\xb2\xd0\xb0\xd1\x8f \xd1\x81\xd0\xbb\xd0\xb8\xd1\x88\xd0\xba\xd0\xbe\xd0\xbc \xd0\xbf\xd0\xbb\xd0\xbe\xd1\x81\xd0\xba\xd0\xb0\xd1\x8f \xd0\xb4\xd0\xbb\xd1\x8f \xd0\xbe\xd0\xb1\xd1\x80\xd0\xb0\xd1\x89\xd0\xb5\xd0\xbd\xd0\xb8\xd1\x8f. \xd0\x9c\xd0\xbe\xd0\xb4\xd0\xb5\xd0\xbb\xd1\x8c \xd0\xb2 \xd0\xbe\xd0\xb1\xd0\xbe\xd0\xb8\xd1\x85 \xd1\x81\xd0\xbb\xd1\x83\xd1\x87\xd0\xb0\xd1\x8f\xd1\x85 \xd0\xb2\xd0\xb8\xd0\xb4\xd0\xb8\xd1\x82 \xd0\xbe\xd0\xb4\xd0\xb8\xd0\xbd\xd0\xb0\xd0\xba\xd0\xbe\xd0\xb2\xd1\x8b\xd0\xb9 \xd0\xb2\xd1\x85\xd0\xbe\xd0\xb4."},
    {"Near-black colour guard",
     "\xd0\x97\xd0\xb0\xd1\x89\xd0\xb8\xd1\x82\xd0\xb0 \xd1\x86\xd0\xb2\xd0\xb5\xd1\x82\xd0\xb0 \xd1\x83 \xd1\x87\xd1\x91\xd1\x80\xd0\xbd\xd0\xbe\xd0\xb3\xd0\xbe"},
    {"Divisor-codec HDR (Classic, and PQ or other absolute sources in Auto): where the model returns a near-black value under a bright original, keep the original's colour at the new brightness instead of amplifying the model's noise into green or grey specks.  Off is the previous math.",
     "HDR \xd1\x81 \xd0\xba\xd0\xbe\xd0\xb4\xd0\xb5\xd0\xba\xd0\xbe\xd0\xbc-\xd0\xb4\xd0\xb5\xd0\xbb\xd0\xb8\xd1\x82\xd0\xb5\xd0\xbb\xd0\xb5\xd0\xbc (\xc2\xab\xd0\x9a\xd0\xbb\xd0\xb0\xd1\x81\xd1\x81\xd0\xb8\xd0\xba\xd0\xb0\xc2\xbb, \xd0\xb0 \xd1\x82\xd0\xb0\xd0\xba\xd0\xb6\xd0\xb5 PQ \xd0\xb8 \xd0\xb4\xd1\x80\xd1\x83\xd0\xb3\xd0\xb8\xd0\xb5 \xd0\xb0\xd0\xb1\xd1\x81\xd0\xbe\xd0\xbb\xd1\x8e\xd1\x82\xd0\xbd\xd1\x8b\xd0\xb5 \xd0\xb8\xd1\x81\xd1\x82\xd0\xbe\xd1\x87\xd0\xbd\xd0\xb8\xd0\xba\xd0\xb8 \xd0\xb2 \xc2\xab\xd0\x90\xd0\xb2\xd1\x82\xd0\xbe\xc2\xbb): \xd0\xb3\xd0\xb4\xd0\xb5 \xd0\xbc\xd0\xbe\xd0\xb4\xd0\xb5\xd0\xbb\xd1\x8c \xd0\xb2\xd0\xbe\xd0\xb7\xd0\xb2\xd1\x80\xd0\xb0\xd1\x89\xd0\xb0\xd0\xb5\xd1\x82 \xd0\xbf\xd0\xbe\xd1\x87\xd1\x82\xd0\xb8 \xd1\x87\xd1\x91\xd1\x80\xd0\xbd\xd0\xbe\xd0\xb5 \xd0\xb7\xd0\xbd\xd0\xb0\xd1\x87\xd0\xb5\xd0\xbd\xd0\xb8\xd0\xb5 \xd0\xbf\xd0\xbe\xd0\xb4 \xd1\x8f\xd1\x80\xd0\xba\xd0\xb8\xd0\xbc \xd0\xbe\xd1\x80\xd0\xb8\xd0\xb3\xd0\xb8\xd0\xbd\xd0\xb0\xd0\xbb\xd0\xbe\xd0\xbc, \xd1\x81\xd0\xbe\xd1\x85\xd1\x80\xd0\xb0\xd0\xbd\xd1\x8f\xd0\xb5\xd1\x82 \xd1\x86\xd0\xb2\xd0\xb5\xd1\x82 \xd0\xbe\xd1\x80\xd0\xb8\xd0\xb3\xd0\xb8\xd0\xbd\xd0\xb0\xd0\xbb\xd0\xb0 \xd0\xbf\xd1\x80\xd0\xb8 \xd0\xbd\xd0\xbe\xd0\xb2\xd0\xbe\xd0\xb9 \xd1\x8f\xd1\x80\xd0\xba\xd0\xbe\xd1\x81\xd1\x82\xd0\xb8 \xd0\xb2\xd0\xbc\xd0\xb5\xd1\x81\xd1\x82\xd0\xbe \xd1\x83\xd1\x81\xd0\xb8\xd0\xbb\xd0\xb5\xd0\xbd\xd0\xb8\xd1\x8f \xd1\x88\xd1\x83\xd0\xbc\xd0\xb0 \xd0\xbc\xd0\xbe\xd0\xb4\xd0\xb5\xd0\xbb\xd0\xb8 \xd0\xb2 \xd0\xb7\xd0\xb5\xd0\xbb\xd1\x91\xd0\xbd\xd1\x8b\xd0\xb5 \xd0\xb8\xd0\xbb\xd0\xb8 \xd1\x81\xd0\xb5\xd1\x80\xd1\x8b\xd0\xb5 \xd1\x82\xd0\xbe\xd1\x87\xd0\xba\xd0\xb8. \xc2\xab\xd0\x92\xd1\x8b\xd0\xba\xd0\xbb\xc2\xbb - \xd0\xbf\xd1\x80\xd0\xb5\xd0\xb6\xd0\xbd\xd1\x8f\xd1\x8f \xd0\xbc\xd0\xb0\xd1\x82\xd0\xb5\xd0\xbc\xd0\xb0\xd1\x82\xd0\xb8\xd0\xba\xd0\xb0."},
    {"v1 (frame meter)",
     "v1 (\xd0\xb7\xd0\xb0\xd0\xbc\xd0\xb5\xd1\x80 \xd0\xba\xd0\xb0\xd0\xb4\xd1\x80\xd0\xb0)"},
    {"v2 (game exposure)",
     "v2 (\xd1\x8d\xd0\xba\xd1\x81\xd0\xbf\xd0\xbe\xd0\xb7\xd0\xb8\xd1\x86\xd0\xb8\xd1\x8f \xd0\xb8\xd0\xb3\xd1\x80\xd1\x8b)"},
    {"Brightness source",
     "\xd0\x98\xd1\x81\xd1\x82\xd0\xbe\xd1\x87\xd0\xbd\xd0\xb8\xd0\xba \xd1\x8f\xd1\x80\xd0\xba\xd0\xbe\xd1\x81\xd1\x82\xd0\xb8"},
    {"Where the brightness NR is fed at comes from on relative HDR sources.  v2 follows the game's own exposure (its DLSS exposure texture, or a pre-exposed buffer as it is), so NR's input holds still while the game's eye adaptation swings.  v1 meters each frame's content and adapts at its own rates, which can pulse slowly against the game's adaptation.  Auto uses v2 when the game provides an exposure texture and v1 otherwise: a pre-exposed buffer fed as it is lets a bright scene overload NR's input, and NR boils.  Calibrated/absolute sources ignore this.",
     "\xd0\x9e\xd1\x82\xd0\xba\xd1\x83\xd0\xb4\xd0\xb0 \xd0\xb1\xd0\xb5\xd1\x80\xd1\x91\xd1\x82\xd1\x81\xd1\x8f \xd1\x8f\xd1\x80\xd0\xba\xd0\xbe\xd1\x81\xd1\x82\xd1\x8c, \xd1\x81 \xd0\xba\xd0\xbe\xd1\x82\xd0\xbe\xd1\x80\xd0\xbe\xd0\xb9 NR \xd0\xbf\xd0\xbe\xd0\xbb\xd1\x83\xd1\x87\xd0\xb0\xd0\xb5\xd1\x82 \xd0\xb4\xd0\xb0\xd0\xbd\xd0\xbd\xd1\x8b\xd0\xb5 \xd0\xbe\xd1\x82 \xd0\xbe\xd1\x82\xd0\xbd\xd0\xbe\xd1\x81\xd0\xb8\xd1\x82\xd0\xb5\xd0\xbb\xd1\x8c\xd0\xbd\xd1\x8b\xd1\x85 HDR-\xd0\xb8\xd1\x81\xd1\x82\xd0\xbe\xd1\x87\xd0\xbd\xd0\xb8\xd0\xba\xd0\xbe\xd0\xb2. v2 \xd1\x81\xd0\xbb\xd0\xb5\xd0\xb4\xd1\x83\xd0\xb5\xd1\x82 \xd1\x81\xd0\xbe\xd0\xb1\xd1\x81\xd1\x82\xd0\xb2\xd0\xb5\xd0\xbd\xd0\xbd\xd0\xbe\xd0\xb9 \xd1\x8d\xd0\xba\xd1\x81\xd0\xbf\xd0\xbe\xd0\xb7\xd0\xb8\xd1\x86\xd0\xb8\xd0\xb8 \xd0\xb8\xd0\xb3\xd1\x80\xd1\x8b (\xd0\xb5\xd1\x91 \xd1\x82\xd0\xb5\xd0\xba\xd1\x81\xd1\x82\xd1\x83\xd1\x80\xd0\xb5 \xd1\x8d\xd0\xba\xd1\x81\xd0\xbf\xd0\xbe\xd0\xb7\xd0\xb8\xd1\x86\xd0\xb8\xd0\xb8 DLSS \xd0\xb8\xd0\xbb\xd0\xb8 \xd0\xbf\xd1\x80\xd0\xb5\xd0\xb4\xd1\x8d\xd0\xba\xd1\x81\xd0\xbf\xd0\xbe\xd0\xbd\xd0\xb8\xd1\x80\xd0\xbe\xd0\xb2\xd0\xb0\xd0\xbd\xd0\xbd\xd0\xbe\xd0\xbc\xd1\x83 \xd0\xb1\xd1\x83\xd1\x84\xd0\xb5\xd1\x80\xd1\x83 \xd0\xba\xd0\xb0\xd0\xba \xd0\xb5\xd1\x81\xd1\x82\xd1\x8c), \xd0\xbf\xd0\xbe\xd1\x8d\xd1\x82\xd0\xbe\xd0\xbc\xd1\x83 \xd0\xb2\xd1\x85\xd0\xbe\xd0\xb4 NR \xd1\x81\xd1\x82\xd0\xb0\xd0\xb1\xd0\xb8\xd0\xbb\xd0\xb5\xd0\xbd, \xd0\xbf\xd0\xbe\xd0\xba\xd0\xb0 \xd0\xb0\xd0\xb4\xd0\xb0\xd0\xbf\xd1\x82\xd0\xb0\xd1\x86\xd0\xb8\xd1\x8f \xd0\xb7\xd1\x80\xd0\xb5\xd0\xbd\xd0\xb8\xd1\x8f \xd0\xb2 \xd0\xb8\xd0\xb3\xd1\x80\xd0\xb5 \xd0\xbc\xd0\xb5\xd0\xbd\xd1\x8f\xd0\xb5\xd1\x82\xd1\x81\xd1\x8f. v1 \xd0\xb7\xd0\xb0\xd0\xbc\xd0\xb5\xd1\x80\xd1\x8f\xd0\xb5\xd1\x82 \xd1\x81\xd0\xbe\xd0\xb4\xd0\xb5\xd1\x80\xd0\xb6\xd0\xb8\xd0\xbc\xd0\xbe\xd0\xb5 \xd0\xba\xd0\xb0\xd0\xb6\xd0\xb4\xd0\xbe\xd0\xb3\xd0\xbe \xd0\xba\xd0\xb0\xd0\xb4\xd1\x80\xd0\xb0 \xd0\xb8 \xd0\xb0\xd0\xb4\xd0\xb0\xd0\xbf\xd1\x82\xd0\xb8\xd1\x80\xd1\x83\xd0\xb5\xd1\x82\xd1\x81\xd1\x8f \xd1\x81\xd0\xbe \xd1\x81\xd0\xb2\xd0\xbe\xd0\xb5\xd0\xb9 \xd1\x81\xd0\xba\xd0\xbe\xd1\x80\xd0\xbe\xd1\x81\xd1\x82\xd1\x8c\xd1\x8e, \xd1\x87\xd1\x82\xd0\xbe \xd0\xbc\xd0\xbe\xd0\xb6\xd0\xb5\xd1\x82 \xd0\xbc\xd0\xb5\xd0\xb4\xd0\xbb\xd0\xb5\xd0\xbd\xd0\xbd\xd0\xbe \xd0\xbf\xd1\x83\xd0\xbb\xd1\x8c\xd1\x81\xd0\xb8\xd1\x80\xd0\xbe\xd0\xb2\xd0\xb0\xd1\x82\xd1\x8c \xd0\xbe\xd1\x82\xd0\xbd\xd0\xbe\xd1\x81\xd0\xb8\xd1\x82\xd0\xb5\xd0\xbb\xd1\x8c\xd0\xbd\xd0\xbe \xd0\xb0\xd0\xb4\xd0\xb0\xd0\xbf\xd1\x82\xd0\xb0\xd1\x86\xd0\xb8\xd0\xb8 \xd0\xb8\xd0\xb3\xd1\x80\xd1\x8b. \xc2\xab\xd0\x90\xd0\xb2\xd1\x82\xd0\xbe\xc2\xbb \xd0\xb8\xd1\x81\xd0\xbf\xd0\xbe\xd0\xbb\xd1\x8c\xd0\xb7\xd1\x83\xd0\xb5\xd1\x82 v2, \xd0\xba\xd0\xbe\xd0\xb3\xd0\xb4\xd0\xb0 \xd0\xb8\xd0\xb3\xd1\x80\xd0\xb0 \xd0\xbf\xd1\x80\xd0\xb5\xd0\xb4\xd0\xbe\xd1\x81\xd1\x82\xd0\xb0\xd0\xb2\xd0\xbb\xd1\x8f\xd0\xb5\xd1\x82 \xd1\x82\xd0\xb5\xd0\xba\xd1\x81\xd1\x82\xd1\x83\xd1\x80\xd1\x83 \xd1\x8d\xd0\xba\xd1\x81\xd0\xbf\xd0\xbe\xd0\xb7\xd0\xb8\xd1\x86\xd0\xb8\xd0\xb8, \xd0\xb8 v1 \xd0\xb2 \xd0\xbe\xd1\x81\xd1\x82\xd0\xb0\xd0\xbb\xd1\x8c\xd0\xbd\xd1\x8b\xd1\x85 \xd1\x81\xd0\xbb\xd1\x83\xd1\x87\xd0\xb0\xd1\x8f\xd1\x85: \xd0\xbf\xd1\x80\xd0\xb5\xd0\xb4\xd1\x8d\xd0\xba\xd1\x81\xd0\xbf\xd0\xbe\xd0\xbd\xd0\xb8\xd1\x80\xd0\xbe\xd0\xb2\xd0\xb0\xd0\xbd\xd0\xbd\xd1\x8b\xd0\xb9 \xd0\xb1\xd1\x83\xd1\x84\xd0\xb5\xd1\x80, \xd0\xbf\xd0\xb5\xd1\x80\xd0\xb5\xd0\xb4\xd0\xb0\xd0\xbd\xd0\xbd\xd1\x8b\xd0\xb9 \xd0\xba\xd0\xb0\xd0\xba \xd0\xb5\xd1\x81\xd1\x82\xd1\x8c, \xd0\xbf\xd0\xbe\xd0\xb7\xd0\xb2\xd0\xbe\xd0\xbb\xd1\x8f\xd0\xb5\xd1\x82 \xd1\x8f\xd1\x80\xd0\xba\xd0\xbe\xd0\xb9 \xd1\x81\xd1\x86\xd0\xb5\xd0\xbd\xd0\xb5 \xd0\xbf\xd0\xb5\xd1\x80\xd0\xb5\xd0\xb3\xd1\x80\xd1\x83\xd0\xb7\xd0\xb8\xd1\x82\xd1\x8c \xd0\xb2\xd1\x85\xd0\xbe\xd0\xb4 NR, \xd0\xb8 NR \xc2\xab\xd0\xba\xd0\xb8\xd0\xbf\xd0\xb8\xd1\x82\xc2\xbb. \xd0\x9a\xd0\xb0\xd0\xbb\xd0\xb8\xd0\xb1\xd1\x80\xd0\xbe\xd0\xb2\xd0\xb0\xd0\xbd\xd0\xbd\xd1\x8b\xd0\xb5/\xd0\xb0\xd0\xb1\xd1\x81\xd0\xbe\xd0\xbb\xd1\x8e\xd1\x82\xd0\xbd\xd1\x8b\xd0\xb5 \xd0\xb8\xd1\x81\xd1\x82\xd0\xbe\xd1\x87\xd0\xbd\xd0\xb8\xd0\xba\xd0\xb8 \xd1\x8d\xd1\x82\xd0\xbe \xd0\xb8\xd0\xb3\xd0\xbd\xd0\xbe\xd1\x80\xd0\xb8\xd1\x80\xd1\x83\xd1\x8e\xd1\x82."},
    {"Off (raw per-frame)",
     "\xd0\x92\xd1\x8b\xd0\xba\xd0\xbb (\xd1\x81\xd1\x8b\xd1\x80\xd0\xbe\xd0\xb5 \xd0\xbf\xd0\xbe \xd0\xba\xd0\xb0\xd0\xb4\xd1\x80\xd0\xb0\xd0\xbc)"},
    {"Slew (v6.1.2)",
     "\xd0\x9f\xd0\xbb\xd0\xb0\xd0\xb2\xd0\xbd\xd1\x8b\xd0\xb9 (v6.1.2)"},
    {"Stable (recommended)",
     "\xd0\xa1\xd1\x82\xd0\xb0\xd0\xb1\xd0\xb8\xd0\xbb\xd1\x8c\xd0\xbd\xd1\x8b\xd0\xb9 (\xd1\x80\xd0\xb5\xd0\xba\xd0\xbe\xd0\xbc\xd0\xb5\xd0\xbd\xd0\xb4.)"},
    {"Normalization",
     "\xd0\x9d\xd0\xbe\xd1\x80\xd0\xbc\xd0\xb0\xd0\xbb\xd0\xb8\xd0\xb7\xd0\xb0\xd1\x86\xd0\xb8\xd1\x8f"},
    {"How the same-frame autoscale candidate becomes the applied divisor.  Stable uses a continuous estimate, settles at fixed rates per second (fast when brightening toward clipping, slow when relaxing) and holds still inside a small band, so neither a flickering scene statistic nor a settings edit can pump the image.  Slew is the v6.1.2 per-frame limit; Off applies the raw candidate (v6.1.0).  Calibrated/absolute sources ignore all.",
     "\xd0\x9a\xd0\xb0\xd0\xba \xd0\xba\xd0\xb0\xd0\xbd\xd0\xb4\xd0\xb8\xd0\xb4\xd0\xb0\xd1\x82 \xd0\xb0\xd0\xb2\xd1\x82\xd0\xbe\xd0\xbc\xd0\xb0\xd1\x81\xd1\x88\xd1\x82\xd0\xb0\xd0\xb1\xd0\xb0 \xd1\x82\xd0\xbe\xd0\xb3\xd0\xbe \xd0\xb6\xd0\xb5 \xd0\xba\xd0\xb0\xd0\xb4\xd1\x80\xd0\xb0 \xd1\x81\xd1\x82\xd0\xb0\xd0\xbd\xd0\xbe\xd0\xb2\xd0\xb8\xd1\x82\xd1\x81\xd1\x8f \xd0\xbf\xd1\x80\xd0\xb8\xd0\xbc\xd0\xb5\xd0\xbd\xd1\x8f\xd0\xb5\xd0\xbc\xd1\x8b\xd0\xbc \xd0\xb4\xd0\xb5\xd0\xbb\xd0\xb8\xd1\x82\xd0\xb5\xd0\xbb\xd0\xb5\xd0\xbc. \xc2\xab\xd0\xa1\xd1\x82\xd0\xb0\xd0\xb1\xd0\xb8\xd0\xbb\xd1\x8c\xd0\xbd\xd1\x8b\xd0\xb9\xc2\xbb \xd0\xb8\xd1\x81\xd0\xbf\xd0\xbe\xd0\xbb\xd1\x8c\xd0\xb7\xd1\x83\xd0\xb5\xd1\x82 \xd0\xbd\xd0\xb5\xd0\xbf\xd1\x80\xd0\xb5\xd1\x80\xd1\x8b\xd0\xb2\xd0\xbd\xd1\x83\xd1\x8e \xd0\xbe\xd1\x86\xd0\xb5\xd0\xbd\xd0\xba\xd1\x83, \xd1\x81\xd1\x85\xd0\xbe\xd0\xb4\xd0\xb8\xd1\x82\xd1\x81\xd1\x8f \xd1\x81 \xd1\x84\xd0\xb8\xd0\xba\xd1\x81\xd0\xb8\xd1\x80\xd0\xbe\xd0\xb2\xd0\xb0\xd0\xbd\xd0\xbd\xd0\xbe\xd0\xb9 \xd1\x81\xd0\xba\xd0\xbe\xd1\x80\xd0\xbe\xd1\x81\xd1\x82\xd1\x8c\xd1\x8e \xd0\xb2 \xd1\x81\xd0\xb5\xd0\xba\xd1\x83\xd0\xbd\xd0\xb4\xd1\x83 (\xd0\xb1\xd1\x8b\xd1\x81\xd1\x82\xd1\x80\xd0\xbe \xd0\xbf\xd1\x80\xd0\xb8 \xd0\xbe\xd1\x81\xd0\xb2\xd0\xb5\xd1\x82\xd0\xbb\xd0\xb5\xd0\xbd\xd0\xb8\xd0\xb8 \xd0\xba \xd0\xba\xd0\xbb\xd0\xb8\xd0\xbf\xd0\xbf\xd0\xb8\xd0\xbd\xd0\xb3\xd1\x83, \xd0\xbc\xd0\xb5\xd0\xb4\xd0\xbb\xd0\xb5\xd0\xbd\xd0\xbd\xd0\xbe \xd0\xbf\xd1\x80\xd0\xb8 \xd0\xbe\xd1\x81\xd0\xbb\xd0\xb0\xd0\xb1\xd0\xbb\xd0\xb5\xd0\xbd\xd0\xb8\xd0\xb8) \xd0\xb8 \xd1\x81\xd1\x82\xd0\xbe\xd0\xb8\xd1\x82 \xd0\xbd\xd0\xb0 \xd0\xbc\xd0\xb5\xd1\x81\xd1\x82\xd0\xb5 \xd0\xb2\xd0\xbd\xd1\x83\xd1\x82\xd1\x80\xd0\xb8 \xd1\x83\xd0\xb7\xd0\xba\xd0\xbe\xd0\xb9 \xd0\xbf\xd0\xbe\xd0\xbb\xd0\xbe\xd1\x81\xd1\x8b, \xd0\xbf\xd0\xbe\xd1\x8d\xd1\x82\xd0\xbe\xd0\xbc\xd1\x83 \xd0\xbd\xd0\xb8 \xd0\xbc\xd0\xb5\xd1\x80\xd1\x86\xd0\xb0\xd1\x8e\xd1\x89\xd0\xb0\xd1\x8f \xd1\x81\xd1\x82\xd0\xb0\xd1\x82\xd0\xb8\xd1\x81\xd1\x82\xd0\xb8\xd0\xba\xd0\xb0 \xd1\x81\xd1\x86\xd0\xb5\xd0\xbd\xd1\x8b, \xd0\xbd\xd0\xb8 \xd0\xbf\xd1\x80\xd0\xb0\xd0\xb2\xd0\xba\xd0\xb0 \xd0\xbd\xd0\xb0\xd1\x81\xd1\x82\xd1\x80\xd0\xbe\xd0\xb5\xd0\xba \xd0\xbd\xd0\xb5 \xd0\xb7\xd0\xb0\xd1\x81\xd1\x82\xd0\xb0\xd0\xb2\xd0\xbb\xd1\x8f\xd1\x8e\xd1\x82 \xd0\xb8\xd0\xb7\xd0\xbe\xd0\xb1\xd1\x80\xd0\xb0\xd0\xb6\xd0\xb5\xd0\xbd\xd0\xb8\xd0\xb5 \xd0\xbf\xd1\x83\xd0\xbb\xd1\x8c\xd1\x81\xd0\xb8\xd1\x80\xd0\xbe\xd0\xb2\xd0\xb0\xd1\x82\xd1\x8c. \xc2\xab\xd0\x9f\xd0\xbb\xd0\xb0\xd0\xb2\xd0\xbd\xd1\x8b\xd0\xb9\xc2\xbb - \xd0\xbe\xd0\xb3\xd1\x80\xd0\xb0\xd0\xbd\xd0\xb8\xd1\x87\xd0\xb5\xd0\xbd\xd0\xb8\xd0\xb5 \xd0\xbd\xd0\xb0 \xd0\xba\xd0\xb0\xd0\xb4\xd1\x80 \xd0\xb8\xd0\xb7 v6.1.2; \xc2\xab\xd0\x92\xd1\x8b\xd0\xba\xd0\xbb\xc2\xbb \xd0\xbf\xd1\x80\xd0\xb8\xd0\xbc\xd0\xb5\xd0\xbd\xd1\x8f\xd0\xb5\xd1\x82 \xd1\x81\xd1\x8b\xd1\x80\xd0\xbe\xd0\xb9 \xd0\xba\xd0\xb0\xd0\xbd\xd0\xb4\xd0\xb8\xd0\xb4\xd0\xb0\xd1\x82 (v6.1.0). \xd0\x9a\xd0\xb0\xd0\xbb\xd0\xb8\xd0\xb1\xd1\x80\xd0\xbe\xd0\xb2\xd0\xb0\xd0\xbd\xd0\xbd\xd1\x8b\xd0\xb5/\xd0\xb0\xd0\xb1\xd1\x81\xd0\xbe\xd0\xbb\xd1\x8e\xd1\x82\xd0\xbd\xd1\x8b\xd0\xb5 \xd0\xb8\xd1\x81\xd1\x82\xd0\xbe\xd1\x87\xd0\xbd\xd0\xb8\xd0\xba\xd0\xb8 \xd0\xb8\xd0\xb3\xd0\xbd\xd0\xbe\xd1\x80\xd0\xb8\xd1\x80\xd1\x83\xd1\x8e\xd1\x82 \xd0\xb2\xd1\x81\xd1\x91 \xd1\x8d\xd1\x82\xd0\xbe."},
    {"How fast the divisor may rise when the frame gets brighter (toward the proxy's clipping shoulder).",
     "\xd0\x9a\xd0\xb0\xd0\xba \xd0\xb1\xd1\x8b\xd1\x81\xd1\x82\xd1\x80\xd0\xbe \xd0\xb4\xd0\xb5\xd0\xbb\xd0\xb8\xd1\x82\xd0\xb5\xd0\xbb\xd1\x8c \xd0\xbc\xd0\xbe\xd0\xb6\xd0\xb5\xd1\x82 \xd1\x80\xd0\xb0\xd1\x81\xd1\x82\xd0\xb8, \xd0\xba\xd0\xbe\xd0\xb3\xd0\xb4\xd0\xb0 \xd0\xba\xd0\xb0\xd0\xb4\xd1\x80 \xd1\x81\xd1\x82\xd0\xb0\xd0\xbd\xd0\xbe\xd0\xb2\xd0\xb8\xd1\x82\xd1\x81\xd1\x8f \xd1\x8f\xd1\x80\xd1\x87\xd0\xb5 (\xd0\xba \xd0\xbf\xd0\xbb\xd0\xb5\xd1\x87\xd1\x83 \xd0\xba\xd0\xbb\xd0\xb8\xd0\xbf\xd0\xbf\xd0\xb8\xd0\xbd\xd0\xb3\xd0\xb0 \xd0\xbf\xd1\x80\xd0\xbe\xd0\xba\xd1\x81\xd0\xb8)."},
    {"How fast the divisor may relax when the frame gets darker.  Slow by design: a darker proxy is harmless, a pumping one is not.",
     "\xd0\x9a\xd0\xb0\xd0\xba \xd0\xb1\xd1\x8b\xd1\x81\xd1\x82\xd1\x80\xd0\xbe \xd0\xb4\xd0\xb5\xd0\xbb\xd0\xb8\xd1\x82\xd0\xb5\xd0\xbb\xd1\x8c \xd0\xbc\xd0\xbe\xd0\xb6\xd0\xb5\xd1\x82 \xd0\xbe\xd1\x81\xd0\xbb\xd0\xb0\xd0\xb1\xd0\xb5\xd0\xb2\xd0\xb0\xd1\x82\xd1\x8c, \xd0\xba\xd0\xbe\xd0\xb3\xd0\xb4\xd0\xb0 \xd0\xba\xd0\xb0\xd0\xb4\xd1\x80 \xd1\x81\xd1\x82\xd0\xb0\xd0\xbd\xd0\xbe\xd0\xb2\xd0\xb8\xd1\x82\xd1\x81\xd1\x8f \xd1\x82\xd0\xb5\xd0\xbc\xd0\xbd\xd0\xb5\xd0\xb5. \xd0\x9c\xd0\xb5\xd0\xb4\xd0\xbb\xd0\xb5\xd0\xbd\xd0\xbd\xd0\xbe \xd0\xbd\xd0\xb0\xd0\xbc\xd0\xb5\xd1\x80\xd0\xb5\xd0\xbd\xd0\xbd\xd0\xbe: \xd0\xb1\xd0\xbe\xd0\xbb\xd0\xb5\xd0\xb5 \xd1\x82\xd1\x91\xd0\xbc\xd0\xbd\xd1\x8b\xd0\xb9 \xd0\xbf\xd1\x80\xd0\xbe\xd0\xba\xd1\x81\xd0\xb8 \xd0\xb1\xd0\xb5\xd0\xb7\xd0\xb2\xd1\x80\xd0\xb5\xd0\xb4\xd0\xb5\xd0\xbd, \xd0\xbf\xd1\x83\xd0\xbb\xd1\x8c\xd1\x81\xd0\xb8\xd1\x80\xd1\x83\xd1\x8e\xd1\x89\xd0\xb8\xd0\xb9 - \xd0\xbd\xd0\xb5\xd1\x82."},
    {"Slew (stops/frame)",
     "\xd0\x9f\xd0\xbb\xd0\xb0\xd0\xb2\xd0\xbd\xd0\xbe\xd1\x81\xd1\x82\xd1\x8c (\xd1\x81\xd1\x82\xd1\x83\xd0\xbf./\xd0\xba\xd0\xb0\xd0\xb4\xd1\x80)"},
    {"Largest step the committed divisor may take in one frame.  0.020 is ~1.2 stops/s at 60 Hz: faster than engine eye adaptation, far slower than the frame-to-frame oscillation it damps.  Scene cuts, config changes and feature rebuilds snap instead of slewing, so raising this only affects tracking lag.  0 behaves as Off.",
     "\xd0\x9d\xd0\xb0\xd0\xb8\xd0\xb1\xd0\xbe\xd0\xbb\xd1\x8c\xd1\x88\xd0\xb8\xd0\xb9 \xd1\x88\xd0\xb0\xd0\xb3, \xd0\xba\xd0\xbe\xd1\x82\xd0\xbe\xd1\x80\xd1\x8b\xd0\xb9 \xd0\xbf\xd1\x80\xd0\xb8\xd0\xbc\xd0\xb5\xd0\xbd\xd1\x8f\xd0\xb5\xd0\xbc\xd1\x8b\xd0\xb9 \xd0\xb4\xd0\xb5\xd0\xbb\xd0\xb8\xd1\x82\xd0\xb5\xd0\xbb\xd1\x8c \xd0\xbc\xd0\xbe\xd0\xb6\xd0\xb5\xd1\x82 \xd1\x81\xd0\xb4\xd0\xb5\xd0\xbb\xd0\xb0\xd1\x82\xd1\x8c \xd0\xb7\xd0\xb0 \xd0\xba\xd0\xb0\xd0\xb4\xd1\x80. 0.020 - \xd1\x8d\xd1\x82\xd0\xbe ~1.2 \xd1\x81\xd1\x82\xd1\x83\xd0\xbf\xd0\xb5\xd0\xbd\xd0\xb8/\xd1\x81 \xd0\xbf\xd1\x80\xd0\xb8 60 Hz: \xd0\xb1\xd1\x8b\xd1\x81\xd1\x82\xd1\x80\xd0\xb5\xd0\xb5 \xd0\xb0\xd0\xb4\xd0\xb0\xd0\xbf\xd1\x82\xd0\xb0\xd1\x86\xd0\xb8\xd0\xb8 \xd0\xb7\xd1\x80\xd0\xb5\xd0\xbd\xd0\xb8\xd1\x8f \xd0\xb2 \xd0\xb4\xd0\xb2\xd0\xb8\xd0\xb6\xd0\xba\xd0\xb5 \xd0\xb8 \xd0\xbd\xd0\xb0\xd0\xbc\xd0\xbd\xd0\xbe\xd0\xb3\xd0\xbe \xd0\xbc\xd0\xb5\xd0\xb4\xd0\xbb\xd0\xb5\xd0\xbd\xd0\xbd\xd0\xb5\xd0\xb5 \xd0\xbc\xd0\xb5\xd0\xb6\xd0\xba\xd0\xb0\xd0\xb4\xd1\x80\xd0\xbe\xd0\xb2\xd1\x8b\xd1\x85 \xd0\xba\xd0\xbe\xd0\xbb\xd0\xb5\xd0\xb1\xd0\xb0\xd0\xbd\xd0\xb8\xd0\xb9, \xd0\xba\xd0\xbe\xd1\x82\xd0\xbe\xd1\x80\xd1\x8b\xd0\xb5 \xd0\xbe\xd0\xbd \xd0\xb3\xd0\xb0\xd1\x81\xd0\xb8\xd1\x82. \xd0\xa1\xd0\xbc\xd0\xb5\xd0\xbd\xd0\xb0 \xd1\x81\xd1\x86\xd0\xb5\xd0\xbd\xd1\x8b, \xd0\xb8\xd0\xb7\xd0\xbc\xd0\xb5\xd0\xbd\xd0\xb5\xd0\xbd\xd0\xb8\xd0\xb5 \xd0\xba\xd0\xbe\xd0\xbd\xd1\x84\xd0\xb8\xd0\xb3\xd1\x83\xd1\x80\xd0\xb0\xd1\x86\xd0\xb8\xd0\xb8 \xd0\xb8 \xd0\xbf\xd0\xb5\xd1\x80\xd0\xb5\xd1\x81\xd0\xbe\xd0\xb7\xd0\xb4\xd0\xb0\xd0\xbd\xd0\xb8\xd0\xb5 \xd1\x84\xd1\x83\xd0\xbd\xd0\xba\xd1\x86\xd0\xb8\xd0\xb8 \xd1\x81\xd1\x80\xd0\xb0\xd0\xb1\xd0\xb0\xd1\x82\xd1\x8b\xd0\xb2\xd0\xb0\xd1\x8e\xd1\x82 \xd1\x81\xd1\x80\xd0\xb0\xd0\xb7\xd1\x83, \xd0\xb1\xd0\xb5\xd0\xb7 \xd0\xbf\xd0\xbb\xd0\xb0\xd0\xb2\xd0\xbd\xd0\xbe\xd0\xb3\xd0\xbe \xd0\xbf\xd0\xb5\xd1\x80\xd0\xb5\xd1\x85\xd0\xbe\xd0\xb4\xd0\xb0, \xd0\xbf\xd0\xbe\xd1\x8d\xd1\x82\xd0\xbe\xd0\xbc\xd1\x83 \xd1\x83\xd0\xb2\xd0\xb5\xd0\xbb\xd0\xb8\xd1\x87\xd0\xb5\xd0\xbd\xd0\xb8\xd0\xb5 \xd0\xb2\xd0\xbb\xd0\xb8\xd1\x8f\xd0\xb5\xd1\x82 \xd1\x82\xd0\xbe\xd0\xbb\xd1\x8c\xd0\xba\xd0\xbe \xd0\xbd\xd0\xb0 \xd0\xb7\xd0\xb0\xd0\xb4\xd0\xb5\xd1\x80\xd0\xb6\xd0\xba\xd1\x83 \xd0\xbe\xd1\x82\xd1\x81\xd0\xbb\xd0\xb5\xd0\xb6\xd0\xb8\xd0\xb2\xd0\xb0\xd0\xbd\xd0\xb8\xd1\x8f. 0 \xd1\x80\xd0\xb0\xd0\xb1\xd0\xbe\xd1\x82\xd0\xb0\xd0\xb5\xd1\x82 \xd0\xba\xd0\xb0\xd0\xba \xc2\xab\xd0\x92\xd1\x8b\xd0\xba\xd0\xbb\xc2\xbb."},
    {"Use game NGX flag",
     "\xd0\xa4\xd0\xbb\xd0\xb0\xd0\xb3 NGX \xd0\xb8\xd0\xb7 \xd0\xb8\xd0\xb3\xd1\x80\xd1\x8b"},
    {"Force normal depth",
     "\xd0\x9f\xd1\x80\xd1\x8f\xd0\xbc\xd0\xb0\xd1\x8f \xd0\xb3\xd0\xbb\xd1\x83\xd0\xb1\xd0\xb8\xd0\xbd\xd0\xb0"},
    {"Force inverted depth",
     "\xd0\x9e\xd0\xb1\xd1\x80\xd0\xb0\xd1\x82\xd0\xbd\xd0\xb0\xd1\x8f \xd0\xb3\xd0\xbb\xd1\x83\xd0\xb1\xd0\xb8\xd0\xbd\xd0\xb0"},
    {"Depth",
     "\xd0\x93\xd0\xbb\xd1\x83\xd0\xb1\xd0\xb8\xd0\xbd\xd0\xb0"},
    {"Which way the game's depth runs.  The game's own NGX flag is right unless the game declares it wrongly.",
     "\xd0\x92 \xd0\xba\xd0\xb0\xd0\xba\xd0\xbe\xd0\xbc \xd0\xbd\xd0\xb0\xd0\xbf\xd1\x80\xd0\xb0\xd0\xb2\xd0\xbb\xd0\xb5\xd0\xbd\xd0\xb8\xd0\xb8 \xd0\xb8\xd0\xb4\xd1\x91\xd1\x82 \xd0\xb3\xd0\xbb\xd1\x83\xd0\xb1\xd0\xb8\xd0\xbd\xd0\xb0 \xd0\xb8\xd0\xb3\xd1\x80\xd1\x8b. \xd0\xa1\xd0\xbe\xd0\xb1\xd1\x81\xd1\x82\xd0\xb2\xd0\xb5\xd0\xbd\xd0\xbd\xd1\x8b\xd0\xb9 \xd1\x84\xd0\xbb\xd0\xb0\xd0\xb3 NGX \xd0\xb8\xd0\xb3\xd1\x80\xd1\x8b \xd0\xb2\xd0\xb5\xd1\x80\xd0\xb5\xd0\xbd, \xd0\xb5\xd1\x81\xd0\xbb\xd0\xb8 \xd1\x82\xd0\xbe\xd0\xbb\xd1\x8c\xd0\xba\xd0\xbe \xd0\xb8\xd0\xb3\xd1\x80\xd0\xb0 \xd0\xbd\xd0\xb5 \xd0\xbe\xd0\xb1\xd1\x8a\xd1\x8f\xd0\xb2\xd0\xbb\xd1\x8f\xd0\xb5\xd1\x82 \xd0\xb5\xd0\xb3\xd0\xbe \xd0\xbd\xd0\xb5\xd0\xbf\xd1\x80\xd0\xb0\xd0\xb2\xd0\xb8\xd0\xbb\xd1\x8c\xd0\xbd\xd0\xbe."},
    {"Scales the game's motion vectors before the model sees them.  1.000 is right unless the game reports them at another scale; a negative value flips an axis.",
     "\xd0\x9c\xd0\xb0\xd1\x81\xd1\x88\xd1\x82\xd0\xb0\xd0\xb1\xd0\xb8\xd1\x80\xd1\x83\xd0\xb5\xd1\x82 \xd0\xb2\xd0\xb5\xd0\xba\xd1\x82\xd0\xbe\xd1\x80\xd1\x8b \xd0\xb4\xd0\xb2\xd0\xb8\xd0\xb6\xd0\xb5\xd0\xbd\xd0\xb8\xd1\x8f \xd0\xb8\xd0\xb3\xd1\x80\xd1\x8b \xd0\xb4\xd0\xbe \xd1\x82\xd0\xbe\xd0\xb3\xd0\xbe, \xd0\xba\xd0\xb0\xd0\xba \xd0\xb8\xd1\x85 \xd1\x83\xd0\xb2\xd0\xb8\xd0\xb4\xd0\xb8\xd1\x82 \xd0\xbc\xd0\xbe\xd0\xb4\xd0\xb5\xd0\xbb\xd1\x8c. 1.000 \xd0\xb2\xd0\xb5\xd1\x80\xd0\xbd\xd0\xbe, \xd0\xb5\xd1\x81\xd0\xbb\xd0\xb8 \xd1\x82\xd0\xbe\xd0\xbb\xd1\x8c\xd0\xba\xd0\xbe \xd0\xb8\xd0\xb3\xd1\x80\xd0\xb0 \xd0\xbd\xd0\xb5 \xd0\xbf\xd0\xb5\xd1\x80\xd0\xb5\xd0\xb4\xd0\xb0\xd1\x91\xd1\x82 \xd0\xb8\xd1\x85 \xd0\xb2 \xd0\xb4\xd1\x80\xd1\x83\xd0\xb3\xd0\xbe\xd0\xbc \xd0\xbc\xd0\xb0\xd1\x81\xd1\x88\xd1\x82\xd0\xb0\xd0\xb1\xd0\xb5; \xd0\xbe\xd1\x82\xd1\x80\xd0\xb8\xd1\x86\xd0\xb0\xd1\x82\xd0\xb5\xd0\xbb\xd1\x8c\xd0\xbd\xd0\xbe\xd0\xb5 \xd0\xb7\xd0\xbd\xd0\xb0\xd1\x87\xd0\xb5\xd0\xbd\xd0\xb8\xd0\xb5 \xd0\xbe\xd1\x82\xd1\x80\xd0\xb0\xd0\xb6\xd0\xb0\xd0\xb5\xd1\x82 \xd0\xbe\xd1\x81\xd1\x8c."},
    {"Motion scale X",
     "\xd0\x9c\xd0\xb0\xd1\x81\xd1\x88\xd1\x82\xd0\xb0\xd0\xb1 \xd0\xb4\xd0\xb2\xd0\xb8\xd0\xb6\xd0\xb5\xd0\xbd\xd0\xb8\xd1\x8f X"},
    {"Motion scale Y",
     "\xd0\x9c\xd0\xb0\xd1\x81\xd1\x88\xd1\x82\xd0\xb0\xd0\xb1 \xd0\xb4\xd0\xb2\xd0\xb8\xd0\xb6\xd0\xb5\xd0\xbd\xd0\xb8\xd1\x8f Y"},
    {"Chained history",
     "\xd0\xa6\xd0\xb5\xd0\xbf\xd0\xbd\xd0\xb0\xd1\x8f \xd0\xb8\xd1\x81\xd1\x82\xd0\xbe\xd1\x80\xd0\xb8\xd1\x8f"},
    {"ON (default): every stacked pass keeps its own temporal history (reset only on scene cuts/contract changes). OFF: legacy diagnostic mode - passes 2+ are stateless (Reset every frame).  NVIDIA documents Reset-per-frame as a flicker/aliasing risk; only turn chained OFF to A/B a suspected ghosting compounding.",
     "\xd0\x92\xd0\x9a\xd0\x9b (\xd0\xbf\xd0\xbe \xd1\x83\xd0\xbc\xd0\xbe\xd0\xbb\xd1\x87\xd0\xb0\xd0\xbd\xd0\xb8\xd1\x8e): \xd0\xba\xd0\xb0\xd0\xb6\xd0\xb4\xd1\x8b\xd0\xb9 \xd0\xbf\xd1\x80\xd0\xbe\xd1\x85\xd0\xbe\xd0\xb4 \xd1\x85\xd1\x80\xd0\xb0\xd0\xbd\xd0\xb8\xd1\x82 \xd1\x81\xd0\xbe\xd0\xb1\xd1\x81\xd1\x82\xd0\xb2\xd0\xb5\xd0\xbd\xd0\xbd\xd1\x83\xd1\x8e \xd0\xb2\xd1\x80\xd0\xb5\xd0\xbc\xd0\xb5\xd0\xbd\xd0\xbd\xd1\x83\xd1\x8e \xd0\xb8\xd1\x81\xd1\x82\xd0\xbe\xd1\x80\xd0\xb8\xd1\x8e (\xd1\x81\xd0\xb1\xd1\x80\xd0\xbe\xd1\x81 \xd1\x82\xd0\xbe\xd0\xbb\xd1\x8c\xd0\xba\xd0\xbe \xd0\xbf\xd1\x80\xd0\xb8 \xd1\x81\xd0\xbc\xd0\xb5\xd0\xbd\xd0\xb5 \xd1\x81\xd1\x86\xd0\xb5\xd0\xbd\xd1\x8b/\xd0\xba\xd0\xbe\xd0\xbd\xd1\x82\xd1\x80\xd0\xb0\xd0\xba\xd1\x82\xd0\xb0). \xd0\x92\xd0\xab\xd0\x9a\xd0\x9b: \xd1\x83\xd1\x81\xd1\x82\xd0\xb0\xd1\x80\xd0\xb5\xd0\xb2\xd1\x88\xd0\xb8\xd0\xb9 \xd0\xb4\xd0\xb8\xd0\xb0\xd0\xb3\xd0\xbd\xd0\xbe\xd1\x81\xd1\x82\xd0\xb8\xd1\x87\xd0\xb5\xd1\x81\xd0\xba\xd0\xb8\xd0\xb9 \xd1\x80\xd0\xb5\xd0\xb6\xd0\xb8\xd0\xbc - \xd0\xbf\xd1\x80\xd0\xbe\xd1\x85\xd0\xbe\xd0\xb4\xd1\x8b 2+ \xd0\xb1\xd0\xb5\xd0\xb7 \xd1\x81\xd0\xbe\xd1\x81\xd1\x82\xd0\xbe\xd1\x8f\xd0\xbd\xd0\xb8\xd1\x8f (Reset \xd0\xba\xd0\xb0\xd0\xb6\xd0\xb4\xd1\x8b\xd0\xb9 \xd0\xba\xd0\xb0\xd0\xb4\xd1\x80). NVIDIA \xd1\x83\xd0\xba\xd0\xb0\xd0\xb7\xd1\x8b\xd0\xb2\xd0\xb0\xd0\xb5\xd1\x82, \xd1\x87\xd1\x82\xd0\xbe Reset \xd0\xba\xd0\xb0\xd0\xb6\xd0\xb4\xd1\x8b\xd0\xb9 \xd0\xba\xd0\xb0\xd0\xb4\xd1\x80 \xd0\xb3\xd1\x80\xd0\xbe\xd0\xb7\xd0\xb8\xd1\x82 \xd0\xbc\xd0\xb5\xd1\x80\xd1\x86\xd0\xb0\xd0\xbd\xd0\xb8\xd0\xb5\xd0\xbc/\xd0\xb0\xd0\xbb\xd0\xb8\xd0\xb0\xd1\x81\xd0\xb8\xd0\xbd\xd0\xb3\xd0\xbe\xd0\xbc; \xd0\xb2\xd1\x8b\xd0\xba\xd0\xbb\xd1\x8e\xd1\x87\xd0\xb0\xd0\xb9\xd1\x82\xd0\xb5 \xd1\x86\xd0\xb5\xd0\xbf\xd0\xbe\xd1\x87\xd0\xba\xd1\x83 \xd1\x82\xd0\xbe\xd0\xbb\xd1\x8c\xd0\xba\xd0\xbe \xd0\xb4\xd0\xbb\xd1\x8f A/B-\xd1\x81\xd1\x80\xd0\xb0\xd0\xb2\xd0\xbd\xd0\xb5\xd0\xbd\xd0\xb8\xd1\x8f \xd0\xbf\xd1\x80\xd0\xb8 \xd0\xbf\xd0\xbe\xd0\xb4\xd0\xbe\xd0\xb7\xd1\x80\xd0\xb5\xd0\xbd\xd0\xb8\xd0\xb8 \xd0\xbd\xd0\xb0 \xd0\xbd\xd0\xb0\xd0\xba\xd0\xbe\xd0\xbf\xd0\xbb\xd0\xb5\xd0\xbd\xd0\xb8\xd0\xb5 \xd0\xb3\xd0\xbe\xd1\x81\xd1\x82\xd0\xb8\xd0\xbd\xd0\xb3\xd0\xb0."},
    {"The game's DLSS call lacked its output, depth or motion",
     "\xd0\x92 \xd0\xb2\xd1\x8b\xd0\xb7\xd0\xbe\xd0\xb2\xd0\xb5 DLSS \xd0\xb8\xd0\xb3\xd1\x80\xd1\x8b \xd0\xbd\xd0\xb5 \xd0\xb1\xd1\x8b\xd0\xbb\xd0\xbe \xd0\xb2\xd1\x8b\xd1\x85\xd0\xbe\xd0\xb4\xd0\xb0, \xd0\xb3\xd0\xbb\xd1\x83\xd0\xb1\xd0\xb8\xd0\xbd\xd1\x8b \xd0\xb8\xd0\xbb\xd0\xb8 \xd0\xb4\xd0\xb2\xd0\xb8\xd0\xb6\xd0\xb5\xd0\xbd\xd0\xb8\xd1\x8f"},
    {"The game's DLSS output has a size or layout NR cannot use",
     "\xd0\x92\xd1\x8b\xd1\x85\xd0\xbe\xd0\xb4 DLSS \xd0\xb8\xd0\xb3\xd1\x80\xd1\x8b \xd0\xb8\xd0\xbc\xd0\xb5\xd0\xb5\xd1\x82 \xd1\x80\xd0\xb0\xd0\xb7\xd0\xbc\xd0\xb5\xd1\x80 \xd0\xb8\xd0\xbb\xd0\xb8 \xd1\x80\xd0\xb0\xd1\x81\xd0\xba\xd0\xbb\xd0\xb0\xd0\xb4\xd0\xba\xd1\x83, \xd0\xba\xd0\xbe\xd1\x82\xd0\xbe\xd1\x80\xd1\x8b\xd0\xb5 NR \xd0\xbd\xd0\xb5 \xd0\xbc\xd0\xbe\xd0\xb6\xd0\xb5\xd1\x82 \xd0\xb8\xd1\x81\xd0\xbf\xd0\xbe\xd0\xbb\xd1\x8c\xd0\xb7\xd0\xbe\xd0\xb2\xd0\xb0\xd1\x82\xd1\x8c"},
    {"The game's image before upscaling has a size or layout NR cannot use",
     "\xd0\x98\xd0\xb7\xd0\xbe\xd0\xb1\xd1\x80\xd0\xb0\xd0\xb6\xd0\xb5\xd0\xbd\xd0\xb8\xd0\xb5 \xd0\xb8\xd0\xb3\xd1\x80\xd1\x8b \xd0\xb4\xd0\xbe \xd0\xb0\xd0\xbf\xd1\x81\xd0\xba\xd0\xb5\xd0\xb9\xd0\xbb\xd0\xb0 \xd0\xb8\xd0\xbc\xd0\xb5\xd0\xb5\xd1\x82 \xd1\x80\xd0\xb0\xd0\xb7\xd0\xbc\xd0\xb5\xd1\x80 \xd0\xb8\xd0\xbb\xd0\xb8 \xd1\x80\xd0\xb0\xd1\x81\xd0\xba\xd0\xbb\xd0\xb0\xd0\xb4\xd0\xba\xd1\x83, \xd0\xba\xd0\xbe\xd1\x82\xd0\xbe\xd1\x80\xd1\x8b\xd0\xb5 NR \xd0\xbd\xd0\xb5 \xd0\xbc\xd0\xbe\xd0\xb6\xd0\xb5\xd1\x82 \xd0\xb8\xd1\x81\xd0\xbf\xd0\xbe\xd0\xbb\xd1\x8c\xd0\xb7\xd0\xbe\xd0\xb2\xd0\xb0\xd1\x82\xd1\x8c"},
    {"Streamline did not hand over every image NR needs",
     "Streamline \xd0\xbf\xd0\xb5\xd1\x80\xd0\xb5\xd0\xb4\xd0\xb0\xd0\xbb \xd0\xbd\xd0\xb5 \xd0\xb2\xd1\x81\xd0\xb5 \xd0\xb8\xd0\xb7\xd0\xbe\xd0\xb1\xd1\x80\xd0\xb0\xd0\xb6\xd0\xb5\xd0\xbd\xd0\xb8\xd1\x8f, \xd0\xbd\xd1\x83\xd0\xb6\xd0\xbd\xd1\x8b\xd0\xb5 NR"},
    {"Streamline's images were in a state NR cannot use",
     "\xd0\x98\xd0\xb7\xd0\xbe\xd0\xb1\xd1\x80\xd0\xb0\xd0\xb6\xd0\xb5\xd0\xbd\xd0\xb8\xd1\x8f Streamline \xd0\xb1\xd1\x8b\xd0\xbb\xd0\xb8 \xd0\xb2 \xd1\x81\xd0\xbe\xd1\x81\xd1\x82\xd0\xbe\xd1\x8f\xd0\xbd\xd0\xb8\xd0\xb8, \xd0\xba\xd0\xbe\xd1\x82\xd0\xbe\xd1\x80\xd0\xbe\xd0\xb5 NR \xd0\xbd\xd0\xb5 \xd0\xbc\xd0\xbe\xd0\xb6\xd0\xb5\xd1\x82 \xd0\xb8\xd1\x81\xd0\xbf\xd0\xbe\xd0\xbb\xd1\x8c\xd0\xb7\xd0\xbe\xd0\xb2\xd0\xb0\xd1\x82\xd1\x8c"},
    {"The NR runtime was not ready for Streamline",
     "\xd0\xa1\xd1\x80\xd0\xb5\xd0\xb4\xd0\xb0 \xd0\xb2\xd1\x8b\xd0\xbf\xd0\xbe\xd0\xbb\xd0\xbd\xd0\xb5\xd0\xbd\xd0\xb8\xd1\x8f NR \xd0\xbd\xd0\xb5 \xd0\xb1\xd1\x8b\xd0\xbb\xd0\xb0 \xd0\xb3\xd0\xbe\xd1\x82\xd0\xbe\xd0\xb2\xd0\xb0 \xd0\xb4\xd0\xbb\xd1\x8f Streamline"},
    {"The frame was already enhanced (the game ran DLSS twice)",
     "\xd0\x9a\xd0\xb0\xd0\xb4\xd1\x80 \xd1\x83\xd0\xb6\xd0\xb5 \xd0\xb1\xd1\x8b\xd0\xbb \xd1\x83\xd0\xbb\xd1\x83\xd1\x87\xd1\x88\xd0\xb5\xd0\xbd (\xd0\xb8\xd0\xb3\xd1\x80\xd0\xb0 \xd0\xb2\xd1\x8b\xd0\xb7\xd0\xb2\xd0\xb0\xd0\xbb\xd0\xb0 DLSS \xd0\xb4\xd0\xb2\xd0\xb0\xd0\xb6\xd0\xb4\xd1\x8b)"},
    {"The game's GPU state could not be restored safely",
     "\xd0\xa1\xd0\xbe\xd1\x81\xd1\x82\xd0\xbe\xd1\x8f\xd0\xbd\xd0\xb8\xd0\xb5 GPU \xd0\xb8\xd0\xb3\xd1\x80\xd1\x8b \xd0\xbd\xd0\xb5\xd0\xbb\xd1\x8c\xd0\xb7\xd1\x8f \xd0\xb1\xd1\x8b\xd0\xbb\xd0\xbe \xd0\xb1\xd0\xb5\xd0\xb7\xd0\xbe\xd0\xbf\xd0\xb0\xd1\x81\xd0\xbd\xd0\xbe \xd0\xb2\xd0\xbe\xd1\x81\xd1\x81\xd1\x82\xd0\xb0\xd0\xbd\xd0\xbe\xd0\xb2\xd0\xb8\xd1\x82\xd1\x8c"},
    {"NR could not set up its working images",
     "NR \xd0\xbd\xd0\xb5 \xd1\x81\xd0\xbc\xd0\xbe\xd0\xb3 \xd0\xbf\xd0\xbe\xd0\xb4\xd0\xb3\xd0\xbe\xd1\x82\xd0\xbe\xd0\xb2\xd0\xb8\xd1\x82\xd1\x8c \xd1\x81\xd0\xb2\xd0\xbe\xd0\xb8 \xd1\x80\xd0\xb0\xd0\xb1\xd0\xbe\xd1\x87\xd0\xb8\xd0\xb5 \xd0\xb8\xd0\xb7\xd0\xbe\xd0\xb1\xd1\x80\xd0\xb0\xd0\xb6\xd0\xb5\xd0\xbd\xd0\xb8\xd1\x8f"},
    {"Warm-up after a start or a settings change",
     "\xd0\x9f\xd1\x80\xd0\xbe\xd0\xb3\xd1\x80\xd0\xb5\xd0\xb2 \xd0\xbf\xd0\xbe\xd1\x81\xd0\xbb\xd0\xb5 \xd0\xb7\xd0\xb0\xd0\xbf\xd1\x83\xd1\x81\xd0\xba\xd0\xb0 \xd0\xb8\xd0\xbb\xd0\xb8 \xd0\xb8\xd0\xb7\xd0\xbc\xd0\xb5\xd0\xbd\xd0\xb5\xd0\xbd\xd0\xb8\xd1\x8f \xd0\xbd\xd0\xb0\xd1\x81\xd1\x82\xd1\x80\xd0\xbe\xd0\xb5\xd0\xba"},
    {"Strength is 0 in every pass",
     "\xd0\xa1\xd0\xb8\xd0\xbb\xd0\xb0 \xd1\x80\xd0\xb0\xd0\xb2\xd0\xbd\xd0\xb0 0 \xd0\xb2\xd0\xbe \xd0\xb2\xd1\x81\xd0\xb5\xd1\x85 \xd0\xbf\xd1\x80\xd0\xbe\xd1\x85\xd0\xbe\xd0\xb4\xd0\xb0\xd1\x85"},
    {"Waiting to retry after a failure",
     "\xd0\x9e\xd0\xb6\xd0\xb8\xd0\xb4\xd0\xb0\xd0\xbd\xd0\xb8\xd0\xb5 \xd0\xbf\xd0\xbe\xd0\xb2\xd1\x82\xd0\xbe\xd1\x80\xd0\xbd\xd0\xbe\xd0\xb9 \xd0\xbf\xd0\xbe\xd0\xbf\xd1\x8b\xd1\x82\xd0\xba\xd0\xb8 \xd0\xbf\xd0\xbe\xd1\x81\xd0\xbb\xd0\xb5 \xd1\x81\xd0\xb1\xd0\xbe\xd1\x8f"},
    {"The NR runtime is not available",
     "\xd0\xa1\xd1\x80\xd0\xb5\xd0\xb4\xd0\xb0 \xd0\xb2\xd1\x8b\xd0\xbf\xd0\xbe\xd0\xbb\xd0\xbd\xd0\xb5\xd0\xbd\xd0\xb8\xd1\x8f NR \xd0\xbd\xd0\xb5\xd0\xb4\xd0\xbe\xd1\x81\xd1\x82\xd1\x83\xd0\xbf\xd0\xbd\xd0\xb0"},
    {"The Direct3D 11 bridge was not running",
     "\xd0\x9c\xd0\xbe\xd1\x81\xd1\x82 Direct3D 11 \xd0\xbd\xd0\xb5 \xd1\x80\xd0\xb0\xd0\xb1\xd0\xbe\xd1\x82\xd0\xb0\xd0\xbb"},
    {"This frame's images cannot cross the Direct3D 11 bridge",
     "\xd0\x98\xd0\xb7\xd0\xbe\xd0\xb1\xd1\x80\xd0\xb0\xd0\xb6\xd0\xb5\xd0\xbd\xd0\xb8\xd1\x8f \xd1\x8d\xd1\x82\xd0\xbe\xd0\xb3\xd0\xbe \xd0\xba\xd0\xb0\xd0\xb4\xd1\x80\xd0\xb0 \xd0\xbd\xd0\xb5 \xd0\xbc\xd0\xbe\xd0\xb3\xd1\x83\xd1\x82 \xd0\xbf\xd1\x80\xd0\xbe\xd0\xb9\xd1\x82\xd0\xb8 \xd1\x87\xd0\xb5\xd1\x80\xd0\xb5\xd0\xb7 \xd0\xbc\xd0\xbe\xd1\x81\xd1\x82 Direct3D 11"},
    {"The Direct3D 11 bridge was still busy on the GPU",
     "\xd0\x9c\xd0\xbe\xd1\x81\xd1\x82 Direct3D 11 \xd0\xb1\xd1\x8b\xd0\xbb \xd0\xb5\xd1\x89\xd1\x91 \xd0\xb7\xd0\xb0\xd0\xbd\xd1\x8f\xd1\x82 \xd0\xbd\xd0\xb0 GPU"},
    {"A Direct3D 11 bridge frame stalled and was released",
     "\xd0\x9a\xd0\xb0\xd0\xb4\xd1\x80 \xd0\xbc\xd0\xbe\xd1\x81\xd1\x82\xd0\xb0 Direct3D 11 \xd0\xb7\xd0\xb0\xd0\xb2\xd0\xb8\xd1\x81 \xd0\xb8 \xd0\xb1\xd1\x8b\xd0\xbb \xd0\xbe\xd1\x81\xd0\xb2\xd0\xbe\xd0\xb1\xd0\xbe\xd0\xb6\xd0\xb4\xd1\x91\xd0\xbd"},
    {"The Direct3D 11 bridge was lost",
     "\xd0\x9c\xd0\xbe\xd1\x81\xd1\x82 Direct3D 11 \xd0\xbf\xd0\xbe\xd1\x82\xd0\xb5\xd1\x80\xd1\x8f\xd0\xbd"},
    {"The game ran DLSS on a deferred Direct3D 11 context",
     "\xd0\x98\xd0\xb3\xd1\x80\xd0\xb0 \xd0\xb2\xd1\x8b\xd0\xb7\xd0\xb2\xd0\xb0\xd0\xbb\xd0\xb0 DLSS \xd0\xb2 \xd0\xbe\xd1\x82\xd0\xbb\xd0\xbe\xd0\xb6\xd0\xb5\xd0\xbd\xd0\xbd\xd0\xbe\xd0\xbc \xd0\xba\xd0\xbe\xd0\xbd\xd1\x82\xd0\xb5\xd0\xba\xd1\x81\xd1\x82\xd0\xb5 Direct3D 11"},
    {"Waiting for a closed window's GPU work to finish",
     "\xd0\x9e\xd0\xb6\xd0\xb8\xd0\xb4\xd0\xb0\xd0\xbd\xd0\xb8\xd0\xb5 \xd0\xb7\xd0\xb0\xd0\xb2\xd0\xb5\xd1\x80\xd1\x88\xd0\xb5\xd0\xbd\xd0\xb8\xd1\x8f \xd1\x80\xd0\xb0\xd0\xb1\xd0\xbe\xd1\x82\xd1\x8b GPU \xd0\xb7\xd0\xb0\xd0\xba\xd1\x80\xd1\x8b\xd1\x82\xd0\xbe\xd0\xb3\xd0\xbe \xd0\xbe\xd0\xba\xd0\xbd\xd0\xb0"},
    {"Restore",
     "\xd0\x92\xd0\xbe\xd1\x81\xd1\x81\xd1\x82\xd0\xb0\xd0\xbd\xd0\xbe\xd0\xb2\xd0\xb8\xd1\x82\xd1\x8c"},
    {"Cancel",
     "\xd0\x9e\xd1\x82\xd0\xbc\xd0\xb5\xd0\xbd\xd0\xb0"},
    {"Press a key (Esc cancels)",
     "\xd0\x9d\xd0\xb0\xd0\xb6\xd0\xbc\xd0\xb8\xd1\x82\xd0\xb5 \xd0\xba\xd0\xbb\xd0\xb0\xd0\xb2\xd0\xb8\xd1\x88\xd1\x83 (Esc - \xd0\xbe\xd1\x82\xd0\xbc\xd0\xb5\xd0\xbd\xd0\xb0)"},
    {"Toggle NR",
     "\xd0\x92\xd0\xba\xd0\xbb/\xd0\xb2\xd1\x8b\xd0\xba\xd0\xbb NR"},
    {"Screenshot",
     "\xd0\xa1\xd0\xba\xd1\x80\xd0\xb8\xd0\xbd\xd1\x88\xd0\xbe\xd1\x82"},
    {"PNG",
     "PNG"},
    {"JPEG",
     "JPEG"},
    {"PNG + JPEG",
     "PNG + JPEG"},
    {"File format",
     "\xd0\xa4\xd0\xbe\xd1\x80\xd0\xbc\xd0\xb0\xd1\x82 \xd1\x84\xd0\xb0\xd0\xb9\xd0\xbb\xd0\xb0"},
    {"PNG is lossless. JPEG makes smaller files at full resolution. HDR uses the same SDR preview as rc10.",
     "PNG \xd1\x81\xd0\xbe\xd1\x85\xd1\x80\xd0\xb0\xd0\xbd\xd1\x8f\xd0\xb5\xd1\x82 \xd0\xb1\xd0\xb5\xd0\xb7 \xd0\xbf\xd0\xbe\xd1\x82\xd0\xb5\xd1\x80\xd1\x8c. JPEG \xd1\x81\xd0\xbe\xd0\xb7\xd0\xb4\xd0\xb0\xd1\x91\xd1\x82 \xd0\xbc\xd0\xb5\xd0\xbd\xd1\x8c\xd1\x88\xd0\xb8\xd0\xb5 \xd1\x84\xd0\xb0\xd0\xb9\xd0\xbb\xd1\x8b \xd0\xb2 \xd0\xbf\xd0\xbe\xd0\xbb\xd0\xbd\xd0\xbe\xd0\xbc \xd1\x80\xd0\xb0\xd0\xb7\xd1\x80\xd0\xb5\xd1\x88\xd0\xb5\xd0\xbd\xd0\xb8\xd0\xb8. \xd0\x94\xd0\xbb\xd1\x8f HDR \xd0\xb8\xd1\x81\xd0\xbf\xd0\xbe\xd0\xbb\xd1\x8c\xd0\xb7\xd1\x83\xd0\xb5\xd1\x82\xd1\x81\xd1\x8f \xd1\x82\xd0\xbe\xd1\x82 \xd0\xb6\xd0\xb5 SDR-\xd0\xbf\xd1\x80\xd0\xb5\xd0\xb4\xd0\xbf\xd1\x80\xd0\xbe\xd1\x81\xd0\xbc\xd0\xbe\xd1\x82\xd1\x80, \xd1\x87\xd1\x82\xd0\xbe \xd0\xb8 \xd0\xb2 rc10."},
    {"Pair",
     "\xd0\x9f\xd0\xb0\xd1\x80\xd0\xb0"},
    {"Pair + side by side",
     "\xd0\x9f\xd0\xb0\xd1\x80\xd0\xb0 + \xd1\x80\xd1\x8f\xd0\xb4\xd0\xbe\xd0\xbc"},
    {"Comparison layout",
     "\xd0\xa0\xd0\xb0\xd1\x81\xd0\xba\xd0\xbb\xd0\xb0\xd0\xb4\xd0\xba\xd0\xb0 \xd1\x81\xd1\x80\xd0\xb0\xd0\xb2\xd0\xbd\xd0\xb5\xd0\xbd\xd0\xb8\xd1\x8f"},
    {"Side by side adds one file showing NR off (left) and NR on (right), for a single upload.",
     "\xc2\xab\xd0\xa0\xd1\x8f\xd0\xb4\xd0\xbe\xd0\xbc\xc2\xbb \xd0\xb4\xd0\xbe\xd0\xb1\xd0\xb0\xd0\xb2\xd0\xbb\xd1\x8f\xd0\xb5\xd1\x82 \xd0\xbe\xd0\xb4\xd0\xb8\xd0\xbd \xd1\x84\xd0\xb0\xd0\xb9\xd0\xbb, \xd0\xb3\xd0\xb4\xd0\xb5 NR \xd0\xb2\xd1\x8b\xd0\xba\xd0\xbb\xd1\x8e\xd1\x87\xd0\xb5\xd0\xbd (\xd1\x81\xd0\xbb\xd0\xb5\xd0\xb2\xd0\xb0) \xd0\xb8 NR \xd0\xb2\xd0\xba\xd0\xbb\xd1\x8e\xd1\x87\xd1\x91\xd0\xbd (\xd1\x81\xd0\xbf\xd1\x80\xd0\xb0\xd0\xb2\xd0\xb0), \xd0\xb4\xd0\xbb\xd1\x8f \xd0\xbe\xd0\xb4\xd0\xbd\xd0\xbe\xd0\xb9 \xd0\xb7\xd0\xb0\xd0\xb3\xd1\x80\xd1\x83\xd0\xb7\xd0\xba\xd0\xb8."},
    {"JPEG quality",
     "\xd0\x9a\xd0\xb0\xd1\x87\xd0\xb5\xd1\x81\xd1\x82\xd0\xb2\xd0\xbe JPEG"},
    {"95 is visually lossless. If a file is over the size limit, the quality steps down (not below 85); the image is never scaled down.",
     "95 \xd0\xb2\xd0\xb8\xd0\xb7\xd1\x83\xd0\xb0\xd0\xbb\xd1\x8c\xd0\xbd\xd0\xbe \xd0\xb1\xd0\xb5\xd0\xb7 \xd0\xbf\xd0\xbe\xd1\x82\xd0\xb5\xd1\x80\xd1\x8c. \xd0\x95\xd1\x81\xd0\xbb\xd0\xb8 \xd1\x84\xd0\xb0\xd0\xb9\xd0\xbb \xd0\xbf\xd1\x80\xd0\xb5\xd0\xb2\xd1\x8b\xd1\x88\xd0\xb0\xd0\xb5\xd1\x82 \xd0\xbb\xd0\xb8\xd0\xbc\xd0\xb8\xd1\x82 \xd1\x80\xd0\xb0\xd0\xb7\xd0\xbc\xd0\xb5\xd1\x80\xd0\xb0, \xd0\xba\xd0\xb0\xd1\x87\xd0\xb5\xd1\x81\xd1\x82\xd0\xb2\xd0\xbe \xd1\x81\xd0\xbd\xd0\xb8\xd0\xb6\xd0\xb0\xd0\xb5\xd1\x82\xd1\x81\xd1\x8f \xd1\x88\xd0\xb0\xd0\xb3\xd0\xb0\xd0\xbc\xd0\xb8 (\xd0\xbd\xd0\xb5 \xd0\xbd\xd0\xb8\xd0\xb6\xd0\xb5 85); \xd0\xb8\xd0\xb7\xd0\xbe\xd0\xb1\xd1\x80\xd0\xb0\xd0\xb6\xd0\xb5\xd0\xbd\xd0\xb8\xd0\xb5 \xd0\xbd\xd0\xb8\xd0\xba\xd0\xbe\xd0\xb3\xd0\xb4\xd0\xb0 \xd0\xbd\xd0\xb5 \xd1\x83\xd0\xbc\xd0\xb5\xd0\xbd\xd1\x8c\xd1\x88\xd0\xb0\xd0\xb5\xd1\x82\xd1\x81\xd1\x8f."},
    {"JPEG size limit (MB)",
     "\xd0\x9b\xd0\xb8\xd0\xbc\xd0\xb8\xd1\x82 \xd1\x80\xd0\xb0\xd0\xb7\xd0\xbc\xd0\xb5\xd1\x80\xd0\xb0 JPEG (\xd0\x9c\xd0\x91)"},
    {"10 is Discord's upload limit without Nitro. 0 turns the limit off.",
     "10 - \xd0\xbb\xd0\xb8\xd0\xbc\xd0\xb8\xd1\x82 \xd0\xb7\xd0\xb0\xd0\xb3\xd1\x80\xd1\x83\xd0\xb7\xd0\xba\xd0\xb8 Discord \xd0\xb1\xd0\xb5\xd0\xb7 Nitro. 0 \xd0\xbe\xd1\x82\xd0\xba\xd0\xbb\xd1\x8e\xd1\x87\xd0\xb0\xd0\xb5\xd1\x82 \xd0\xbb\xd0\xb8\xd0\xbc\xd0\xb8\xd1\x82."},
    {"waiting for GPU completion",
     "\xd0\xbe\xd0\xb6\xd0\xb8\xd0\xb4\xd0\xb0\xd0\xbd\xd0\xb8\xd0\xb5 \xd0\xb7\xd0\xb0\xd0\xb2\xd0\xb5\xd1\x80\xd1\x88\xd0\xb5\xd0\xbd\xd0\xb8\xd1\x8f \xd0\xbd\xd0\xb0 GPU"},
    {"armed, waiting for a successful evaluation",
     "\xd0\xb2\xd0\xb7\xd0\xb2\xd0\xb5\xd0\xb4\xd0\xb5\xd0\xbd\xd0\xbe, \xd0\xbe\xd0\xb6\xd0\xb8\xd0\xb4\xd0\xb0\xd0\xbd\xd0\xb8\xd0\xb5 \xd1\x83\xd1\x81\xd0\xbf\xd0\xb5\xd1\x88\xd0\xbd\xd0\xbe\xd0\xb3\xd0\xbe \xd0\xb2\xd1\x8b\xd1\x87\xd0\xb8\xd1\x81\xd0\xbb\xd0\xb5\xd0\xbd\xd0\xb8\xd1\x8f"},
    {"idle",
     "\xd0\xbf\xd1\x80\xd0\xbe\xd1\x81\xd1\x82\xd0\xbe\xd0\xb9"},
    {"Capture",
     "\xd0\xa1\xd0\xbd\xd0\xb8\xd0\xbc\xd0\xbe\xd0\xba"},
    {"Take a screenshot now",
     "\xd0\xa1\xd0\xb4\xd0\xb5\xd0\xbb\xd0\xb0\xd1\x82\xd1\x8c \xd1\x81\xd0\xba\xd1\x80\xd0\xb8\xd0\xbd\xd1\x88\xd0\xbe\xd1\x82 \xd1\x81\xd0\xb5\xd0\xb9\xd1\x87\xd0\xb0\xd1\x81"},
    {"Screenshot status",
     "\xd0\xa1\xd1\x82\xd0\xb0\xd1\x82\xd1\x83\xd1\x81 \xd1\x81\xd0\xba\xd1\x80\xd0\xb8\xd0\xbd\xd1\x88\xd0\xbe\xd1\x82\xd0\xb0"},
    {"ok | %.1f ms GPU",
     "ok | %.1f ms GPU"},
    {"ok",
     "ok"},
    {"failed (0x%08X)",
     "\xd0\xbe\xd1\x88\xd0\xb8\xd0\xb1\xd0\xba\xd0\xb0 (0x%08X)"},
    {"%llu enhanced | %llu bypassed",
     "%llu \xd1\x83\xd0\xbb\xd1\x83\xd1\x87\xd1\x88\xd0\xb5\xd0\xbd\xd0\xbe | %llu \xd0\xbf\xd1\x80\xd0\xbe\xd0\xbf\xd1\x83\xd1\x89\xd0\xb5\xd0\xbd\xd0\xbe"},
    {"NGX core",
     "\xd0\xaf\xd0\xb4\xd1\x80\xd0\xbe NGX"},
    {"signed runtime",
     "\xd0\xbf\xd0\xbe\xd0\xb4\xd0\xbf\xd0\xb8\xd1\x81\xd0\xb0\xd0\xbd\xd0\xbd\xd0\xb0\xd1\x8f \xd1\x81\xd1\x80\xd0\xb5\xd0\xb4\xd0\xb0"},
    {"Direct3D 11 bridge, before upscaling",
     "\xd0\x9c\xd0\xbe\xd1\x81\xd1\x82 Direct3D 11, \xd0\xb4\xd0\xbe \xd0\xb0\xd0\xbf\xd1\x81\xd0\xba\xd0\xb5\xd0\xb9\xd0\xbb\xd0\xb0"},
    {"Direct3D 11 bridge, after upscaling",
     "\xd0\x9c\xd0\xbe\xd1\x81\xd1\x82 Direct3D 11, \xd0\xbf\xd0\xbe\xd1\x81\xd0\xbb\xd0\xb5 \xd0\xb0\xd0\xbf\xd1\x81\xd0\xba\xd0\xb5\xd0\xb9\xd0\xbb\xd0\xb0"},
    {"Direct3D 12, before upscaling",
     "Direct3D 12, \xd0\xb4\xd0\xbe \xd0\xb0\xd0\xbf\xd1\x81\xd0\xba\xd0\xb5\xd0\xb9\xd0\xbb\xd0\xb0"},
    {"Direct3D 12, after upscaling",
     "Direct3D 12, \xd0\xbf\xd0\xbe\xd1\x81\xd0\xbb\xd0\xb5 \xd0\xb0\xd0\xbf\xd1\x81\xd0\xba\xd0\xb5\xd0\xb9\xd0\xbb\xd0\xb0"},
    {"Direct3D 12, from a DX11 bridge tool",
     "Direct3D 12, \xd0\xbe\xd1\x82 \xd0\xb8\xd0\xbd\xd1\x81\xd1\x82\xd1\x80\xd1\x83\xd0\xbc\xd0\xb5\xd0\xbd\xd1\x82\xd0\xb0-\xd0\xbc\xd0\xbe\xd1\x81\xd1\x82\xd0\xb0 DX11"},
    {"not running",
     "\xd0\xbd\xd0\xb5 \xd1\x80\xd0\xb0\xd0\xb1\xd0\xbe\xd1\x82\xd0\xb0\xd0\xb5\xd1\x82"},
    {"Streamline hooks are on (EnableHooks=1). If the game crashes at boot, set EnableHooks=2: NGX-only still covers Streamline's DLSS calls.",
     "\xd0\xa5\xd1\x83\xd0\xba\xd0\xb8 Streamline \xd0\xb2\xd0\xba\xd0\xbb\xd1\x8e\xd1\x87\xd0\xb5\xd0\xbd\xd1\x8b (EnableHooks=1). \xd0\x95\xd1\x81\xd0\xbb\xd0\xb8 \xd0\xb8\xd0\xb3\xd1\x80\xd0\xb0 \xd0\xb2\xd1\x8b\xd0\xbb\xd0\xb5\xd1\x82\xd0\xb0\xd0\xb5\xd1\x82 \xd0\xbf\xd1\x80\xd0\xb8 \xd0\xb7\xd0\xb0\xd0\xbf\xd1\x83\xd1\x81\xd0\xba\xd0\xb5, \xd0\xb7\xd0\xb0\xd0\xb4\xd0\xb0\xd0\xb9\xd1\x82\xd0\xb5 EnableHooks=2: \xd1\x80\xd0\xb5\xd0\xb6\xd0\xb8\xd0\xbc \xd1\x82\xd0\xbe\xd0\xbb\xd1\x8c\xd0\xba\xd0\xbe NGX \xd0\xb2\xd1\x81\xd1\x91 \xd1\x80\xd0\xb0\xd0\xb2\xd0\xbd\xd0\xbe \xd0\xbe\xd1\x85\xd0\xb2\xd0\xb0\xd1\x82\xd1\x8b\xd0\xb2\xd0\xb0\xd0\xb5\xd1\x82 \xd0\xb2\xd1\x8b\xd0\xb7\xd0\xbe\xd0\xb2\xd1\x8b DLSS \xd0\xb8\xd0\xb7 Streamline."},
    {"Flicker or boiling",
     "\xd0\x9c\xd0\xb5\xd1\x80\xd1\x86\xd0\xb0\xd0\xbd\xd0\xb8\xd0\xb5 \xd0\xb8\xd0\xbb\xd0\xb8 \xd0\xba\xd0\xb8\xd0\xbf\xd0\xb5\xd0\xbd\xd0\xb8\xd0\xb5"},
    {"Wrong colours",
     "\xd0\x9d\xd0\xb5\xd0\xb2\xd0\xb5\xd1\x80\xd0\xbd\xd1\x8b\xd0\xb5 \xd1\x86\xd0\xb2\xd0\xb5\xd1\x82\xd0\xb0"},
    {"Crash or freeze",
     "\xd0\x92\xd1\x8b\xd0\xbb\xd0\xb5\xd1\x82 \xd0\xb8\xd0\xbb\xd0\xb8 \xd0\xb7\xd0\xb0\xd0\xb2\xd0\xb8\xd1\x81\xd0\xb0\xd0\xbd\xd0\xb8\xd0\xb5"},
    {"Low fps",
     "\xd0\x9d\xd0\xb8\xd0\xb7\xd0\xba\xd0\xb8\xd0\xb9 fps"},
    {"NR not working",
     "NR \xd0\xbd\xd0\xb5 \xd1\x80\xd0\xb0\xd0\xb1\xd0\xbe\xd1\x82\xd0\xb0\xd0\xb5\xd1\x82"},
    {"Something else",
     "\xd0\x94\xd1\x80\xd1\x83\xd0\xb3\xd0\xbe\xd0\xb5"},
    {"Support report",
     "\xd0\x9e\xd1\x82\xd1\x87\xd1\x91\xd1\x82 \xd0\xb4\xd0\xbb\xd1\x8f \xd0\xbf\xd0\xbe\xd0\xb4\xd0\xb4\xd0\xb5\xd1\x80\xd0\xb6\xd0\xba\xd0\xb8"},
    {"ReShade log",
     "\xd0\x9b\xd0\xbe\xd0\xb3 ReShade"},
    {"ReShade settings (ReShade.ini)",
     "\xd0\x9d\xd0\xb0\xd1\x81\xd1\x82\xd1\x80\xd0\xbe\xd0\xb9\xd0\xba\xd0\xb8 ReShade (ReShade.ini)"},
    {"Crash log",
     "\xd0\x96\xd1\x83\xd1\x80\xd0\xbd\xd0\xb0\xd0\xbb \xd1\x81\xd0\xb1\xd0\xbe\xd0\xb5\xd0\xb2"},
    {"Normalization trace",
     "\xd0\xa2\xd1\x80\xd0\xb0\xd1\x81\xd1\x81\xd0\xb8\xd1\x80\xd0\xbe\xd0\xb2\xd0\xba\xd0\xb0 \xd0\xbd\xd0\xbe\xd1\x80\xd0\xbc\xd0\xb0\xd0\xbb\xd0\xb8\xd0\xb7\xd0\xb0\xd1\x86\xd0\xb8\xd0\xb8"},
    {"Edit trace",
     "\xd0\xa2\xd1\x80\xd0\xb0\xd1\x81\xd1\x81\xd0\xb8\xd1\x80\xd0\xbe\xd0\xb2\xd0\xba\xd0\xb0 \xd0\xb8\xd0\xb7\xd0\xbc\xd0\xb5\xd0\xbd\xd0\xb5\xd0\xbd\xd0\xb8\xd0\xb9"},
    {"Debug trace",
     "\xd0\x9e\xd1\x82\xd0\xbb\xd0\xb0\xd0\xb4\xd0\xbe\xd1\x87\xd0\xbd\xd0\xb0\xd1\x8f \xd1\x82\xd1\x80\xd0\xb0\xd1\x81\xd1\x81\xd0\xb8\xd1\x80\xd0\xbe\xd0\xb2\xd0\xba\xd0\xb0"},
    {"Model output diagnostic",
     "\xd0\x94\xd0\xb8\xd0\xb0\xd0\xb3\xd0\xbd\xd0\xbe\xd1\x81\xd1\x82\xd0\xb8\xd0\xba\xd0\xb0 \xd0\xb2\xd1\x8b\xd1\x85\xd0\xbe\xd0\xb4\xd0\xb0 \xd0\xbc\xd0\xbe\xd0\xb4\xd0\xb5\xd0\xbb\xd0\xb8"},
    {"Screenshot, NR on",
     "\xd0\xa1\xd0\xba\xd1\x80\xd0\xb8\xd0\xbd\xd1\x88\xd0\xbe\xd1\x82, NR \xd0\xb2\xd0\xba\xd0\xbb"},
    {"Model input diagnostic",
     "\xd0\x94\xd0\xb8\xd0\xb0\xd0\xb3\xd0\xbd\xd0\xbe\xd1\x81\xd1\x82\xd0\xb8\xd0\xba\xd0\xb0 \xd0\xb2\xd1\x85\xd0\xbe\xd0\xb4\xd0\xb0 \xd0\xbc\xd0\xbe\xd0\xb4\xd0\xb5\xd0\xbb\xd0\xb8"},
    {"Screenshot, NR off",
     "\xd0\xa1\xd0\xba\xd1\x80\xd0\xb8\xd0\xbd\xd1\x88\xd0\xbe\xd1\x82, NR \xd0\xb2\xd1\x8b\xd0\xba\xd0\xbb"},
    {"Capture details",
     "\xd0\xa1\xd0\xb2\xd0\xb5\xd0\xb4\xd0\xb5\xd0\xbd\xd0\xb8\xd1\x8f \xd0\xbe \xd1\x81\xd0\xbd\xd0\xb8\xd0\xbc\xd0\xba\xd0\xb5"},
    {"Summary: version, status, settings, GPU and driver",
     "\xd0\xa1\xd0\xb2\xd0\xbe\xd0\xb4\xd0\xba\xd0\xb0: \xd0\xb2\xd0\xb5\xd1\x80\xd1\x81\xd0\xb8\xd1\x8f, \xd1\x81\xd1\x82\xd0\xb0\xd1\x82\xd1\x83\xd1\x81, \xd0\xbd\xd0\xb0\xd1\x81\xd1\x82\xd1\x80\xd0\xbe\xd0\xb9\xd0\xba\xd0\xb8, GPU \xd0\xb8 \xd0\xb4\xd1\x80\xd0\xb0\xd0\xb9\xd0\xb2\xd0\xb5\xd1\x80"},
    {"Capture taken.",
     "\xd0\xa1\xd0\xbd\xd0\xb8\xd0\xbc\xd0\xbe\xd0\xba \xd1\x81\xd0\xb4\xd0\xb5\xd0\xbb\xd0\xb0\xd0\xbd."},
    {"No capture: this API or presentation path does not support an exact final-frame comparison yet.",
     "\xd0\xa1\xd0\xbd\xd0\xb8\xd0\xbc\xd0\xba\xd0\xb0 \xd0\xbd\xd0\xb5\xd1\x82: \xd1\x8d\xd1\x82\xd0\xbe\xd1\x82 API \xd0\xb8\xd0\xbb\xd0\xb8 \xd0\xbf\xd1\x83\xd1\x82\xd1\x8c \xd0\xb2\xd1\x8b\xd0\xb2\xd0\xbe\xd0\xb4\xd0\xb0 \xd0\xbf\xd0\xbe\xd0\xba\xd0\xb0 \xd0\xbd\xd0\xb5 \xd0\xbf\xd0\xbe\xd0\xb4\xd0\xb4\xd0\xb5\xd1\x80\xd0\xb6\xd0\xb8\xd0\xb2\xd0\xb0\xd0\xb5\xd1\x82 \xd1\x82\xd0\xbe\xd1\x87\xd0\xbd\xd0\xbe\xd0\xb5 \xd1\x81\xd1\x80\xd0\xb0\xd0\xb2\xd0\xbd\xd0\xb5\xd0\xbd\xd0\xb8\xd0\xb5 \xd0\xb8\xd1\x82\xd0\xbe\xd0\xb3\xd0\xbe\xd0\xb2\xd0\xbe\xd0\xb3\xd0\xbe \xd0\xba\xd0\xb0\xd0\xb4\xd1\x80\xd0\xb0."},
    {"No capture: model-buffer readback is unavailable on this path; use the game's screenshot function for the displayed image.",
     "\xd0\xa1\xd0\xbd\xd0\xb8\xd0\xbc\xd0\xba\xd0\xb0 \xd0\xbd\xd0\xb5\xd1\x82: \xd1\x87\xd1\x82\xd0\xb5\xd0\xbd\xd0\xb8\xd0\xb5 \xd0\xb1\xd1\x83\xd1\x84\xd0\xb5\xd1\x80\xd0\xbe\xd0\xb2 \xd0\xbc\xd0\xbe\xd0\xb4\xd0\xb5\xd0\xbb\xd0\xb8 \xd0\xbd\xd0\xb0 \xd1\x8d\xd1\x82\xd0\xbe\xd0\xbc \xd0\xbf\xd1\x83\xd1\x82\xd0\xb8 \xd0\xbd\xd0\xb5\xd0\xb4\xd0\xbe\xd1\x81\xd1\x82\xd1\x83\xd0\xbf\xd0\xbd\xd0\xbe; \xd0\xb4\xd0\xbb\xd1\x8f \xd0\xbf\xd0\xbe\xd0\xba\xd0\xb0\xd0\xb7\xd0\xb0\xd0\xbd\xd0\xbd\xd0\xbe\xd0\xb3\xd0\xbe \xd0\xb8\xd0\xb7\xd0\xbe\xd0\xb1\xd1\x80\xd0\xb0\xd0\xb6\xd0\xb5\xd0\xbd\xd0\xb8\xd1\x8f \xd0\xb8\xd1\x81\xd0\xbf\xd0\xbe\xd0\xbb\xd1\x8c\xd0\xb7\xd1\x83\xd0\xb9\xd1\x82\xd0\xb5 \xd1\x81\xd0\xba\xd1\x80\xd0\xb8\xd0\xbd\xd1\x88\xd0\xbe\xd1\x82\xd1\x8b \xd1\x81\xd0\xb0\xd0\xbc\xd0\xbe\xd0\xb9 \xd0\xb8\xd0\xb3\xd1\x80\xd1\x8b."},
    {"No capture: exact comparison unavailable with this frame-generation route; disable frame generation for the capture.",
     "\xd0\xa1\xd0\xbd\xd0\xb8\xd0\xbc\xd0\xba\xd0\xb0 \xd0\xbd\xd0\xb5\xd1\x82: \xd1\x82\xd0\xbe\xd1\x87\xd0\xbd\xd0\xbe\xd0\xb5 \xd1\x81\xd1\x80\xd0\xb0\xd0\xb2\xd0\xbd\xd0\xb5\xd0\xbd\xd0\xb8\xd0\xb5 \xd0\xbd\xd0\xb5\xd0\xb4\xd0\xbe\xd1\x81\xd1\x82\xd1\x83\xd0\xbf\xd0\xbd\xd0\xbe \xd1\x81 \xd1\x8d\xd1\x82\xd0\xb8\xd0\xbc \xd0\xbf\xd1\x83\xd1\x82\xd1\x91\xd0\xbc \xd0\xb3\xd0\xb5\xd0\xbd\xd0\xb5\xd1\x80\xd0\xb0\xd1\x86\xd0\xb8\xd0\xb8 \xd0\xba\xd0\xb0\xd0\xb4\xd1\x80\xd0\xbe\xd0\xb2; \xd0\xbe\xd1\x82\xd0\xba\xd0\xbb\xd1\x8e\xd1\x87\xd0\xb8\xd1\x82\xd0\xb5 \xd0\xb3\xd0\xb5\xd0\xbd\xd0\xb5\xd1\x80\xd0\xb0\xd1\x86\xd0\xb8\xd1\x8e \xd0\xba\xd0\xb0\xd0\xb4\xd1\x80\xd0\xbe\xd0\xb2 \xd0\xb4\xd0\xbb\xd1\x8f \xd1\x81\xd0\xbd\xd0\xb8\xd0\xbc\xd0\xba\xd0\xb0."},
    {"No capture: enable NR before taking a comparison.",
     "\xd0\xa1\xd0\xbd\xd0\xb8\xd0\xbc\xd0\xba\xd0\xb0 \xd0\xbd\xd0\xb5\xd1\x82: \xd0\xb2\xd0\xba\xd0\xbb\xd1\x8e\xd1\x87\xd0\xb8\xd1\x82\xd0\xb5 NR \xd0\xbf\xd0\xb5\xd1\x80\xd0\xb5\xd0\xb4 \xd1\x81\xd1\x80\xd0\xb0\xd0\xb2\xd0\xbd\xd0\xb5\xd0\xbd\xd0\xb8\xd0\xb5\xd0\xbc."},
    {"No capture: another NR implementation owns this frame.",
     "\xd0\xa1\xd0\xbd\xd0\xb8\xd0\xbc\xd0\xba\xd0\xb0 \xd0\xbd\xd0\xb5\xd1\x82: \xd1\x8d\xd1\x82\xd0\xb8\xd0\xbc \xd0\xba\xd0\xb0\xd0\xb4\xd1\x80\xd0\xbe\xd0\xbc \xd1\x83\xd0\xbf\xd1\x80\xd0\xb0\xd0\xb2\xd0\xbb\xd1\x8f\xd0\xb5\xd1\x82 \xd0\xb4\xd1\x80\xd1\x83\xd0\xb3\xd0\xb0\xd1\x8f \xd1\x80\xd0\xb5\xd0\xb0\xd0\xbb\xd0\xb8\xd0\xb7\xd0\xb0\xd1\x86\xd0\xb8\xd1\x8f NR."},
    {"No capture: the command list carrying its copies did not execute.",
     "\xd0\xa1\xd0\xbd\xd0\xb8\xd0\xbc\xd0\xba\xd0\xb0 \xd0\xbd\xd0\xb5\xd1\x82: \xd1\x81\xd0\xbf\xd0\xb8\xd1\x81\xd0\xbe\xd0\xba \xd0\xba\xd0\xbe\xd0\xbc\xd0\xb0\xd0\xbd\xd0\xb4 \xd1\x81 \xd0\xb5\xd0\xb3\xd0\xbe \xd0\xba\xd0\xbe\xd0\xbf\xd0\xb8\xd1\x80\xd0\xbe\xd0\xb2\xd0\xb0\xd0\xbd\xd0\xb8\xd0\xb5\xd0\xbc \xd0\xbd\xd0\xb5 \xd0\xb2\xd1\x8b\xd0\xbf\xd0\xbe\xd0\xbb\xd0\xbd\xd0\xb8\xd0\xbb\xd1\x81\xd1\x8f."},
    {"No capture: NR did not run a frame (NR off, a menu or a loading screen).",
     "\xd0\xa1\xd0\xbd\xd0\xb8\xd0\xbc\xd0\xba\xd0\xb0 \xd0\xbd\xd0\xb5\xd1\x82: NR \xd0\xbd\xd0\xb5 \xd0\xbe\xd0\xb1\xd1\x80\xd0\xb0\xd0\xb1\xd0\xbe\xd1\x82\xd0\xb0\xd0\xbb \xd0\xbd\xd0\xb8 \xd0\xbe\xd0\xb4\xd0\xbd\xd0\xbe\xd0\xb3\xd0\xbe \xd0\xba\xd0\xb0\xd0\xb4\xd1\x80\xd0\xb0 (NR \xd0\xb2\xd1\x8b\xd0\xba\xd0\xbb, \xd0\xbc\xd0\xb5\xd0\xbd\xd1\x8e \xd0\xb8\xd0\xbb\xd0\xb8 \xd1\x8d\xd0\xba\xd1\x80\xd0\xb0\xd0\xbd \xd0\xb7\xd0\xb0\xd0\xb3\xd1\x80\xd1\x83\xd0\xb7\xd0\xba\xd0\xb8)."},
    {"No capture: it did not finish in time.",
     "\xd0\xa1\xd0\xbd\xd0\xb8\xd0\xbc\xd0\xba\xd0\xb0 \xd0\xbd\xd0\xb5\xd1\x82: \xd0\xbe\xd0\xbd \xd0\xbd\xd0\xb5 \xd0\xb7\xd0\xb0\xd0\xb2\xd0\xb5\xd1\x80\xd1\x88\xd0\xb8\xd0\xbb\xd1\x81\xd1\x8f \xd0\xb2\xd0\xbe\xd0\xb2\xd1\x80\xd0\xb5\xd0\xbc\xd1\x8f."},
    {"No capture: the GPU did not confirm the copies in time.",
     "\xd0\xa1\xd0\xbd\xd0\xb8\xd0\xbc\xd0\xba\xd0\xb0 \xd0\xbd\xd0\xb5\xd1\x82: GPU \xd0\xbd\xd0\xb5 \xd0\xbf\xd0\xbe\xd0\xb4\xd1\x82\xd0\xb2\xd0\xb5\xd1\x80\xd0\xb4\xd0\xb8\xd0\xbb \xd0\xba\xd0\xbe\xd0\xbf\xd0\xb8\xd1\x80\xd0\xbe\xd0\xb2\xd0\xb0\xd0\xbd\xd0\xb8\xd0\xb5 \xd0\xb2\xd0\xbe\xd0\xb2\xd1\x80\xd0\xb5\xd0\xbc\xd1\x8f."},
    {"No capture: the frame's NR pass did not complete.",
     "\xd0\xa1\xd0\xbd\xd0\xb8\xd0\xbc\xd0\xba\xd0\xb0 \xd0\xbd\xd0\xb5\xd1\x82: \xd0\xbf\xd1\x80\xd0\xbe\xd1\x85\xd0\xbe\xd0\xb4 NR \xd0\xb4\xd0\xbb\xd1\x8f \xd0\xba\xd0\xb0\xd0\xb4\xd1\x80\xd0\xb0 \xd0\xbd\xd0\xb5 \xd0\xb7\xd0\xb0\xd0\xb2\xd0\xb5\xd1\x80\xd1\x88\xd0\xb8\xd0\xbb\xd1\x81\xd1\x8f."},
    {"No capture: skipped.",
     "\xd0\xa1\xd0\xbd\xd0\xb8\xd0\xbc\xd0\xba\xd0\xb0 \xd0\xbd\xd0\xb5\xd1\x82: \xd0\xbf\xd1\x80\xd0\xbe\xd0\xbf\xd1\x83\xd1\x89\xd0\xb5\xd0\xbd\xd0\xbe."},
    {"No capture: another capture stayed busy.",
     "\xd0\x9d\xd0\xb5\xd1\x82 \xd1\x81\xd0\xbd\xd0\xb8\xd0\xbc\xd0\xba\xd0\xb0: \xd0\xb4\xd1\x80\xd1\x83\xd0\xb3\xd0\xb0\xd1\x8f \xd1\x81\xd1\x8a\xd0\xb5\xd0\xbc\xd0\xba\xd0\xb0 \xd0\xb2\xd1\x81\xd0\xb5 \xd0\xb5\xd1\x89\xd0\xb5 \xd0\xb2\xd1\x8b\xd0\xbf\xd0\xbe\xd0\xbb\xd0\xbd\xd1\x8f\xd0\xbb\xd0\xb0\xd1\x81\xd1\x8c."},
    {"No capture: the files could not be written.",
     "\xd0\xa1\xd0\xbd\xd0\xb8\xd0\xbc\xd0\xba\xd0\xb0 \xd0\xbd\xd0\xb5\xd1\x82: \xd0\xbd\xd0\xb5 \xd1\x83\xd0\xb4\xd0\xb0\xd0\xbb\xd0\xbe\xd1\x81\xd1\x8c \xd0\xb7\xd0\xb0\xd0\xbf\xd0\xb8\xd1\x81\xd0\xb0\xd1\x82\xd1\x8c \xd1\x84\xd0\xb0\xd0\xb9\xd0\xbb\xd1\x8b."},
    {"I'm having issues...",
     "\xd0\xa3 \xd0\xbc\xd0\xb5\xd0\xbd\xd1\x8f \xd0\xbf\xd1\x80\xd0\xbe\xd0\xb1\xd0\xbb\xd0\xb5\xd0\xbc\xd1\x8b..."},
    {"Takes a capture (%s) and collects the logs into one zip. You review every file; it is uploaded only when you press Upload, and you get a link to send to the mod author.",
     "\xd0\x94\xd0\xb5\xd0\xbb\xd0\xb0\xd0\xb5\xd1\x82 \xd1\x81\xd0\xbd\xd0\xb8\xd0\xbc\xd0\xbe\xd0\xba (%s) \xd0\xb8 \xd1\x81\xd0\xbe\xd0\xb1\xd0\xb8\xd1\x80\xd0\xb0\xd0\xb5\xd1\x82 \xd0\xbb\xd0\xbe\xd0\xb3\xd0\xb8 \xd0\xb2 \xd0\xbe\xd0\xb4\xd0\xb8\xd0\xbd zip. \xd0\x92\xd1\x8b \xd0\xbf\xd1\x80\xd0\xbe\xd0\xb2\xd0\xb5\xd1\x80\xd1\x8f\xd0\xb5\xd1\x82\xd0\xb5 \xd0\xba\xd0\xb0\xd0\xb6\xd0\xb4\xd1\x8b\xd0\xb9 \xd1\x84\xd0\xb0\xd0\xb9\xd0\xbb; \xd0\xbe\xd0\xbd \xd0\xb7\xd0\xb0\xd0\xb3\xd1\x80\xd1\x83\xd0\xb6\xd0\xb0\xd0\xb5\xd1\x82\xd1\x81\xd1\x8f \xd1\x82\xd0\xbe\xd0\xbb\xd1\x8c\xd0\xba\xd0\xbe \xd0\xbf\xd0\xbe\xd1\x81\xd0\xbb\xd0\xb5 \xd0\xbd\xd0\xb0\xd0\xb6\xd0\xb0\xd1\x82\xd0\xb8\xd1\x8f \xc2\xab\xd0\x97\xd0\xb0\xd0\xb3\xd1\x80\xd1\x83\xd0\xb7\xd0\xb8\xd1\x82\xd1\x8c\xc2\xbb, \xd0\xb8 \xd0\xb2\xd1\x8b \xd0\xbf\xd0\xbe\xd0\xbb\xd1\x83\xd1\x87\xd0\xb0\xd0\xb5\xd1\x82\xd0\xb5 \xd1\x81\xd1\x81\xd1\x8b\xd0\xbb\xd0\xba\xd1\x83 \xd0\xb4\xd0\xbb\xd1\x8f \xd0\xb0\xd0\xb2\xd1\x82\xd0\xbe\xd1\x80\xd0\xb0 \xd0\xbc\xd0\xbe\xd0\xb4\xd0\xb0."},
    {"Report an issue",
     "\xd0\xa1\xd0\xbe\xd0\xbe\xd0\xb1\xd1\x89\xd0\xb8\xd1\x82\xd1\x8c \xd0\xbe \xd0\xbf\xd1\x80\xd0\xbe\xd0\xb1\xd0\xbb\xd0\xb5\xd0\xbc\xd0\xb5"},
    {"Step 1 of 3: what went wrong?",
     "\xd0\xa8\xd0\xb0\xd0\xb3 1 \xd0\xb8\xd0\xb7 3: \xd1\x87\xd1\x82\xd0\xbe \xd0\xbf\xd0\xbe\xd1\x88\xd0\xbb\xd0\xbe \xd0\xbd\xd0\xb5 \xd1\x82\xd0\xb0\xd0\xba?"},
    {"One line: what you saw, and where in the game (optional)",
     "\xd0\x9e\xd0\xb4\xd0\xbd\xd0\xb0 \xd1\x81\xd1\x82\xd1\x80\xd0\xbe\xd0\xba\xd0\xb0: \xd1\x87\xd1\x82\xd0\xbe \xd0\xb2\xd1\x8b \xd1\x83\xd0\xb2\xd0\xb8\xd0\xb4\xd0\xb5\xd0\xbb\xd0\xb8 \xd0\xb8 \xd0\xb3\xd0\xb4\xd0\xb5 \xd0\xb2 \xd0\xb8\xd0\xb3\xd1\x80\xd0\xb5 (\xd0\xbd\xd0\xb5\xd0\xbe\xd0\xb1\xd1\x8f\xd0\xb7\xd0\xb0\xd1\x82\xd0\xb5\xd0\xbb\xd1\x8c\xd0\xbd\xd0\xbe)"},
    {"Next, the addon takes a capture (%s) while the game keeps running and collects its logs. Nothing leaves your PC until you press Upload.",
     "\xd0\x94\xd0\xb0\xd0\xbb\xd0\xb5\xd0\xb5 \xd0\xb0\xd0\xb4\xd0\xb4\xd0\xbe\xd0\xbd \xd0\xb4\xd0\xb5\xd0\xbb\xd0\xb0\xd0\xb5\xd1\x82 \xd1\x81\xd0\xbd\xd0\xb8\xd0\xbc\xd0\xbe\xd0\xba (%s), \xd0\xbf\xd0\xbe\xd0\xba\xd0\xb0 \xd0\xb8\xd0\xb3\xd1\x80\xd0\xb0 \xd0\xbf\xd1\x80\xd0\xbe\xd0\xb4\xd0\xbe\xd0\xbb\xd0\xb6\xd0\xb0\xd0\xb5\xd1\x82 \xd1\x80\xd0\xb0\xd0\xb1\xd0\xbe\xd1\x82\xd0\xb0\xd1\x82\xd1\x8c, \xd0\xb8 \xd1\x81\xd0\xbe\xd0\xb1\xd0\xb8\xd1\x80\xd0\xb0\xd0\xb5\xd1\x82 \xd1\x81\xd0\xb2\xd0\xbe\xd0\xb8 \xd0\xbb\xd0\xbe\xd0\xb3\xd0\xb8. \xd0\x9d\xd0\xb8\xd1\x87\xd0\xb5\xd0\xb3\xd0\xbe \xd0\xbd\xd0\xb5 \xd0\xbf\xd0\xbe\xd0\xba\xd0\xb8\xd0\xbd\xd0\xb5\xd1\x82 \xd0\xb2\xd0\xb0\xd1\x88 \xd0\x9f\xd0\x9a, \xd0\xbf\xd0\xbe\xd0\xba\xd0\xb0 \xd0\xb2\xd1\x8b \xd0\xbd\xd0\xb5 \xd0\xbd\xd0\xb0\xd0\xb6\xd0\xbc\xd1\x91\xd1\x82\xd0\xb5 \xc2\xab\xd0\x97\xd0\xb0\xd0\xb3\xd1\x80\xd1\x83\xd0\xb7\xd0\xb8\xd1\x82\xd1\x8c\xc2\xbb."},
    {"Continue",
     "\xd0\x9f\xd1\x80\xd0\xbe\xd0\xb4\xd0\xbe\xd0\xbb\xd0\xb6\xd0\xb8\xd1\x82\xd1\x8c"},
    {"Step 2 of 3: capturing",
     "\xd0\xa8\xd0\xb0\xd0\xb3 2 \xd0\xb8\xd0\xb7 3: \xd1\x81\xd1\x8a\xd1\x91\xd0\xbc\xd0\xba\xd0\xb0"},
    {"Taking a capture (%s). Keep playing: a menu or loading screen has no NR frame to capture.",
     "\xd0\x94\xd0\xb5\xd0\xbb\xd0\xb0\xd0\xb5\xd1\x82\xd1\x81\xd1\x8f \xd1\x81\xd0\xbd\xd0\xb8\xd0\xbc\xd0\xbe\xd0\xba (%s). \xd0\x9f\xd1\x80\xd0\xbe\xd0\xb4\xd0\xbe\xd0\xbb\xd0\xb6\xd0\xb0\xd0\xb9\xd1\x82\xd0\xb5 \xd0\xb8\xd0\xb3\xd1\x80\xd0\xb0\xd1\x82\xd1\x8c: \xd0\xb2 \xd0\xbc\xd0\xb5\xd0\xbd\xd1\x8e \xd0\xb8\xd0\xbb\xd0\xb8 \xd0\xbd\xd0\xb0 \xd1\x8d\xd0\xba\xd1\x80\xd0\xb0\xd0\xbd\xd0\xb5 \xd0\xb7\xd0\xb0\xd0\xb3\xd1\x80\xd1\x83\xd0\xb7\xd0\xba\xd0\xb8 \xd0\xbd\xd0\xb5\xd1\x82 \xd0\xba\xd0\xb0\xd0\xb4\xd1\x80\xd0\xb0 NR \xd0\xb4\xd0\xbb\xd1\x8f \xd1\x81\xd0\xbd\xd0\xb8\xd0\xbc\xd0\xba\xd0\xb0."},
    {"Continue without a capture",
     "\xd0\x9f\xd1\x80\xd0\xbe\xd0\xb4\xd0\xbe\xd0\xbb\xd0\xb6\xd0\xb8\xd1\x82\xd1\x8c \xd0\xb1\xd0\xb5\xd0\xb7 \xd1\x81\xd0\xbd\xd0\xb8\xd0\xbc\xd0\xba\xd0\xb0"},
    {"Collecting the logs...",
     "\xd0\xa1\xd0\xb1\xd0\xbe\xd1\x80 \xd0\xbb\xd0\xbe\xd0\xb3\xd0\xbe\xd0\xb2..."},
    {"Step 3 of 3: review what is sent",
     "\xd0\xa8\xd0\xb0\xd0\xb3 3 \xd0\xb8\xd0\xb7 3: \xd0\xbf\xd1\x80\xd0\xbe\xd0\xb2\xd0\xb5\xd1\x80\xd1\x8c\xd1\x82\xd0\xb5, \xd1\x87\xd1\x82\xd0\xbe \xd0\xb1\xd1\x83\xd0\xb4\xd0\xb5\xd1\x82 \xd0\xbe\xd1\x82\xd0\xbf\xd1\x80\xd0\xb0\xd0\xb2\xd0\xbb\xd0\xb5\xd0\xbd\xd0\xbe"},
    {"Total: %s",
     "\xd0\x92\xd1\x81\xd0\xb5\xd0\xb3\xd0\xbe: %s"},
    {"Upload sends the zip to %s. Anyone with the link can download it; it is deleted after %u hours.",
     "\xc2\xab\xd0\x97\xd0\xb0\xd0\xb3\xd1\x80\xd1\x83\xd0\xb7\xd0\xb8\xd1\x82\xd1\x8c\xc2\xbb \xd0\xbe\xd1\x82\xd0\xbf\xd1\x80\xd0\xb0\xd0\xb2\xd0\xbb\xd1\x8f\xd0\xb5\xd1\x82 zip \xd0\xbd\xd0\xb0 %s. \xd0\x9b\xd1\x8e\xd0\xb1\xd0\xbe\xd0\xb9, \xd1\x83 \xd0\xba\xd0\xbe\xd0\xb3\xd0\xbe \xd0\xb5\xd1\x81\xd1\x82\xd1\x8c \xd1\x81\xd1\x81\xd1\x8b\xd0\xbb\xd0\xba\xd0\xb0, \xd0\xbc\xd0\xbe\xd0\xb6\xd0\xb5\xd1\x82 \xd0\xb5\xd0\xb3\xd0\xbe \xd1\x81\xd0\xba\xd0\xb0\xd1\x87\xd0\xb0\xd1\x82\xd1\x8c; \xd0\xbe\xd0\xbd \xd1\x83\xd0\xb4\xd0\xb0\xd0\xbb\xd1\x8f\xd0\xb5\xd1\x82\xd1\x81\xd1\x8f \xd1\x87\xd0\xb5\xd1\x80\xd0\xb5\xd0\xb7 %u \xd1\x87."},
    {"If it does not answer: %s, deleted after %u hours.",
     "\xd0\x95\xd1\x81\xd0\xbb\xd0\xb8 \xd0\xbe\xd0\xbd \xd0\xbd\xd0\xb5 \xd0\xbe\xd1\x82\xd0\xb2\xd0\xb5\xd1\x82\xd0\xb8\xd1\x82: %s, \xd1\x83\xd0\xb4\xd0\xb0\xd0\xbb\xd0\xb5\xd0\xbd\xd0\xb8\xd0\xb5 \xd1\x87\xd0\xb5\xd1\x80\xd0\xb5\xd0\xb7 %u \xd1\x87."},
    {"Uploading is off (NRReportHost=none): the zip is saved on this PC.",
     "\xd0\x97\xd0\xb0\xd0\xb3\xd1\x80\xd1\x83\xd0\xb7\xd0\xba\xd0\xb0 \xd0\xbe\xd1\x82\xd0\xba\xd0\xbb\xd1\x8e\xd1\x87\xd0\xb5\xd0\xbd\xd0\xb0 (NRReportHost=none): zip \xd1\x81\xd0\xbe\xd1\x85\xd1\x80\xd0\xb0\xd0\xbd\xd1\x8f\xd0\xb5\xd1\x82\xd1\x81\xd1\x8f \xd0\xbd\xd0\xb0 \xd1\x8d\xd1\x82\xd0\xbe\xd0\xbc \xd0\x9f\xd0\x9a."},
    {"Your Windows user name and profile folder are removed from every text file.",
     "\xd0\x92\xd0\xb0\xd1\x88\xd0\xb5 \xd0\xb8\xd0\xbc\xd1\x8f \xd0\xbf\xd0\xbe\xd0\xbb\xd1\x8c\xd0\xb7\xd0\xbe\xd0\xb2\xd0\xb0\xd1\x82\xd0\xb5\xd0\xbb\xd1\x8f Windows \xd0\xb8 \xd0\xbf\xd0\xb0\xd0\xbf\xd0\xba\xd0\xb0 \xd0\xbf\xd1\x80\xd0\xbe\xd1\x84\xd0\xb8\xd0\xbb\xd1\x8f \xd1\x83\xd0\xb4\xd0\xb0\xd0\xbb\xd1\x8f\xd1\x8e\xd1\x82\xd1\x81\xd1\x8f \xd0\xb8\xd0\xb7 \xd0\xb2\xd1\x81\xd0\xb5\xd1\x85 \xd1\x82\xd0\xb5\xd0\xba\xd1\x81\xd1\x82\xd0\xbe\xd0\xb2\xd1\x8b\xd1\x85 \xd1\x84\xd0\xb0\xd0\xb9\xd0\xbb\xd0\xbe\xd0\xb2."},
    {"Upload & copy link",
     "\xd0\x97\xd0\xb0\xd0\xb3\xd1\x80\xd1\x83\xd0\xb7\xd0\xb8\xd1\x82\xd1\x8c \xd0\xb8 \xd0\xba\xd0\xbe\xd0\xbf\xd0\xb8\xd1\x80\xd0\xbe\xd0\xb2\xd0\xb0\xd1\x82\xd1\x8c \xd1\x81\xd1\x81\xd1\x8b\xd0\xbb\xd0\xba\xd1\x83"},
    {"Save zip only",
     "\xd0\xa2\xd0\xbe\xd0\xbb\xd1\x8c\xd0\xba\xd0\xbe \xd1\x81\xd0\xbe\xd1\x85\xd1\x80\xd0\xb0\xd0\xbd\xd0\xb8\xd1\x82\xd1\x8c zip"},
    {"Packing the zip...",
     "\xd0\xa3\xd0\xbf\xd0\xb0\xd0\xba\xd0\xbe\xd0\xb2\xd0\xba\xd0\xb0 zip..."},
    {"Uploading to %s...",
     "\xd0\x97\xd0\xb0\xd0\xb3\xd1\x80\xd1\x83\xd0\xb7\xd0\xba\xd0\xb0 \xd0\xbd\xd0\xb0 %s..."},
    {"Link copied to the clipboard",
     "\xd0\xa1\xd1\x81\xd1\x8b\xd0\xbb\xd0\xba\xd0\xb0 \xd1\x81\xd0\xba\xd0\xbe\xd0\xbf\xd0\xb8\xd1\x80\xd0\xbe\xd0\xb2\xd0\xb0\xd0\xbd\xd0\xb0 \xd0\xb2 \xd0\xb1\xd1\x83\xd1\x84\xd0\xb5\xd1\x80 \xd0\xbe\xd0\xb1\xd0\xbc\xd0\xb5\xd0\xbd\xd0\xb0"},
    {"Paste this link to the mod author on Discord.",
     "\xd0\x9e\xd1\x82\xd0\xbf\xd1\x80\xd0\xb0\xd0\xb2\xd1\x8c\xd1\x82\xd0\xb5 \xd1\x8d\xd1\x82\xd1\x83 \xd1\x81\xd1\x81\xd1\x8b\xd0\xbb\xd0\xba\xd1\x83 \xd0\xb0\xd0\xb2\xd1\x82\xd0\xbe\xd1\x80\xd1\x83 \xd0\xbc\xd0\xbe\xd0\xb4\xd0\xb0 \xd0\xb2 Discord."},
    {"Copy again",
     "\xd0\x9a\xd0\xbe\xd0\xbf\xd0\xb8\xd1\x80\xd0\xbe\xd0\xb2\xd0\xb0\xd1\x82\xd1\x8c \xd1\x81\xd0\xbd\xd0\xbe\xd0\xb2\xd0\xb0"},
    {"The upload failed: %s",
     "\xd0\x97\xd0\xb0\xd0\xb3\xd1\x80\xd1\x83\xd0\xb7\xd0\xba\xd0\xb0 \xd0\xbd\xd0\xb5 \xd1\x83\xd0\xb4\xd0\xb0\xd0\xbb\xd0\xb0\xd1\x81\xd1\x8c: %s"},
    {"Saved: %s",
     "\xd0\xa1\xd0\xbe\xd1\x85\xd1\x80\xd0\xb0\xd0\xbd\xd0\xb5\xd0\xbd\xd0\xbe: %s"},
    {"Send this file to the mod author on Discord; its folder opens with the button.",
     "\xd0\x9e\xd1\x82\xd0\xbf\xd1\x80\xd0\xb0\xd0\xb2\xd1\x8c\xd1\x82\xd0\xb5 \xd1\x8d\xd1\x82\xd0\xbe\xd1\x82 \xd1\x84\xd0\xb0\xd0\xb9\xd0\xbb \xd0\xb0\xd0\xb2\xd1\x82\xd0\xbe\xd1\x80\xd1\x83 \xd0\xbc\xd0\xbe\xd0\xb4\xd0\xb0 \xd0\xb2 Discord; \xd0\xba\xd0\xbd\xd0\xbe\xd0\xbf\xd0\xba\xd0\xb0 \xd0\xbe\xd1\x82\xd0\xba\xd1\x80\xd1\x8b\xd0\xb2\xd0\xb0\xd0\xb5\xd1\x82 \xd0\xb5\xd0\xb3\xd0\xbe \xd0\xbf\xd0\xb0\xd0\xbf\xd0\xba\xd1\x83."},
    {"Open folder",
     "\xd0\x9e\xd1\x82\xd0\xba\xd1\x80\xd1\x8b\xd1\x82\xd1\x8c \xd0\xbf\xd0\xb0\xd0\xbf\xd0\xba\xd1\x83"},
    {"Close",
     "\xd0\x97\xd0\xb0\xd0\xba\xd1\x80\xd1\x8b\xd1\x82\xd1\x8c"},
};

}  // namespace renodx::addons::dlss5::ui::lang
