/*
 * Copyright (C) 2026
 * SPDX-License-Identifier: MIT
 */

// Thai (th): the panel's strings, English first.  Written by
// tools/i18n/ui_strings.py import; read it with `export th`.  Machine
// translated for v7.0.0, pending a native speaker's review.

#pragma once

namespace renodx::addons::dlss5::ui::lang {

inline constexpr Translation kTh[] = {
    {"Neural Rendering",
     "Neural Rendering"},
    {"Strength",
     "\xe0\xb8\x84\xe0\xb8\xa7\xe0\xb8\xb2\xe0\xb8\xa1\xe0\xb9\x81\xe0\xb8\xa3\xe0\xb8\x87"},
    {"Before upscaling",
     "\xe0\xb8\x81\xe0\xb9\x88\xe0\xb8\xad\xe0\xb8\x99\xe0\xb8\xad\xe0\xb8\xb1\xe0\xb8\x9b\xe0\xb8\xaa\xe0\xb9\x80\xe0\xb8\x81\xe0\xb8\xa5"},
    {"Stack passes",
     "\xe0\xb8\x88\xe0\xb8\xb3\xe0\xb8\x99\xe0\xb8\xa7\xe0\xb8\x99\xe0\xb8\x9e\xe0\xb8\xb2\xe0\xb8\xaa"},
    {"HDR mode",
     "\xe0\xb9\x82\xe0\xb8\xab\xe0\xb8\xa1\xe0\xb8\x94 HDR"},
    {"Paper white (nits)",
     "\xe0\xb9\x84\xe0\xb8\xa7\xe0\xb8\x95\xe0\xb9\x8c\xe0\xb8\x81\xe0\xb8\xa3\xe0\xb8\xb0\xe0\xb8\x94\xe0\xb8\xb2\xe0\xb8\xa9 (nits)"},
    {"Brighten speed",
     "\xe0\xb8\x84\xe0\xb8\xa7\xe0\xb8\xb2\xe0\xb8\xa1\xe0\xb9\x80\xe0\xb8\xa3\xe0\xb9\x87\xe0\xb8\xa7\xe0\xb9\x80\xe0\xb8\x9e\xe0\xb8\xb4\xe0\xb9\x88\xe0\xb8\xa1\xe0\xb8\xaa\xe0\xb8\xa7\xe0\xb9\x88\xe0\xb8\xb2\xe0\xb8\x87"},
    {"Darken speed",
     "\xe0\xb8\x84\xe0\xb8\xa7\xe0\xb8\xb2\xe0\xb8\xa1\xe0\xb9\x80\xe0\xb8\xa3\xe0\xb9\x87\xe0\xb8\xa7\xe0\xb8\xa5\xe0\xb8\x94\xe0\xb8\xaa\xe0\xb8\xa7\xe0\xb9\x88\xe0\xb8\xb2\xe0\xb8\x87"},
    {"Turns Neural Rendering on and off.  The key shown next to the switch does the same in game.",
     "\xe0\xb9\x80\xe0\xb8\x9b\xe0\xb8\xb4\xe0\xb8\x94\xe0\xb9\x81\xe0\xb8\xa5\xe0\xb8\xb0\xe0\xb8\x9b\xe0\xb8\xb4\xe0\xb8\x94 Neural Rendering \xe0\xb8\x9b\xe0\xb8\xb8\xe0\xb9\x88\xe0\xb8\xa1\xe0\xb8\x97\xe0\xb8\xb5\xe0\xb9\x88\xe0\xb9\x81\xe0\xb8\xaa\xe0\xb8\x94\xe0\xb8\x87\xe0\xb8\x82\xe0\xb9\x89\xe0\xb8\xb2\xe0\xb8\x87\xe0\xb8\xaa\xe0\xb8\xa7\xe0\xb8\xb4\xe0\xb8\x95\xe0\xb8\x8a\xe0\xb9\x8c\xe0\xb9\x83\xe0\xb8\x8a\xe0\xb9\x89\xe0\xb8\x97\xe0\xb8\xb3\xe0\xb9\x81\xe0\xb8\x9a\xe0\xb8\x9a\xe0\xb9\x80\xe0\xb8\x94\xe0\xb8\xb5\xe0\xb8\xa2\xe0\xb8\xa7\xe0\xb8\x81\xe0\xb8\xb1\xe0\xb8\x99\xe0\xb8\xa3\xe0\xb8\xb0\xe0\xb8\xab\xe0\xb8\xa7\xe0\xb9\x88\xe0\xb8\xb2\xe0\xb8\x87\xe0\xb9\x80\xe0\xb8\xa5\xe0\xb9\x88\xe0\xb8\x99\xe0\xb9\x80\xe0\xb8\x81\xe0\xb8\xa1"},
    {"How strongly Neural Rendering reworks the image: 0 leaves the game's image untouched, 1 is the default, 2 the strongest.  A change restarts NR's history for a moment.",
     "Neural Rendering \xe0\xb8\x9b\xe0\xb8\xa3\xe0\xb8\xb1\xe0\xb8\x9a\xe0\xb8\xa0\xe0\xb8\xb2\xe0\xb8\x9e\xe0\xb9\x81\xe0\xb8\xa3\xe0\xb8\x87\xe0\xb9\x81\xe0\xb8\x84\xe0\xb9\x88\xe0\xb9\x84\xe0\xb8\xab\xe0\xb8\x99: 0 \xe0\xb8\x9b\xe0\xb8\xa5\xe0\xb9\x88\xe0\xb8\xad\xe0\xb8\xa2\xe0\xb8\xa0\xe0\xb8\xb2\xe0\xb8\x9e\xe0\xb8\x82\xe0\xb8\xad\xe0\xb8\x87\xe0\xb9\x80\xe0\xb8\x81\xe0\xb8\xa1\xe0\xb9\x84\xe0\xb8\xa7\xe0\xb9\x89\xe0\xb8\x95\xe0\xb8\xb2\xe0\xb8\xa1\xe0\xb9\x80\xe0\xb8\x94\xe0\xb8\xb4\xe0\xb8\xa1, 1 \xe0\xb8\x84\xe0\xb8\xb7\xe0\xb8\xad\xe0\xb8\x84\xe0\xb9\x88\xe0\xb8\xb2\xe0\xb9\x80\xe0\xb8\xa3\xe0\xb8\xb4\xe0\xb9\x88\xe0\xb8\xa1\xe0\xb8\x95\xe0\xb9\x89\xe0\xb8\x99, 2 \xe0\xb9\x81\xe0\xb8\xa3\xe0\xb8\x87\xe0\xb8\x97\xe0\xb8\xb5\xe0\xb9\x88\xe0\xb8\xaa\xe0\xb8\xb8\xe0\xb8\x94 \xe0\xb8\x81\xe0\xb8\xb2\xe0\xb8\xa3\xe0\xb9\x80\xe0\xb8\x9b\xe0\xb8\xa5\xe0\xb8\xb5\xe0\xb9\x88\xe0\xb8\xa2\xe0\xb8\x99\xe0\xb8\x84\xe0\xb9\x88\xe0\xb8\xb2\xe0\xb8\x88\xe0\xb8\xb0\xe0\xb9\x80\xe0\xb8\xa3\xe0\xb8\xb4\xe0\xb9\x88\xe0\xb8\xa1\xe0\xb8\x9b\xe0\xb8\xa3\xe0\xb8\xb0\xe0\xb8\xa7\xe0\xb8\xb1\xe0\xb8\x95\xe0\xb8\xb4\xe0\xb8\x82\xe0\xb8\xad\xe0\xb8\x87 NR \xe0\xb9\x83\xe0\xb8\xab\xe0\xb8\xa1\xe0\xb9\x88\xe0\xb8\x8a\xe0\xb8\xb1\xe0\xb9\x88\xe0\xb8\xa7\xe0\xb8\x84\xe0\xb8\xa3\xe0\xb8\xb9\xe0\xb9\x88"},
    {"Float-HDR games: how much of the model's dark lift is removed when Dark pedestal removal is on. Other HDR games: how much of Neural Rendering's change reaches the image, from 0 (none) to 1 (all).",
     "\xe0\xb9\x80\xe0\xb8\x81\xe0\xb8\xa1 HDR \xe0\xb9\x81\xe0\xb8\x9a\xe0\xb8\x9a\xe0\xb8\x97\xe0\xb8\xa8\xe0\xb8\x99\xe0\xb8\xb4\xe0\xb8\xa2\xe0\xb8\xa1\xe0\xb8\xa5\xe0\xb8\xad\xe0\xb8\xa2\xe0\xb8\x95\xe0\xb8\xb1\xe0\xb8\xa7: \xe0\xb8\x9b\xe0\xb8\xa3\xe0\xb8\xb4\xe0\xb8\xa1\xe0\xb8\xb2\xe0\xb8\x93\xe0\xb8\x81\xe0\xb8\xb2\xe0\xb8\xa3\xe0\xb8\xa2\xe0\xb8\x81\xe0\xb8\x84\xe0\xb8\xa7\xe0\xb8\xb2\xe0\xb8\xa1\xe0\xb8\xaa\xe0\xb8\xa7\xe0\xb9\x88\xe0\xb8\xb2\xe0\xb8\x87\xe0\xb9\x83\xe0\xb8\x99\xe0\xb8\xaa\xe0\xb9\x88\xe0\xb8\xa7\xe0\xb8\x99\xe0\xb8\xa1\xe0\xb8\xb7\xe0\xb8\x94\xe0\xb8\x82\xe0\xb8\xad\xe0\xb8\x87\xe0\xb9\x82\xe0\xb8\xa1\xe0\xb9\x80\xe0\xb8\x94\xe0\xb8\xa5\xe0\xb8\x97\xe0\xb8\xb5\xe0\xb9\x88\xe0\xb8\x96\xe0\xb8\xb9\xe0\xb8\x81\xe0\xb8\xa5\xe0\xb8\x9a\xe0\xb9\x80\xe0\xb8\xa1\xe0\xb8\xb7\xe0\xb9\x88\xe0\xb8\xad\xe0\xb9\x80\xe0\xb8\x9b\xe0\xb8\xb4\xe0\xb8\x94\xe0\xb8\x81\xe0\xb8\xb2\xe0\xb8\xa3\xe0\xb9\x81\xe0\xb8\x81\xe0\xb9\x89\xe0\xb8\xa3\xe0\xb8\xb0\xe0\xb8\x94\xe0\xb8\xb1\xe0\xb8\x9a\xe0\xb8\x94\xe0\xb8\xb3 \xe0\xb9\x80\xe0\xb8\x81\xe0\xb8\xa1 HDR \xe0\xb8\xad\xe0\xb8\xb7\xe0\xb9\x88\xe0\xb8\x99: \xe0\xb8\xaa\xe0\xb8\xb1\xe0\xb8\x94\xe0\xb8\xaa\xe0\xb9\x88\xe0\xb8\xa7\xe0\xb8\x99\xe0\xb8\x81\xe0\xb8\xb2\xe0\xb8\xa3\xe0\xb9\x80\xe0\xb8\x9b\xe0\xb8\xa5\xe0\xb8\xb5\xe0\xb9\x88\xe0\xb8\xa2\xe0\xb8\x99\xe0\xb9\x81\xe0\xb8\x9b\xe0\xb8\xa5\xe0\xb8\x87\xe0\xb8\x88\xe0\xb8\xb2\xe0\xb8\x81 Neural Rendering \xe0\xb8\x97\xe0\xb8\xb5\xe0\xb9\x88\xe0\xb8\xaa\xe0\xb9\x88\xe0\xb8\x87\xe0\xb8\x96\xe0\xb8\xb6\xe0\xb8\x87\xe0\xb8\xa0\xe0\xb8\xb2\xe0\xb8\x9e \xe0\xb8\x95\xe0\xb8\xb1\xe0\xb9\x89\xe0\xb8\x87\xe0\xb9\x81\xe0\xb8\x95\xe0\xb9\x88 0 (\xe0\xb9\x84\xe0\xb8\xa1\xe0\xb9\x88\xe0\xb8\xa1\xe0\xb8\xb5) \xe0\xb8\x96\xe0\xb8\xb6\xe0\xb8\x87 1 (\xe0\xb8\x97\xe0\xb8\xb1\xe0\xb9\x89\xe0\xb8\x87\xe0\xb8\xab\xe0\xb8\xa1\xe0\xb8\x94)"},
    {"Nothing to scale in this game: its HDR brightness is relative, so Dark pedestal removal (Auto) leaves the model's dark lift alone.  Set Dark pedestal removal to Always to use this slider.",
     "\xe0\xb9\x80\xe0\xb8\x81\xe0\xb8\xa1\xe0\xb8\x99\xe0\xb8\xb5\xe0\xb9\x89\xe0\xb9\x84\xe0\xb8\xa1\xe0\xb9\x88\xe0\xb8\xa1\xe0\xb8\xb5\xe0\xb8\xad\xe0\xb8\xb0\xe0\xb9\x84\xe0\xb8\xa3\xe0\xb9\x83\xe0\xb8\xab\xe0\xb9\x89\xe0\xb8\x9b\xe0\xb8\xa3\xe0\xb8\xb1\xe0\xb8\x9a: \xe0\xb8\x84\xe0\xb8\xa7\xe0\xb8\xb2\xe0\xb8\xa1\xe0\xb8\xaa\xe0\xb8\xa7\xe0\xb9\x88\xe0\xb8\xb2\xe0\xb8\x87 HDR \xe0\xb8\x82\xe0\xb8\xad\xe0\xb8\x87\xe0\xb9\x80\xe0\xb8\x81\xe0\xb8\xa1\xe0\xb9\x80\xe0\xb8\x9b\xe0\xb9\x87\xe0\xb8\x99\xe0\xb8\x84\xe0\xb9\x88\xe0\xb8\xb2\xe0\xb8\xaa\xe0\xb8\xb1\xe0\xb8\xa1\xe0\xb8\x9e\xe0\xb8\xb1\xe0\xb8\x97\xe0\xb8\x98\xe0\xb9\x8c \xe0\xb8\x81\xe0\xb8\xb2\xe0\xb8\xa3\xe0\xb8\xa5\xe0\xb8\x9a\xe0\xb8\x90\xe0\xb8\xb2\xe0\xb8\x99\xe0\xb8\xa1\xe0\xb8\xb7\xe0\xb8\x94 (\xe0\xb8\xad\xe0\xb8\xb1\xe0\xb8\x95\xe0\xb9\x82\xe0\xb8\x99\xe0\xb8\xa1\xe0\xb8\xb1\xe0\xb8\x95\xe0\xb8\xb4) \xe0\xb8\x88\xe0\xb8\xb6\xe0\xb8\x87\xe0\xb9\x84\xe0\xb8\xa1\xe0\xb9\x88\xe0\xb9\x81\xe0\xb8\x95\xe0\xb8\xb0\xe0\xb8\x81\xe0\xb8\xb2\xe0\xb8\xa3\xe0\xb8\xa2\xe0\xb8\x81\xe0\xb8\xaa\xe0\xb9\x88\xe0\xb8\xa7\xe0\xb8\x99\xe0\xb8\xa1\xe0\xb8\xb7\xe0\xb8\x94\xe0\xb8\x82\xe0\xb8\xad\xe0\xb8\x87\xe0\xb9\x82\xe0\xb8\xa1\xe0\xb9\x80\xe0\xb8\x94\xe0\xb8\xa5  \xe0\xb8\x95\xe0\xb8\xb1\xe0\xb9\x89\xe0\xb8\x87\xe0\xb8\x81\xe0\xb8\xb2\xe0\xb8\xa3\xe0\xb8\xa5\xe0\xb8\x9a\xe0\xb8\x90\xe0\xb8\xb2\xe0\xb8\x99\xe0\xb8\xa1\xe0\xb8\xb7\xe0\xb8\x94\xe0\xb9\x80\xe0\xb8\x9b\xe0\xb9\x87\xe0\xb8\x99 \xe0\xb9\x80\xe0\xb8\xaa\xe0\xb8\xa1\xe0\xb8\xad \xe0\xb9\x80\xe0\xb8\x9e\xe0\xb8\xb7\xe0\xb9\x88\xe0\xb8\xad\xe0\xb9\x83\xe0\xb8\x8a\xe0\xb9\x89\xe0\xb9\x81\xe0\xb8\x96\xe0\xb8\x9a\xe0\xb9\x80\xe0\xb8\xa5\xe0\xb8\xb7\xe0\xb9\x88\xe0\xb8\xad\xe0\xb8\x99\xe0\xb8\x99\xe0\xb8\xb5\xe0\xb9\x89"},
    {"On float-HDR games, how much of Neural Rendering's change reaches the image: 0 keeps the game's image, 1.00 shows all of it.",
     "\xe0\xb9\x83\xe0\xb8\x99\xe0\xb9\x80\xe0\xb8\x81\xe0\xb8\xa1 HDR \xe0\xb9\x81\xe0\xb8\x9a\xe0\xb8\x9a\xe0\xb8\x97\xe0\xb8\xa8\xe0\xb8\x99\xe0\xb8\xb4\xe0\xb8\xa2\xe0\xb8\xa1 \xe0\xb8\x81\xe0\xb8\xb2\xe0\xb8\xa3\xe0\xb9\x80\xe0\xb8\x9b\xe0\xb8\xa5\xe0\xb8\xb5\xe0\xb9\x88\xe0\xb8\xa2\xe0\xb8\x99\xe0\xb9\x81\xe0\xb8\x9b\xe0\xb8\xa5\xe0\xb8\x87\xe0\xb8\x82\xe0\xb8\xad\xe0\xb8\x87 Neural Rendering \xe0\xb8\x96\xe0\xb8\xb6\xe0\xb8\x87\xe0\xb8\xa0\xe0\xb8\xb2\xe0\xb8\x9e\xe0\xb9\x80\xe0\xb8\x97\xe0\xb9\x88\xe0\xb8\xb2\xe0\xb9\x83\xe0\xb8\x94: 0 \xe0\xb8\x84\xe0\xb8\x87\xe0\xb8\xa0\xe0\xb8\xb2\xe0\xb8\x9e\xe0\xb8\x82\xe0\xb8\xad\xe0\xb8\x87\xe0\xb9\x80\xe0\xb8\x81\xe0\xb8\xa1\xe0\xb9\x84\xe0\xb8\xa7\xe0\xb9\x89, 1.00 \xe0\xb9\x81\xe0\xb8\xaa\xe0\xb8\x94\xe0\xb8\x87\xe0\xb8\x97\xe0\xb8\xb1\xe0\xb9\x89\xe0\xb8\x87\xe0\xb8\xab\xe0\xb8\xa1\xe0\xb8\x94"},
    {"How bright white surfaces glow, in nits (203 is the HDR reference).  PQ HDR games only; other HDR games use Scene white scale.",
     "\xe0\xb8\x84\xe0\xb8\xa7\xe0\xb8\xb2\xe0\xb8\xa1\xe0\xb8\xaa\xe0\xb8\xa7\xe0\xb9\x88\xe0\xb8\xb2\xe0\xb8\x87\xe0\xb8\x82\xe0\xb8\xad\xe0\xb8\x87\xe0\xb8\x9e\xe0\xb8\xb7\xe0\xb9\x89\xe0\xb8\x99\xe0\xb8\x9c\xe0\xb8\xb4\xe0\xb8\xa7\xe0\xb8\xaa\xe0\xb8\xb5\xe0\xb8\x82\xe0\xb8\xb2\xe0\xb8\xa7 \xe0\xb8\xab\xe0\xb8\x99\xe0\xb9\x88\xe0\xb8\xa7\xe0\xb8\xa2 nits (203 \xe0\xb8\x84\xe0\xb8\xb7\xe0\xb8\xad\xe0\xb8\x84\xe0\xb9\x88\xe0\xb8\xb2\xe0\xb8\xad\xe0\xb9\x89\xe0\xb8\xb2\xe0\xb8\x87\xe0\xb8\xad\xe0\xb8\xb4\xe0\xb8\x87 HDR) \xe0\xb9\x80\xe0\xb8\x89\xe0\xb8\x9e\xe0\xb8\xb2\xe0\xb8\xb0\xe0\xb9\x80\xe0\xb8\x81\xe0\xb8\xa1 PQ HDR \xe0\xb9\x80\xe0\xb8\x81\xe0\xb8\xa1 HDR \xe0\xb8\xad\xe0\xb8\xb7\xe0\xb9\x88\xe0\xb8\x99\xe0\xb9\x83\xe0\xb8\x8a\xe0\xb9\x89 \xe0\xb8\xaa\xe0\xb9\x80\xe0\xb8\x81\xe0\xb8\xa5\xe0\xb9\x84\xe0\xb8\xa7\xe0\xb8\x95\xe0\xb9\x8c\xe0\xb8\x82\xe0\xb8\xad\xe0\xb8\x87\xe0\xb8\x89\xe0\xb8\xb2\xe0\xb8\x81"},
    {"The same for float-HDR and classic sources (2.5375 is 203-nit paper white).  PQ HDR games use Paper white and PQ calibration instead.",
     "\xe0\xb8\x84\xe0\xb9\x88\xe0\xb8\xb2\xe0\xb9\x80\xe0\xb8\x94\xe0\xb8\xb5\xe0\xb8\xa2\xe0\xb8\xa7\xe0\xb8\x81\xe0\xb8\xb1\xe0\xb8\x99\xe0\xb8\xaa\xe0\xb8\xb3\xe0\xb8\xab\xe0\xb8\xa3\xe0\xb8\xb1\xe0\xb8\x9a\xe0\xb9\x81\xe0\xb8\xab\xe0\xb8\xa5\xe0\xb9\x88\xe0\xb8\x87 float-HDR \xe0\xb9\x81\xe0\xb8\xa5\xe0\xb8\xb0\xe0\xb8\x84\xe0\xb8\xa5\xe0\xb8\xb2\xe0\xb8\xaa\xe0\xb8\xaa\xe0\xb8\xb4\xe0\xb8\x81 (2.5375 \xe0\xb8\x84\xe0\xb8\xb7\xe0\xb8\xad\xe0\xb9\x84\xe0\xb8\xa7\xe0\xb8\x95\xe0\xb9\x8c\xe0\xb8\x81\xe0\xb8\xa3\xe0\xb8\xb0\xe0\xb8\x94\xe0\xb8\xb2\xe0\xb8\xa9 203 nits) \xe0\xb9\x80\xe0\xb8\x81\xe0\xb8\xa1 PQ HDR \xe0\xb9\x83\xe0\xb8\x8a\xe0\xb9\x89 \xe0\xb9\x84\xe0\xb8\xa7\xe0\xb8\x95\xe0\xb9\x8c\xe0\xb8\x81\xe0\xb8\xa3\xe0\xb8\xb0\xe0\xb8\x94\xe0\xb8\xb2\xe0\xb8\xa9 \xe0\xb9\x81\xe0\xb8\xa5\xe0\xb8\xb0 \xe0\xb8\x81\xe0\xb8\xb2\xe0\xb8\xa3\xe0\xb8\x9b\xe0\xb8\xa3\xe0\xb8\xb1\xe0\xb8\x9a\xe0\xb9\x80\xe0\xb8\x97\xe0\xb8\xb5\xe0\xb8\xa2\xe0\xb8\x9a PQ \xe0\xb9\x81\xe0\xb8\x97\xe0\xb8\x99"},
    {"Click, then press the new key; Esc cancels.",
     "\xe0\xb8\x84\xe0\xb8\xa5\xe0\xb8\xb4\xe0\xb8\x81\xe0\xb9\x81\xe0\xb8\xa5\xe0\xb9\x89\xe0\xb8\xa7\xe0\xb8\x81\xe0\xb8\x94\xe0\xb8\x9b\xe0\xb8\xb8\xe0\xb9\x88\xe0\xb8\xa1\xe0\xb9\x83\xe0\xb8\xab\xe0\xb8\xa1\xe0\xb9\x88 Esc \xe0\xb9\x80\xe0\xb8\x9e\xe0\xb8\xb7\xe0\xb9\x88\xe0\xb8\xad\xe0\xb8\xa2\xe0\xb8\x81\xe0\xb9\x80\xe0\xb8\xa5\xe0\xb8\xb4\xe0\xb8\x81"},
    {"none yet",
     "\xe0\xb8\xa2\xe0\xb8\xb1\xe0\xb8\x87\xe0\xb9\x84\xe0\xb8\xa1\xe0\xb9\x88\xe0\xb8\xa1\xe0\xb8\xb5"},
    {"Reset diagnostics",
     "\xe0\xb8\xa3\xe0\xb8\xb5\xe0\xb9\x80\xe0\xb8\x8b\xe0\xb9\x87\xe0\xb8\x95\xe0\xb8\x81\xe0\xb8\xb2\xe0\xb8\xa3\xe0\xb8\xa7\xe0\xb8\xb4\xe0\xb8\x99\xe0\xb8\xb4\xe0\xb8\x88\xe0\xb8\x89\xe0\xb8\xb1\xe0\xb8\xa2"},
    {"Skipped because",
     "\xe0\xb8\x82\xe0\xb9\x89\xe0\xb8\xb2\xe0\xb8\xa1\xe0\xb9\x80\xe0\xb8\x9e\xe0\xb8\xa3\xe0\xb8\xb2\xe0\xb8\xb0"},
    {"Why Neural Rendering left frames alone this session, most frequent first, with the number of frames.  Each of those frames shows the game's own image.",
     "\xe0\xb9\x80\xe0\xb8\xab\xe0\xb8\x95\xe0\xb8\xb8\xe0\xb8\x9c\xe0\xb8\xa5\xe0\xb8\x97\xe0\xb8\xb5\xe0\xb9\x88 Neural Rendering \xe0\xb8\x9b\xe0\xb8\xa5\xe0\xb9\x88\xe0\xb8\xad\xe0\xb8\xa2\xe0\xb9\x80\xe0\xb8\x9f\xe0\xb8\xa3\xe0\xb8\xa1\xe0\xb9\x84\xe0\xb8\xa7\xe0\xb9\x89\xe0\xb8\x95\xe0\xb8\xb2\xe0\xb8\xa1\xe0\xb9\x80\xe0\xb8\x94\xe0\xb8\xb4\xe0\xb8\xa1\xe0\xb9\x83\xe0\xb8\x99\xe0\xb9\x80\xe0\xb8\x8b\xe0\xb8\xaa\xe0\xb8\x8a\xe0\xb8\xb1\xe0\xb8\x99\xe0\xb8\x99\xe0\xb8\xb5\xe0\xb9\x89 \xe0\xb9\x80\xe0\xb8\xa3\xe0\xb8\xb5\xe0\xb8\xa2\xe0\xb8\x87\xe0\xb8\x88\xe0\xb8\xb2\xe0\xb8\x81\xe0\xb8\x97\xe0\xb8\xb5\xe0\xb9\x88\xe0\xb8\x9e\xe0\xb8\x9a\xe0\xb8\x9a\xe0\xb9\x88\xe0\xb8\xad\xe0\xb8\xa2\xe0\xb8\x97\xe0\xb8\xb5\xe0\xb9\x88\xe0\xb8\xaa\xe0\xb8\xb8\xe0\xb8\x94 \xe0\xb8\x9e\xe0\xb8\xa3\xe0\xb9\x89\xe0\xb8\xad\xe0\xb8\xa1\xe0\xb8\x88\xe0\xb8\xb3\xe0\xb8\x99\xe0\xb8\xa7\xe0\xb8\x99\xe0\xb9\x80\xe0\xb8\x9f\xe0\xb8\xa3\xe0\xb8\xa1 \xe0\xb9\x81\xe0\xb8\x95\xe0\xb9\x88\xe0\xb8\xa5\xe0\xb8\xb0\xe0\xb9\x80\xe0\xb8\x9f\xe0\xb8\xa3\xe0\xb8\xa1\xe0\xb9\x80\xe0\xb8\xab\xe0\xb8\xa5\xe0\xb9\x88\xe0\xb8\xb2\xe0\xb8\x99\xe0\xb8\xb1\xe0\xb9\x89\xe0\xb8\x99\xe0\xb9\x81\xe0\xb8\xaa\xe0\xb8\x94\xe0\xb8\x87\xe0\xb8\xa0\xe0\xb8\xb2\xe0\xb8\x9e\xe0\xb8\x82\xe0\xb8\xad\xe0\xb8\x87\xe0\xb9\x80\xe0\xb8\x81\xe0\xb8\xa1\xe0\xb9\x80\xe0\xb8\xad\xe0\xb8\x87"},
    {"Settings",
     "\xe0\xb8\x81\xe0\xb8\xb2\xe0\xb8\xa3\xe0\xb8\x95\xe0\xb8\xb1\xe0\xb9\x89\xe0\xb8\x87\xe0\xb8\x84\xe0\xb9\x88\xe0\xb8\xb2"},
    {"Defaults",
     "\xe0\xb8\x84\xe0\xb9\x88\xe0\xb8\xb2\xe0\xb9\x80\xe0\xb8\xa3\xe0\xb8\xb4\xe0\xb9\x88\xe0\xb8\xa1\xe0\xb8\x95\xe0\xb9\x89\xe0\xb8\x99"},
    {"Mine",
     "\xe0\xb8\x82\xe0\xb8\xad\xe0\xb8\x87\xe0\xb8\x89\xe0\xb8\xb1\xe0\xb8\x99"},
    {"Compare in game: Defaults runs the built-in look (Strength, the Look section and stacking) while your own values wait; Mine brings them back.  Nothing is saved while Defaults is on.",
     "\xe0\xb9\x80\xe0\xb8\x9b\xe0\xb8\xa3\xe0\xb8\xb5\xe0\xb8\xa2\xe0\xb8\x9a\xe0\xb9\x80\xe0\xb8\x97\xe0\xb8\xb5\xe0\xb8\xa2\xe0\xb8\x9a\xe0\xb9\x83\xe0\xb8\x99\xe0\xb9\x80\xe0\xb8\x81\xe0\xb8\xa1: \xe0\xb8\x84\xe0\xb9\x88\xe0\xb8\xb2\xe0\xb9\x80\xe0\xb8\xa3\xe0\xb8\xb4\xe0\xb9\x88\xe0\xb8\xa1\xe0\xb8\x95\xe0\xb9\x89\xe0\xb8\x99 \xe0\xb8\x88\xe0\xb8\xb0\xe0\xb9\x83\xe0\xb8\x8a\xe0\xb9\x89\xe0\xb8\xa5\xe0\xb8\xb8\xe0\xb8\x84\xe0\xb9\x83\xe0\xb8\x99\xe0\xb8\x95\xe0\xb8\xb1\xe0\xb8\xa7 (\xe0\xb8\x84\xe0\xb8\xa7\xe0\xb8\xb2\xe0\xb8\xa1\xe0\xb9\x81\xe0\xb8\xa3\xe0\xb8\x87, \xe0\xb8\xaa\xe0\xb9\x88\xe0\xb8\xa7\xe0\xb8\x99\xe0\xb8\xa5\xe0\xb8\xb8\xe0\xb8\x84 \xe0\xb9\x81\xe0\xb8\xa5\xe0\xb8\xb0\xe0\xb8\x81\xe0\xb8\xb2\xe0\xb8\xa3\xe0\xb8\x8b\xe0\xb9\x89\xe0\xb8\xad\xe0\xb8\x99\xe0\xb8\x9e\xe0\xb8\xb2\xe0\xb8\xaa) \xe0\xb9\x82\xe0\xb8\x94\xe0\xb8\xa2\xe0\xb8\x9e\xe0\xb8\xb1\xe0\xb8\x81\xe0\xb8\x84\xe0\xb9\x88\xe0\xb8\xb2\xe0\xb8\x82\xe0\xb8\xad\xe0\xb8\x87\xe0\xb8\x84\xe0\xb8\xb8\xe0\xb8\x93\xe0\xb9\x84\xe0\xb8\xa7\xe0\xb9\x89 \xe0\xb8\x82\xe0\xb8\xad\xe0\xb8\x87\xe0\xb8\x89\xe0\xb8\xb1\xe0\xb8\x99 \xe0\xb8\x88\xe0\xb8\xb0\xe0\xb8\x99\xe0\xb8\xb3\xe0\xb8\x84\xe0\xb9\x88\xe0\xb8\xb2\xe0\xb8\x82\xe0\xb8\xad\xe0\xb8\x87\xe0\xb8\x84\xe0\xb8\xb8\xe0\xb8\x93\xe0\xb8\x81\xe0\xb8\xa5\xe0\xb8\xb1\xe0\xb8\x9a\xe0\xb8\xa1\xe0\xb8\xb2 \xe0\xb8\x88\xe0\xb8\xb0\xe0\xb9\x84\xe0\xb8\xa1\xe0\xb9\x88\xe0\xb8\xa1\xe0\xb8\xb5\xe0\xb8\x81\xe0\xb8\xb2\xe0\xb8\xa3\xe0\xb8\x9a\xe0\xb8\xb1\xe0\xb8\x99\xe0\xb8\x97\xe0\xb8\xb6\xe0\xb8\x81\xe0\xb9\x83\xe0\xb8\x94\xe0\xb9\x86 \xe0\xb8\x82\xe0\xb8\x93\xe0\xb8\xb0\xe0\xb9\x80\xe0\xb8\x9b\xe0\xb8\xb4\xe0\xb8\x94 \xe0\xb8\x84\xe0\xb9\x88\xe0\xb8\xb2\xe0\xb9\x80\xe0\xb8\xa3\xe0\xb8\xb4\xe0\xb9\x88\xe0\xb8\xa1\xe0\xb8\x95\xe0\xb9\x89\xe0\xb8\x99"},
    {"Showing the built-in look.  Your settings are kept; pick Mine to return.",
     "\xe0\xb8\x81\xe0\xb8\xb3\xe0\xb8\xa5\xe0\xb8\xb1\xe0\xb8\x87\xe0\xb9\x81\xe0\xb8\xaa\xe0\xb8\x94\xe0\xb8\x87\xe0\xb8\xa5\xe0\xb8\xb8\xe0\xb8\x84\xe0\xb9\x83\xe0\xb8\x99\xe0\xb8\x95\xe0\xb8\xb1\xe0\xb8\xa7 \xe0\xb8\x81\xe0\xb8\xb2\xe0\xb8\xa3\xe0\xb8\x95\xe0\xb8\xb1\xe0\xb9\x89\xe0\xb8\x87\xe0\xb8\x84\xe0\xb9\x88\xe0\xb8\xb2\xe0\xb8\x82\xe0\xb8\xad\xe0\xb8\x87\xe0\xb8\x84\xe0\xb8\xb8\xe0\xb8\x93\xe0\xb8\xa2\xe0\xb8\xb1\xe0\xb8\x87\xe0\xb8\xad\xe0\xb8\xa2\xe0\xb8\xb9\xe0\xb9\x88 \xe0\xb9\x80\xe0\xb8\xa5\xe0\xb8\xb7\xe0\xb8\xad\xe0\xb8\x81 \xe0\xb8\x82\xe0\xb8\xad\xe0\xb8\x87\xe0\xb8\x89\xe0\xb8\xb1\xe0\xb8\x99 \xe0\xb9\x80\xe0\xb8\x9e\xe0\xb8\xb7\xe0\xb9\x88\xe0\xb8\xad\xe0\xb8\x81\xe0\xb8\xa5\xe0\xb8\xb1\xe0\xb8\x9a"},
    {"Resolution",
     "\xe0\xb8\x84\xe0\xb8\xa7\xe0\xb8\xb2\xe0\xb8\xa1\xe0\xb8\xa5\xe0\xb8\xb0\xe0\xb9\x80\xe0\xb8\xad\xe0\xb8\xb5\xe0\xb8\xa2\xe0\xb8\x94"},
    {"LOOK",
     "\xe0\xb8\xa5\xe0\xb8\xb8\xe0\xb8\x84"},
    {"Reset look",
     "\xe0\xb8\xa3\xe0\xb8\xb5\xe0\xb9\x80\xe0\xb8\x8b\xe0\xb9\x87\xe0\xb8\x95\xe0\xb8\xa5\xe0\xb8\xb8\xe0\xb8\x84"},
    {"Model \xc2\xb7 restarts NR history",
     "\xe0\xb9\x82\xe0\xb8\xa1\xe0\xb9\x80\xe0\xb8\x94\xe0\xb8\xa5 \xc2\xb7 \xe0\xb9\x80\xe0\xb8\xa3\xe0\xb8\xb4\xe0\xb9\x88\xe0\xb8\xa1\xe0\xb8\x9b\xe0\xb8\xa3\xe0\xb8\xb0\xe0\xb8\xa7\xe0\xb8\xb1\xe0\xb8\x95\xe0\xb8\xb4 NR \xe0\xb9\x83\xe0\xb8\xab\xe0\xb8\xa1\xe0\xb9\x88"},
    {"Result \xc2\xb7 live, reshapes NR's output",
     "\xe0\xb8\x9c\xe0\xb8\xa5\xe0\xb8\xa5\xe0\xb8\xb1\xe0\xb8\x9e\xe0\xb8\x98\xe0\xb9\x8c \xc2\xb7 \xe0\xb8\x9b\xe0\xb8\xa3\xe0\xb8\xb1\xe0\xb8\x9a\xe0\xb9\x80\xe0\xb8\xad\xe0\xb8\xb2\xe0\xb8\x95\xe0\xb9\x8c\xe0\xb8\x9e\xe0\xb8\xb8\xe0\xb8\x95 NR \xe0\xb9\x81\xe0\xb8\x9a\xe0\xb8\x9a\xe0\xb8\xaa\xe0\xb8\x94"},
    {"Limits and stability",
     "\xe0\xb8\x82\xe0\xb8\xb5\xe0\xb8\x94\xe0\xb8\x88\xe0\xb8\xb3\xe0\xb8\x81\xe0\xb8\xb1\xe0\xb8\x94\xe0\xb9\x81\xe0\xb8\xa5\xe0\xb8\xb0\xe0\xb8\x84\xe0\xb8\xa7\xe0\xb8\xb2\xe0\xb8\xa1\xe0\xb9\x80\xe0\xb8\xaa\xe0\xb8\x96\xe0\xb8\xb5\xe0\xb8\xa2\xe0\xb8\xa3"},
    {"Limits and stability \xc2\xb7 changed",
     "\xe0\xb8\x82\xe0\xb8\xb5\xe0\xb8\x94\xe0\xb8\x88\xe0\xb8\xb3\xe0\xb8\x81\xe0\xb8\xb1\xe0\xb8\x94\xe0\xb9\x81\xe0\xb8\xa5\xe0\xb8\xb0\xe0\xb8\x84\xe0\xb8\xa7\xe0\xb8\xb2\xe0\xb8\xa1\xe0\xb9\x80\xe0\xb8\xaa\xe0\xb8\x96\xe0\xb8\xb5\xe0\xb8\xa2\xe0\xb8\xa3 \xc2\xb7 \xe0\xb8\xa1\xe0\xb8\xb5\xe0\xb8\x81\xe0\xb8\xb2\xe0\xb8\xa3\xe0\xb9\x80\xe0\xb8\x9b\xe0\xb8\xa5\xe0\xb8\xb5\xe0\xb9\x88\xe0\xb8\xa2\xe0\xb8\x99"},
    {"Performance",
     "\xe0\xb8\x9b\xe0\xb8\xa3\xe0\xb8\xb0\xe0\xb8\xaa\xe0\xb8\xb4\xe0\xb8\x97\xe0\xb8\x98\xe0\xb8\xb4\xe0\xb8\xa0\xe0\xb8\xb2\xe0\xb8\x9e"},
    {"pre-SR, stacking, resolution, upsampling",
     "pre-SR, \xe0\xb8\x81\xe0\xb8\xb2\xe0\xb8\xa3\xe0\xb8\x8b\xe0\xb9\x89\xe0\xb8\xad\xe0\xb8\x99\xe0\xb8\x9e\xe0\xb8\xb2\xe0\xb8\xaa, \xe0\xb8\x84\xe0\xb8\xa7\xe0\xb8\xb2\xe0\xb8\xa1\xe0\xb8\xa5\xe0\xb8\xb0\xe0\xb9\x80\xe0\xb8\xad\xe0\xb8\xb5\xe0\xb8\xa2\xe0\xb8\x94, \xe0\xb8\xad\xe0\xb8\xb1\xe0\xb8\x9b\xe0\xb9\x81\xe0\xb8\x8b\xe0\xb8\xa1\xe0\xb8\x9b\xe0\xb8\xa5\xe0\xb8\xb4\xe0\xb8\x87"},
    {"Reset performance",
     "\xe0\xb8\xa3\xe0\xb8\xb5\xe0\xb9\x80\xe0\xb8\x8b\xe0\xb9\x87\xe0\xb8\x95\xe0\xb8\x9b\xe0\xb8\xa3\xe0\xb8\xb0\xe0\xb8\xaa\xe0\xb8\xb4\xe0\xb8\x97\xe0\xb8\x98\xe0\xb8\xb4\xe0\xb8\xa0\xe0\xb8\xb2\xe0\xb8\x9e"},
    {"Hotkeys & screenshots",
     "\xe0\xb8\x9b\xe0\xb8\xb8\xe0\xb9\x88\xe0\xb8\xa1\xe0\xb8\xa5\xe0\xb8\xb1\xe0\xb8\x94\xe0\xb9\x81\xe0\xb8\xa5\xe0\xb8\xb0\xe0\xb8\xa0\xe0\xb8\xb2\xe0\xb8\x9e\xe0\xb8\xab\xe0\xb8\x99\xe0\xb9\x89\xe0\xb8\xb2\xe0\xb8\x88\xe0\xb8\xad"},
    {"%s toggle | %s screenshot",
     "%s \xe0\xb9\x80\xe0\xb8\x9b\xe0\xb8\xb4\xe0\xb8\x94/\xe0\xb8\x9b\xe0\xb8\xb4\xe0\xb8\x94 | %s \xe0\xb8\xa0\xe0\xb8\xb2\xe0\xb8\x9e\xe0\xb8\xab\xe0\xb8\x99\xe0\xb9\x89\xe0\xb8\xb2\xe0\xb8\x88\xe0\xb8\xad"},
    {"Reset hotkeys",
     "\xe0\xb8\xa3\xe0\xb8\xb5\xe0\xb9\x80\xe0\xb8\x8b\xe0\xb9\x87\xe0\xb8\x95\xe0\xb8\x9b\xe0\xb8\xb8\xe0\xb9\x88\xe0\xb8\xa1\xe0\xb8\xa5\xe0\xb8\xb1\xe0\xb8\x94"},
    {"Diagnostics",
     "\xe0\xb8\x81\xe0\xb8\xb2\xe0\xb8\xa3\xe0\xb8\xa7\xe0\xb8\xb4\xe0\xb8\x99\xe0\xb8\xb4\xe0\xb8\x88\xe0\xb8\x89\xe0\xb8\xb1\xe0\xb8\xa2"},
    {"counters, support report",
     "\xe0\xb8\x95\xe0\xb8\xb1\xe0\xb8\xa7\xe0\xb8\x99\xe0\xb8\xb1\xe0\xb8\x9a, \xe0\xb8\xa3\xe0\xb8\xb2\xe0\xb8\xa2\xe0\xb8\x87\xe0\xb8\xb2\xe0\xb8\x99\xe0\xb8\xaa\xe0\xb8\xb3\xe0\xb8\xab\xe0\xb8\xa3\xe0\xb8\xb1\xe0\xb8\x9a\xe0\xb8\x8b\xe0\xb8\xb1\xe0\xb8\x9e\xe0\xb8\x9e\xe0\xb8\xad\xe0\xb8\xa3\xe0\xb9\x8c\xe0\xb8\x95"},
    {"Fixes",
     "\xe0\xb8\x81\xe0\xb8\xb2\xe0\xb8\xa3\xe0\xb9\x81\xe0\xb8\x81\xe0\xb9\x89\xe0\xb9\x84\xe0\xb8\x82"},
    {"only change if you know what you are doing",
     "\xe0\xb9\x80\xe0\xb8\x9b\xe0\xb8\xa5\xe0\xb8\xb5\xe0\xb9\x88\xe0\xb8\xa2\xe0\xb8\x99\xe0\xb9\x80\xe0\xb8\x89\xe0\xb8\x9e\xe0\xb8\xb2\xe0\xb8\xb0\xe0\xb9\x80\xe0\xb8\xa1\xe0\xb8\xb7\xe0\xb9\x88\xe0\xb8\xad\xe0\xb8\xa3\xe0\xb8\xb9\xe0\xb9\x89\xe0\xb8\xa7\xe0\xb9\x88\xe0\xb8\xb2\xe0\xb8\x81\xe0\xb8\xb3\xe0\xb8\xa5\xe0\xb8\xb1\xe0\xb8\x87\xe0\xb8\x97\xe0\xb8\xb3\xe0\xb8\xad\xe0\xb8\xb0\xe0\xb9\x84\xe0\xb8\xa3"},
    {"Reset fixes",
     "\xe0\xb8\xa3\xe0\xb8\xb5\xe0\xb9\x80\xe0\xb8\x8b\xe0\xb9\x87\xe0\xb8\x95\xe0\xb8\x81\xe0\xb8\xb2\xe0\xb8\xa3\xe0\xb9\x81\xe0\xb8\x81\xe0\xb9\x89\xe0\xb9\x84\xe0\xb8\x82"},
    {"These correct games that report their HDR or motion data wrongly.  The defaults are right for nearly every game, and a wrong value here breaks the image.  Reset fixes puts every one of them back.",
     "\xe0\xb9\x83\xe0\xb8\x8a\xe0\xb9\x89\xe0\xb9\x81\xe0\xb8\x81\xe0\xb9\x89\xe0\xb9\x80\xe0\xb8\x81\xe0\xb8\xa1\xe0\xb8\x97\xe0\xb8\xb5\xe0\xb9\x88\xe0\xb8\xa3\xe0\xb8\xb2\xe0\xb8\xa2\xe0\xb8\x87\xe0\xb8\xb2\xe0\xb8\x99\xe0\xb8\x82\xe0\xb9\x89\xe0\xb8\xad\xe0\xb8\xa1\xe0\xb8\xb9\xe0\xb8\xa5 HDR \xe0\xb8\xab\xe0\xb8\xa3\xe0\xb8\xb7\xe0\xb8\xad\xe0\xb8\x81\xe0\xb8\xb2\xe0\xb8\xa3\xe0\xb9\x80\xe0\xb8\x84\xe0\xb8\xa5\xe0\xb8\xb7\xe0\xb9\x88\xe0\xb8\xad\xe0\xb8\x99\xe0\xb9\x84\xe0\xb8\xab\xe0\xb8\xa7\xe0\xb8\x9c\xe0\xb8\xb4\xe0\xb8\x94 \xe0\xb8\x84\xe0\xb9\x88\xe0\xb8\xb2\xe0\xb9\x80\xe0\xb8\xa3\xe0\xb8\xb4\xe0\xb9\x88\xe0\xb8\xa1\xe0\xb8\x95\xe0\xb9\x89\xe0\xb8\x99\xe0\xb8\x96\xe0\xb8\xb9\xe0\xb8\x81\xe0\xb8\x95\xe0\xb9\x89\xe0\xb8\xad\xe0\xb8\x87\xe0\xb8\xaa\xe0\xb8\xb3\xe0\xb8\xab\xe0\xb8\xa3\xe0\xb8\xb1\xe0\xb8\x9a\xe0\xb9\x80\xe0\xb8\x81\xe0\xb8\xa1\xe0\xb9\x80\xe0\xb8\x81\xe0\xb8\xb7\xe0\xb8\xad\xe0\xb8\x9a\xe0\xb8\x97\xe0\xb8\xb1\xe0\xb9\x89\xe0\xb8\x87\xe0\xb8\xab\xe0\xb8\xa1\xe0\xb8\x94 \xe0\xb9\x81\xe0\xb8\xa5\xe0\xb8\xb0\xe0\xb8\x84\xe0\xb9\x88\xe0\xb8\xb2\xe0\xb8\x97\xe0\xb8\xb5\xe0\xb9\x88\xe0\xb8\x9c\xe0\xb8\xb4\xe0\xb8\x94\xe0\xb8\x95\xe0\xb8\xa3\xe0\xb8\x87\xe0\xb8\x99\xe0\xb8\xb5\xe0\xb9\x89\xe0\xb8\x88\xe0\xb8\xb0\xe0\xb8\x97\xe0\xb8\xb3\xe0\xb9\x83\xe0\xb8\xab\xe0\xb9\x89\xe0\xb8\xa0\xe0\xb8\xb2\xe0\xb8\x9e\xe0\xb9\x80\xe0\xb8\xaa\xe0\xb8\xb5\xe0\xb8\xa2 \xe0\xb8\xa3\xe0\xb8\xb5\xe0\xb9\x80\xe0\xb8\x8b\xe0\xb9\x87\xe0\xb8\x95\xe0\xb8\x81\xe0\xb8\xb2\xe0\xb8\xa3\xe0\xb9\x81\xe0\xb8\x81\xe0\xb9\x89\xe0\xb9\x84\xe0\xb8\x82 \xe0\xb8\x88\xe0\xb8\xb0\xe0\xb8\x84\xe0\xb8\xb7\xe0\xb8\x99\xe0\xb8\x84\xe0\xb9\x88\xe0\xb8\xb2\xe0\xb8\x97\xe0\xb8\xb1\xe0\xb9\x89\xe0\xb8\x87\xe0\xb8\xab\xe0\xb8\xa1\xe0\xb8\x94"},
    {"HDR",
     "HDR"},
    {"Depth and motion",
     "\xe0\xb8\x84\xe0\xb8\xa7\xe0\xb8\xb2\xe0\xb8\xa1\xe0\xb8\xa5\xe0\xb8\xb6\xe0\xb8\x81\xe0\xb9\x81\xe0\xb8\xa5\xe0\xb8\xb0\xe0\xb8\x81\xe0\xb8\xb2\xe0\xb8\xa3\xe0\xb9\x80\xe0\xb8\x84\xe0\xb8\xa5\xe0\xb8\xb7\xe0\xb9\x88\xe0\xb8\xad\xe0\xb8\x99\xe0\xb9\x84\xe0\xb8\xab\xe0\xb8\xa7"},
    {"HDR adaptation speed, in stops per second",
     "\xe0\xb8\x84\xe0\xb8\xa7\xe0\xb8\xb2\xe0\xb8\xa1\xe0\xb9\x80\xe0\xb8\xa3\xe0\xb9\x87\xe0\xb8\xa7\xe0\xb8\x81\xe0\xb8\xb2\xe0\xb8\xa3\xe0\xb8\x9b\xe0\xb8\xa3\xe0\xb8\xb1\xe0\xb8\x9a\xe0\xb8\x95\xe0\xb8\xb1\xe0\xb8\xa7 HDR \xe0\xb8\xab\xe0\xb8\x99\xe0\xb9\x88\xe0\xb8\xa7\xe0\xb8\xa2\xe0\xb8\xaa\xe0\xb8\x95\xe0\xb9\x87\xe0\xb8\xad\xe0\xb8\x9b\xe0\xb8\x95\xe0\xb9\x88\xe0\xb8\xad\xe0\xb8\xa7\xe0\xb8\xb4\xe0\xb8\x99\xe0\xb8\xb2\xe0\xb8\x97\xe0\xb8\xb5"},
    {"Restore all defaults",
     "\xe0\xb8\x84\xe0\xb8\xb7\xe0\xb8\x99\xe0\xb8\x84\xe0\xb9\x88\xe0\xb8\xb2\xe0\xb9\x80\xe0\xb8\xa3\xe0\xb8\xb4\xe0\xb9\x88\xe0\xb8\xa1\xe0\xb8\x95\xe0\xb9\x89\xe0\xb8\x99\xe0\xb8\x97\xe0\xb8\xb1\xe0\xb9\x89\xe0\xb8\x87\xe0\xb8\xab\xe0\xb8\xa1\xe0\xb8\x94"},
    {"Every setting for this game goes back to its default, hotkeys included.",
     "\xe0\xb8\x81\xe0\xb8\xb2\xe0\xb8\xa3\xe0\xb8\x95\xe0\xb8\xb1\xe0\xb9\x89\xe0\xb8\x87\xe0\xb8\x84\xe0\xb9\x88\xe0\xb8\xb2\xe0\xb8\x97\xe0\xb8\xb1\xe0\xb9\x89\xe0\xb8\x87\xe0\xb8\xab\xe0\xb8\xa1\xe0\xb8\x94\xe0\xb8\x82\xe0\xb8\xad\xe0\xb8\x87\xe0\xb9\x80\xe0\xb8\x81\xe0\xb8\xa1\xe0\xb8\x99\xe0\xb8\xb5\xe0\xb9\x89\xe0\xb8\x88\xe0\xb8\xb0\xe0\xb8\x81\xe0\xb8\xa5\xe0\xb8\xb1\xe0\xb8\x9a\xe0\xb9\x80\xe0\xb8\x9b\xe0\xb9\x87\xe0\xb8\x99\xe0\xb8\x84\xe0\xb9\x88\xe0\xb8\xb2\xe0\xb9\x80\xe0\xb8\xa3\xe0\xb8\xb4\xe0\xb9\x88\xe0\xb8\xa1\xe0\xb8\x95\xe0\xb9\x89\xe0\xb8\x99 \xe0\xb8\xa3\xe0\xb8\xa7\xe0\xb8\xa1\xe0\xb8\x96\xe0\xb8\xb6\xe0\xb8\x87\xe0\xb8\x9b\xe0\xb8\xb8\xe0\xb9\x88\xe0\xb8\xa1\xe0\xb8\xa5\xe0\xb8\xb1\xe0\xb8\x94"},
    {"Developer view",
     "\xe0\xb8\xa1\xe0\xb8\xb8\xe0\xb8\xa1\xe0\xb8\xa1\xe0\xb8\xad\xe0\xb8\x87\xe0\xb8\x99\xe0\xb8\xb1\xe0\xb8\x81\xe0\xb8\x9e\xe0\xb8\xb1\xe0\xb8\x92\xe0\xb8\x99\xe0\xb8\xb2"},
    {"The classic flat layout: every control in one list, as before v7.",
     "\xe0\xb9\x80\xe0\xb8\xa5\xe0\xb8\xa2\xe0\xb9\x8c\xe0\xb9\x80\xe0\xb8\xad\xe0\xb8\xb2\xe0\xb8\x95\xe0\xb9\x8c\xe0\xb9\x81\xe0\xb8\x9a\xe0\xb8\x9a\xe0\xb9\x80\xe0\xb8\x94\xe0\xb8\xb4\xe0\xb8\xa1: \xe0\xb8\x95\xe0\xb8\xb1\xe0\xb8\xa7\xe0\xb8\x84\xe0\xb8\xa7\xe0\xb8\x9a\xe0\xb8\x84\xe0\xb8\xb8\xe0\xb8\xa1\xe0\xb8\x97\xe0\xb8\xb1\xe0\xb9\x89\xe0\xb8\x87\xe0\xb8\xab\xe0\xb8\xa1\xe0\xb8\x94\xe0\xb8\xad\xe0\xb8\xa2\xe0\xb8\xb9\xe0\xb9\x88\xe0\xb9\x83\xe0\xb8\x99\xe0\xb8\xa3\xe0\xb8\xb2\xe0\xb8\xa2\xe0\xb8\x81\xe0\xb8\xb2\xe0\xb8\xa3\xe0\xb9\x80\xe0\xb8\x94\xe0\xb8\xb5\xe0\xb8\xa2\xe0\xb8\xa7 \xe0\xb9\x80\xe0\xb8\xab\xe0\xb8\xa1\xe0\xb8\xb7\xe0\xb8\xad\xe0\xb8\x99\xe0\xb8\x81\xe0\xb9\x88\xe0\xb8\xad\xe0\xb8\x99 v7"},
    {"Language",
     "\xe0\xb8\xa0\xe0\xb8\xb2\xe0\xb8\xa9\xe0\xb8\xb2"},
    {"Auto follows ReShade's own language (ReShade's Settings tab), which follows Windows unless you picked one there.  ReShade loads the font for its own language only, so a language written in another script can show as boxes: pick it in ReShade's settings too.",
     "\xe0\xb8\xad\xe0\xb8\xb1\xe0\xb8\x95\xe0\xb9\x82\xe0\xb8\x99\xe0\xb8\xa1\xe0\xb8\xb1\xe0\xb8\x95\xe0\xb8\xb4 \xe0\xb8\x88\xe0\xb8\xb0\xe0\xb9\x83\xe0\xb8\x8a\xe0\xb9\x89\xe0\xb8\xa0\xe0\xb8\xb2\xe0\xb8\xa9\xe0\xb8\xb2\xe0\xb8\x82\xe0\xb8\xad\xe0\xb8\x87 ReShade (\xe0\xb9\x81\xe0\xb8\x97\xe0\xb9\x87\xe0\xb8\x9a Settings \xe0\xb8\x82\xe0\xb8\xad\xe0\xb8\x87 ReShade) \xe0\xb8\x8b\xe0\xb8\xb6\xe0\xb9\x88\xe0\xb8\x87\xe0\xb8\x88\xe0\xb8\xb0\xe0\xb8\x95\xe0\xb8\xb2\xe0\xb8\xa1 Windows \xe0\xb8\xab\xe0\xb8\xb2\xe0\xb8\x81\xe0\xb9\x84\xe0\xb8\xa1\xe0\xb9\x88\xe0\xb9\x84\xe0\xb8\x94\xe0\xb9\x89\xe0\xb9\x80\xe0\xb8\xa5\xe0\xb8\xb7\xe0\xb8\xad\xe0\xb8\x81\xe0\xb9\x84\xe0\xb8\xa7\xe0\xb9\x89\xe0\xb8\x97\xe0\xb8\xb5\xe0\xb9\x88\xe0\xb8\x99\xe0\xb8\xb1\xe0\xb9\x88\xe0\xb8\x99 ReShade \xe0\xb9\x82\xe0\xb8\xab\xe0\xb8\xa5\xe0\xb8\x94\xe0\xb8\x9f\xe0\xb8\xad\xe0\xb8\x99\xe0\xb8\x95\xe0\xb9\x8c\xe0\xb9\x80\xe0\xb8\x89\xe0\xb8\x9e\xe0\xb8\xb2\xe0\xb8\xb0\xe0\xb8\xa0\xe0\xb8\xb2\xe0\xb8\xa9\xe0\xb8\xb2\xe0\xb8\x82\xe0\xb8\xad\xe0\xb8\x87\xe0\xb8\x95\xe0\xb8\xb1\xe0\xb8\xa7\xe0\xb9\x80\xe0\xb8\xad\xe0\xb8\x87 \xe0\xb8\xa0\xe0\xb8\xb2\xe0\xb8\xa9\xe0\xb8\xb2\xe0\xb8\x97\xe0\xb8\xb5\xe0\xb9\x88\xe0\xb9\x83\xe0\xb8\x8a\xe0\xb9\x89\xe0\xb8\xad\xe0\xb8\xb1\xe0\xb8\x81\xe0\xb8\xa9\xe0\xb8\xa3\xe0\xb8\xad\xe0\xb8\xb7\xe0\xb9\x88\xe0\xb8\x99\xe0\xb8\x88\xe0\xb8\xb6\xe0\xb8\x87\xe0\xb8\xad\xe0\xb8\xb2\xe0\xb8\x88\xe0\xb9\x81\xe0\xb8\xaa\xe0\xb8\x94\xe0\xb8\x87\xe0\xb9\x80\xe0\xb8\x9b\xe0\xb9\x87\xe0\xb8\x99\xe0\xb8\x81\xe0\xb8\xa5\xe0\xb9\x88\xe0\xb8\xad\xe0\xb8\x87: \xe0\xb9\x83\xe0\xb8\xab\xe0\xb9\x89\xe0\xb9\x80\xe0\xb8\xa5\xe0\xb8\xb7\xe0\xb8\xad\xe0\xb8\x81\xe0\xb8\xa0\xe0\xb8\xb2\xe0\xb8\xa9\xe0\xb8\xb2\xe0\xb8\x99\xe0\xb8\xb1\xe0\xb9\x89\xe0\xb8\x99\xe0\xb9\x83\xe0\xb8\x99\xe0\xb8\x81\xe0\xb8\xb2\xe0\xb8\xa3\xe0\xb8\x95\xe0\xb8\xb1\xe0\xb9\x89\xe0\xb8\x87\xe0\xb8\x84\xe0\xb9\x88\xe0\xb8\xb2 ReShade \xe0\xb8\x94\xe0\xb9\x89\xe0\xb8\xa7\xe0\xb8\xa2"},
    {"Full",
     "\xe0\xb9\x80\xe0\xb8\x95\xe0\xb9\x87\xe0\xb8\xa1"},
    {"Quality",
     "\xe0\xb8\x84\xe0\xb8\xb8\xe0\xb8\x93\xe0\xb8\xa0\xe0\xb8\xb2\xe0\xb8\x9e"},
    {"Balanced",
     "\xe0\xb8\xaa\xe0\xb8\xa1\xe0\xb8\x94\xe0\xb8\xb8\xe0\xb8\xa5"},
    {"Match game",
     "\xe0\xb8\x95\xe0\xb8\xb2\xe0\xb8\xa1\xe0\xb9\x80\xe0\xb8\x81\xe0\xb8\xa1"},
    {"The resolution Neural Rendering works at.  Full is the sharpest; the lower presets cost less GPU time.  Match game follows the game's own render resolution.",
     "\xe0\xb8\x84\xe0\xb8\xa7\xe0\xb8\xb2\xe0\xb8\xa1\xe0\xb8\xa5\xe0\xb8\xb0\xe0\xb9\x80\xe0\xb8\xad\xe0\xb8\xb5\xe0\xb8\xa2\xe0\xb8\x94\xe0\xb8\x97\xe0\xb8\xb5\xe0\xb9\x88 Neural Rendering \xe0\xb8\x97\xe0\xb8\xb3\xe0\xb8\x87\xe0\xb8\xb2\xe0\xb8\x99 \xe0\xb9\x80\xe0\xb8\x95\xe0\xb9\x87\xe0\xb8\xa1 \xe0\xb8\x84\xe0\xb8\xa1\xe0\xb8\x97\xe0\xb8\xb5\xe0\xb9\x88\xe0\xb8\xaa\xe0\xb8\xb8\xe0\xb8\x94 \xe0\xb8\x9e\xe0\xb8\xa3\xe0\xb8\xb5\xe0\xb9\x80\xe0\xb8\x8b\xe0\xb9\x87\xe0\xb8\x95\xe0\xb8\x97\xe0\xb8\xb5\xe0\xb9\x88\xe0\xb8\x95\xe0\xb9\x88\xe0\xb8\xb3\xe0\xb8\x81\xe0\xb8\xa7\xe0\xb9\x88\xe0\xb8\xb2\xe0\xb9\x83\xe0\xb8\x8a\xe0\xb9\x89\xe0\xb9\x80\xe0\xb8\xa7\xe0\xb8\xa5\xe0\xb8\xb2 GPU \xe0\xb8\x99\xe0\xb9\x89\xe0\xb8\xad\xe0\xb8\xa2\xe0\xb8\x81\xe0\xb8\xa7\xe0\xb9\x88\xe0\xb8\xb2 \xe0\xb8\x95\xe0\xb8\xb2\xe0\xb8\xa1\xe0\xb9\x80\xe0\xb8\x81\xe0\xb8\xa1 \xe0\xb8\x88\xe0\xb8\xb0\xe0\xb9\x83\xe0\xb8\x8a\xe0\xb9\x89\xe0\xb8\x84\xe0\xb8\xa7\xe0\xb8\xb2\xe0\xb8\xa1\xe0\xb8\xa5\xe0\xb8\xb0\xe0\xb9\x80\xe0\xb8\xad\xe0\xb8\xb5\xe0\xb8\xa2\xe0\xb8\x94\xe0\xb9\x80\xe0\xb8\xa3\xe0\xb8\x99\xe0\xb9\x80\xe0\xb8\x94\xe0\xb8\xad\xe0\xb8\xa3\xe0\xb9\x8c\xe0\xb8\x82\xe0\xb8\xad\xe0\xb8\x87\xe0\xb9\x80\xe0\xb8\x81\xe0\xb8\xa1"},
    {"Custom (%.0f%%): set in Performance",
     "\xe0\xb8\x81\xe0\xb8\xb3\xe0\xb8\xab\xe0\xb8\x99\xe0\xb8\x94\xe0\xb9\x80\xe0\xb8\xad\xe0\xb8\x87 (%.0f%%): \xe0\xb8\x95\xe0\xb8\xb1\xe0\xb9\x89\xe0\xb8\x87\xe0\xb9\x83\xe0\xb8\x99 \xe0\xb8\x9b\xe0\xb8\xa3\xe0\xb8\xb0\xe0\xb8\xaa\xe0\xb8\xb4\xe0\xb8\x97\xe0\xb8\x98\xe0\xb8\xb4\xe0\xb8\xa0\xe0\xb8\xb2\xe0\xb8\x9e"},
    {"Last frame",
     "\xe0\xb9\x80\xe0\xb8\x9f\xe0\xb8\xa3\xe0\xb8\xa1\xe0\xb8\xa5\xe0\xb9\x88\xe0\xb8\xb2\xe0\xb8\xaa\xe0\xb8\xb8\xe0\xb8\x94"},
    {"Frames this session",
     "\xe0\xb9\x80\xe0\xb8\x9f\xe0\xb8\xa3\xe0\xb8\xa1\xe0\xb9\x83\xe0\xb8\x99\xe0\xb9\x80\xe0\xb8\x8b\xe0\xb8\xaa\xe0\xb8\x8a\xe0\xb8\xb1\xe0\xb8\x99\xe0\xb8\x99\xe0\xb8\xb5\xe0\xb9\x89"},
    {"Working resolution",
     "\xe0\xb8\x84\xe0\xb8\xa7\xe0\xb8\xb2\xe0\xb8\xa1\xe0\xb8\xa5\xe0\xb8\xb0\xe0\xb9\x80\xe0\xb8\xad\xe0\xb8\xb5\xe0\xb8\xa2\xe0\xb8\x94\xe0\xb8\x97\xe0\xb8\xb5\xe0\xb9\x88\xe0\xb9\x83\xe0\xb8\x8a\xe0\xb9\x89\xe0\xb8\x87\xe0\xb8\xb2\xe0\xb8\x99"},
    {"Backend",
     "\xe0\xb9\x81\xe0\xb8\x9a\xe0\xb9\x87\xe0\xb8\x81\xe0\xb9\x80\xe0\xb8\xad\xe0\xb8\x99\xe0\xb8\x94\xe0\xb9\x8c"},
    {"Raw details",
     "\xe0\xb8\xa3\xe0\xb8\xb2\xe0\xb8\xa2\xe0\xb8\xa5\xe0\xb8\xb0\xe0\xb9\x80\xe0\xb8\xad\xe0\xb8\xb5\xe0\xb8\xa2\xe0\xb8\x94\xe0\xb8\x94\xe0\xb8\xb4\xe0\xb8\x9a"},
    {"Copy support report",
     "\xe0\xb8\x84\xe0\xb8\xb1\xe0\xb8\x94\xe0\xb8\xa5\xe0\xb8\xad\xe0\xb8\x81\xe0\xb8\xa3\xe0\xb8\xb2\xe0\xb8\xa2\xe0\xb8\x87\xe0\xb8\xb2\xe0\xb8\x99\xe0\xb8\x8b\xe0\xb8\xb1\xe0\xb8\x9e\xe0\xb8\x9e\xe0\xb8\xad\xe0\xb8\xa3\xe0\xb9\x8c\xe0\xb8\x95"},
    {"Open log folder",
     "\xe0\xb9\x80\xe0\xb8\x9b\xe0\xb8\xb4\xe0\xb8\x94\xe0\xb9\x82\xe0\xb8\x9f\xe0\xb8\xa5\xe0\xb9\x80\xe0\xb8\x94\xe0\xb8\xad\xe0\xb8\xa3\xe0\xb9\x8c\xe0\xb8\xa5\xe0\xb9\x87\xe0\xb8\xad\xe0\xb8\x81"},
    {"Copied. Paste it into your report together with ReShade.log.",
     "\xe0\xb8\x84\xe0\xb8\xb1\xe0\xb8\x94\xe0\xb8\xa5\xe0\xb8\xad\xe0\xb8\x81\xe0\xb9\x81\xe0\xb8\xa5\xe0\xb9\x89\xe0\xb8\xa7 \xe0\xb8\xa7\xe0\xb8\xb2\xe0\xb8\x87\xe0\xb8\xa5\xe0\xb8\x87\xe0\xb9\x83\xe0\xb8\x99\xe0\xb8\xa3\xe0\xb8\xb2\xe0\xb8\xa2\xe0\xb8\x87\xe0\xb8\xb2\xe0\xb8\x99\xe0\xb8\x82\xe0\xb8\xad\xe0\xb8\x87\xe0\xb8\x84\xe0\xb8\xb8\xe0\xb8\x93\xe0\xb8\x9e\xe0\xb8\xa3\xe0\xb9\x89\xe0\xb8\xad\xe0\xb8\xa1\xe0\xb8\x81\xe0\xb8\xb1\xe0\xb8\x9a ReShade.log"},
    {"Copies a short text with the version, the verdict, the card and the counters.  It holds the game's file name and no folder paths.",
     "\xe0\xb8\x84\xe0\xb8\xb1\xe0\xb8\x94\xe0\xb8\xa5\xe0\xb8\xad\xe0\xb8\x81\xe0\xb8\x82\xe0\xb9\x89\xe0\xb8\xad\xe0\xb8\x84\xe0\xb8\xa7\xe0\xb8\xb2\xe0\xb8\xa1\xe0\xb8\xaa\xe0\xb8\xb1\xe0\xb9\x89\xe0\xb8\x99\xe0\xb8\x97\xe0\xb8\xb5\xe0\xb9\x88\xe0\xb8\xa1\xe0\xb8\xb5\xe0\xb9\x80\xe0\xb8\xa7\xe0\xb8\xad\xe0\xb8\xa3\xe0\xb9\x8c\xe0\xb8\x8a\xe0\xb8\xb1\xe0\xb8\x99 \xe0\xb8\x9c\xe0\xb8\xa5\xe0\xb8\xa7\xe0\xb8\xb4\xe0\xb8\x99\xe0\xb8\xb4\xe0\xb8\x88\xe0\xb8\x89\xe0\xb8\xb1\xe0\xb8\xa2 \xe0\xb8\x81\xe0\xb8\xb2\xe0\xb8\xa3\xe0\xb9\x8c\xe0\xb8\x94 \xe0\xb9\x81\xe0\xb8\xa5\xe0\xb8\xb0\xe0\xb8\x95\xe0\xb8\xb1\xe0\xb8\xa7\xe0\xb8\x99\xe0\xb8\xb1\xe0\xb8\x9a \xe0\xb8\xa1\xe0\xb8\xb5\xe0\xb8\x8a\xe0\xb8\xb7\xe0\xb9\x88\xe0\xb8\xad\xe0\xb9\x84\xe0\xb8\x9f\xe0\xb8\xa5\xe0\xb9\x8c\xe0\xb8\x82\xe0\xb8\xad\xe0\xb8\x87\xe0\xb9\x80\xe0\xb8\x81\xe0\xb8\xa1\xe0\xb9\x81\xe0\xb8\x95\xe0\xb9\x88\xe0\xb9\x84\xe0\xb8\xa1\xe0\xb9\x88\xe0\xb8\xa1\xe0\xb8\xb5\xe0\xb8\x9e\xe0\xb8\xb2\xe0\xb8\x98\xe0\xb9\x82\xe0\xb8\x9f\xe0\xb8\xa5\xe0\xb9\x80\xe0\xb8\x94\xe0\xb8\xad\xe0\xb8\xa3\xe0\xb9\x8c"},
    {"Details: the %s tab in ReShade's overlay.  %s turns Neural Rendering off.",
     "\xe0\xb8\xa3\xe0\xb8\xb2\xe0\xb8\xa2\xe0\xb8\xa5\xe0\xb8\xb0\xe0\xb9\x80\xe0\xb8\xad\xe0\xb8\xb5\xe0\xb8\xa2\xe0\xb8\x94: \xe0\xb9\x81\xe0\xb8\x97\xe0\xb9\x87\xe0\xb8\x9a %s \xe0\xb9\x83\xe0\xb8\x99\xe0\xb9\x82\xe0\xb8\xad\xe0\xb9\x80\xe0\xb8\xa7\xe0\xb8\xad\xe0\xb8\xa3\xe0\xb9\x8c\xe0\xb9\x80\xe0\xb8\xa5\xe0\xb8\xa2\xe0\xb9\x8c\xe0\xb8\x82\xe0\xb8\xad\xe0\xb8\x87 ReShade %s \xe0\xb8\x9b\xe0\xb8\xb4\xe0\xb8\x94 Neural Rendering"},
    {"Welcome to DLSS 5 Neural Rendering",
     "\xe0\xb8\xa2\xe0\xb8\xb4\xe0\xb8\x99\xe0\xb8\x94\xe0\xb8\xb5\xe0\xb8\x95\xe0\xb9\x89\xe0\xb8\xad\xe0\xb8\x99\xe0\xb8\xa3\xe0\xb8\xb1\xe0\xb8\x9a\xe0\xb8\xaa\xe0\xb8\xb9\xe0\xb9\x88 DLSS 5 Neural Rendering"},
    {"Neural Rendering is NVIDIA's DLSS enhancer.  It works on the image the game's own DLSS makes, so DLSS or DLAA has to be on in the game's settings.",
     "Neural Rendering \xe0\xb8\x84\xe0\xb8\xb7\xe0\xb8\xad\xe0\xb8\x95\xe0\xb8\xb1\xe0\xb8\xa7\xe0\xb9\x80\xe0\xb8\x9e\xe0\xb8\xb4\xe0\xb9\x88\xe0\xb8\xa1\xe0\xb8\x84\xe0\xb8\xb8\xe0\xb8\x93\xe0\xb8\xa0\xe0\xb8\xb2\xe0\xb8\x9e DLSS \xe0\xb8\x82\xe0\xb8\xad\xe0\xb8\x87 NVIDIA \xe0\xb8\x97\xe0\xb8\xb3\xe0\xb8\x87\xe0\xb8\xb2\xe0\xb8\x99\xe0\xb8\x81\xe0\xb8\xb1\xe0\xb8\x9a\xe0\xb8\xa0\xe0\xb8\xb2\xe0\xb8\x9e\xe0\xb8\x97\xe0\xb8\xb5\xe0\xb9\x88 DLSS \xe0\xb8\x82\xe0\xb8\xad\xe0\xb8\x87\xe0\xb9\x80\xe0\xb8\x81\xe0\xb8\xa1\xe0\xb8\xaa\xe0\xb8\xa3\xe0\xb9\x89\xe0\xb8\xb2\xe0\xb8\x87\xe0\xb8\x82\xe0\xb8\xb6\xe0\xb9\x89\xe0\xb8\x99 \xe0\xb8\x88\xe0\xb8\xb6\xe0\xb8\x87\xe0\xb8\x95\xe0\xb9\x89\xe0\xb8\xad\xe0\xb8\x87\xe0\xb9\x80\xe0\xb8\x9b\xe0\xb8\xb4\xe0\xb8\x94 DLSS \xe0\xb8\xab\xe0\xb8\xa3\xe0\xb8\xb7\xe0\xb8\xad DLAA \xe0\xb9\x83\xe0\xb8\x99\xe0\xb8\x81\xe0\xb8\xb2\xe0\xb8\xa3\xe0\xb8\x95\xe0\xb8\xb1\xe0\xb9\x89\xe0\xb8\x87\xe0\xb8\x84\xe0\xb9\x88\xe0\xb8\xb2\xe0\xb8\x82\xe0\xb8\xad\xe0\xb8\x87\xe0\xb9\x80\xe0\xb8\x81\xe0\xb8\xa1"},
    {"The card above says whether it is working.  When it is not, a note in the game's top-left corner says so, even with this overlay closed.",
     "\xe0\xb8\x81\xe0\xb8\xb2\xe0\xb8\xa3\xe0\xb9\x8c\xe0\xb8\x94\xe0\xb8\x94\xe0\xb9\x89\xe0\xb8\xb2\xe0\xb8\x99\xe0\xb8\x9a\xe0\xb8\x99\xe0\xb8\x9a\xe0\xb8\xad\xe0\xb8\x81\xe0\xb8\xa7\xe0\xb9\x88\xe0\xb8\xb2\xe0\xb8\x97\xe0\xb8\xb3\xe0\xb8\x87\xe0\xb8\xb2\xe0\xb8\x99\xe0\xb8\xad\xe0\xb8\xa2\xe0\xb8\xb9\xe0\xb9\x88\xe0\xb8\xab\xe0\xb8\xa3\xe0\xb8\xb7\xe0\xb8\xad\xe0\xb9\x84\xe0\xb8\xa1\xe0\xb9\x88 \xe0\xb8\xab\xe0\xb8\xb2\xe0\xb8\x81\xe0\xb9\x84\xe0\xb8\xa1\xe0\xb9\x88\xe0\xb8\x97\xe0\xb8\xb3\xe0\xb8\x87\xe0\xb8\xb2\xe0\xb8\x99 \xe0\xb8\x88\xe0\xb8\xb0\xe0\xb8\xa1\xe0\xb8\xb5\xe0\xb8\x82\xe0\xb9\x89\xe0\xb8\xad\xe0\xb8\x84\xe0\xb8\xa7\xe0\xb8\xb2\xe0\xb8\xa1\xe0\xb9\x81\xe0\xb8\x88\xe0\xb9\x89\xe0\xb8\x87\xe0\xb8\x97\xe0\xb8\xb5\xe0\xb9\x88\xe0\xb8\xa1\xe0\xb8\xb8\xe0\xb8\xa1\xe0\xb8\x8b\xe0\xb9\x89\xe0\xb8\xb2\xe0\xb8\xa2\xe0\xb8\x9a\xe0\xb8\x99\xe0\xb8\x82\xe0\xb8\xad\xe0\xb8\x87\xe0\xb9\x80\xe0\xb8\x81\xe0\xb8\xa1 \xe0\xb9\x81\xe0\xb8\xa1\xe0\xb9\x89\xe0\xb8\x9b\xe0\xb8\xb4\xe0\xb8\x94\xe0\xb9\x82\xe0\xb8\xad\xe0\xb9\x80\xe0\xb8\xa7\xe0\xb8\xad\xe0\xb8\xa3\xe0\xb9\x8c\xe0\xb9\x80\xe0\xb8\xa5\xe0\xb8\xa2\xe0\xb9\x8c\xe0\xb8\x99\xe0\xb8\xb5\xe0\xb9\x89\xe0\xb9\x81\xe0\xb8\xa5\xe0\xb9\x89\xe0\xb8\xa7"},
    {"The switch below turns it on and off; in game, the key shown beside it does the same.",
     "\xe0\xb8\xaa\xe0\xb8\xa7\xe0\xb8\xb4\xe0\xb8\x95\xe0\xb8\x8a\xe0\xb9\x8c\xe0\xb8\x94\xe0\xb9\x89\xe0\xb8\xb2\xe0\xb8\x99\xe0\xb8\xa5\xe0\xb9\x88\xe0\xb8\xb2\xe0\xb8\x87\xe0\xb9\x83\xe0\xb8\x8a\xe0\xb9\x89\xe0\xb9\x80\xe0\xb8\x9b\xe0\xb8\xb4\xe0\xb8\x94\xe0\xb9\x81\xe0\xb8\xa5\xe0\xb8\xb0\xe0\xb8\x9b\xe0\xb8\xb4\xe0\xb8\x94 \xe0\xb9\x83\xe0\xb8\x99\xe0\xb9\x80\xe0\xb8\x81\xe0\xb8\xa1 \xe0\xb8\x9b\xe0\xb8\xb8\xe0\xb9\x88\xe0\xb8\xa1\xe0\xb8\x97\xe0\xb8\xb5\xe0\xb9\x88\xe0\xb9\x81\xe0\xb8\xaa\xe0\xb8\x94\xe0\xb8\x87\xe0\xb8\x82\xe0\xb9\x89\xe0\xb8\xb2\xe0\xb8\x87\xe0\xb8\xaa\xe0\xb8\xa7\xe0\xb8\xb4\xe0\xb8\x95\xe0\xb8\x8a\xe0\xb9\x8c\xe0\xb8\x97\xe0\xb8\xb3\xe0\xb9\x81\xe0\xb8\x9a\xe0\xb8\x9a\xe0\xb9\x80\xe0\xb8\x94\xe0\xb8\xb5\xe0\xb8\xa2\xe0\xb8\xa7\xe0\xb8\x81\xe0\xb8\xb1\xe0\xb8\x99"},
    {"Strength and the Look section shape the image; a row you changed gets a reset arrow.",
     "\xe0\xb8\x84\xe0\xb8\xa7\xe0\xb8\xb2\xe0\xb8\xa1\xe0\xb9\x81\xe0\xb8\xa3\xe0\xb8\x87 \xe0\xb9\x81\xe0\xb8\xa5\xe0\xb8\xb0\xe0\xb8\xaa\xe0\xb9\x88\xe0\xb8\xa7\xe0\xb8\x99\xe0\xb8\xa5\xe0\xb8\xb8\xe0\xb8\x84\xe0\xb9\x83\xe0\xb8\x8a\xe0\xb9\x89\xe0\xb8\x9b\xe0\xb8\xa3\xe0\xb8\xb1\xe0\xb8\x9a\xe0\xb9\x81\xe0\xb8\x95\xe0\xb9\x88\xe0\xb8\x87\xe0\xb8\xa0\xe0\xb8\xb2\xe0\xb8\x9e \xe0\xb9\x81\xe0\xb8\x96\xe0\xb8\xa7\xe0\xb8\x97\xe0\xb8\xb5\xe0\xb9\x88\xe0\xb8\x84\xe0\xb8\xb8\xe0\xb8\x93\xe0\xb9\x80\xe0\xb8\x9b\xe0\xb8\xa5\xe0\xb8\xb5\xe0\xb9\x88\xe0\xb8\xa2\xe0\xb8\x99\xe0\xb8\x88\xe0\xb8\xb0\xe0\xb8\xa1\xe0\xb8\xb5\xe0\xb8\xa5\xe0\xb8\xb9\xe0\xb8\x81\xe0\xb8\xa8\xe0\xb8\xa3\xe0\xb8\xa3\xe0\xb8\xb5\xe0\xb9\x80\xe0\xb8\x8b\xe0\xb9\x87\xe0\xb8\x95"},
    {"DX11 game - NR waits for a D3D12 tool",
     "\xe0\xb9\x80\xe0\xb8\x81\xe0\xb8\xa1 DX11 - NR \xe0\xb8\xa3\xe0\xb8\xad\xe0\xb9\x80\xe0\xb8\x84\xe0\xb8\xa3\xe0\xb8\xb7\xe0\xb9\x88\xe0\xb8\xad\xe0\xb8\x87\xe0\xb8\xa1\xe0\xb8\xb7\xe0\xb8\xad D3D12"},
    {"This session serves only a third-party tool's Direct3D 12 DLSS (DX11Source=foreign, or another project's Direct3D 11 bridge add-on is loaded), and none has run. Nothing is wrong.",
     "\xe0\xb9\x80\xe0\xb8\x8b\xe0\xb8\xaa\xe0\xb8\x8a\xe0\xb8\xb1\xe0\xb8\x99\xe0\xb8\x99\xe0\xb8\xb5\xe0\xb9\x89\xe0\xb8\xa3\xe0\xb8\xad\xe0\xb8\x87\xe0\xb8\xa3\xe0\xb8\xb1\xe0\xb8\x9a\xe0\xb9\x80\xe0\xb8\x89\xe0\xb8\x9e\xe0\xb8\xb2\xe0\xb8\xb0 Direct3D 12 DLSS \xe0\xb8\x82\xe0\xb8\xad\xe0\xb8\x87\xe0\xb9\x80\xe0\xb8\x84\xe0\xb8\xa3\xe0\xb8\xb7\xe0\xb9\x88\xe0\xb8\xad\xe0\xb8\x87\xe0\xb8\xa1\xe0\xb8\xb7\xe0\xb8\xad\xe0\xb8\xa0\xe0\xb8\xb2\xe0\xb8\xa2\xe0\xb8\x99\xe0\xb8\xad\xe0\xb8\x81 (DX11Source=foreign \xe0\xb8\xab\xe0\xb8\xa3\xe0\xb8\xb7\xe0\xb8\xad\xe0\xb8\xa1\xe0\xb8\xb5\xe0\xb9\x81\xe0\xb8\xad\xe0\xb8\x94\xe0\xb8\xad\xe0\xb8\xad\xe0\xb8\x99\xe0\xb8\x9a\xe0\xb8\xa3\xe0\xb8\xb4\xe0\xb8\x94\xe0\xb8\x88\xe0\xb9\x8c Direct3D 11 \xe0\xb8\x82\xe0\xb8\xad\xe0\xb8\x87\xe0\xb9\x82\xe0\xb8\x9b\xe0\xb8\xa3\xe0\xb9\x80\xe0\xb8\x88\xe0\xb8\x81\xe0\xb8\x95\xe0\xb9\x8c\xe0\xb8\xad\xe0\xb8\xb7\xe0\xb9\x88\xe0\xb8\x99\xe0\xb9\x82\xe0\xb8\xab\xe0\xb8\xa5\xe0\xb8\x94\xe0\xb8\xad\xe0\xb8\xa2\xe0\xb8\xb9\xe0\xb9\x88) \xe0\xb9\x81\xe0\xb8\xa5\xe0\xb8\xb0\xe0\xb8\xa2\xe0\xb8\xb1\xe0\xb8\x87\xe0\xb9\x84\xe0\xb8\xa1\xe0\xb9\x88\xe0\xb8\xa1\xe0\xb8\xb5\xe0\xb8\x81\xe0\xb8\xb2\xe0\xb8\xa3\xe0\xb8\x97\xe0\xb8\xb3\xe0\xb8\x87\xe0\xb8\xb2\xe0\xb8\x99 \xe0\xb9\x84\xe0\xb8\xa1\xe0\xb9\x88\xe0\xb8\xa1\xe0\xb8\xb5\xe0\xb8\xad\xe0\xb8\xb0\xe0\xb9\x84\xe0\xb8\xa3\xe0\xb8\x9c\xe0\xb8\xb4\xe0\xb8\x94\xe0\xb8\x9b\xe0\xb8\x81\xe0\xb8\x95\xe0\xb8\xb4"},
    {"To serve the game's own DLSS, set DX11Source=native in [RenoDX.DLSS5] in ReShade.ini and restart the game.",
     "\xe0\xb8\xab\xe0\xb8\xb2\xe0\xb8\x81\xe0\xb8\x95\xe0\xb9\x89\xe0\xb8\xad\xe0\xb8\x87\xe0\xb8\x81\xe0\xb8\xb2\xe0\xb8\xa3\xe0\xb9\x83\xe0\xb8\x8a\xe0\xb9\x89\xe0\xb8\x81\xe0\xb8\xb1\xe0\xb8\x9a DLSS \xe0\xb8\x82\xe0\xb8\xad\xe0\xb8\x87\xe0\xb9\x80\xe0\xb8\x81\xe0\xb8\xa1\xe0\xb9\x80\xe0\xb8\xad\xe0\xb8\x87 \xe0\xb9\x83\xe0\xb8\xab\xe0\xb9\x89\xe0\xb8\x95\xe0\xb8\xb1\xe0\xb9\x89\xe0\xb8\x87 DX11Source=native \xe0\xb9\x83\xe0\xb8\x99 [RenoDX.DLSS5] \xe0\xb8\x82\xe0\xb8\xad\xe0\xb8\x87 ReShade.ini \xe0\xb9\x81\xe0\xb8\xa5\xe0\xb9\x89\xe0\xb8\xa7\xe0\xb8\xa3\xe0\xb8\xb5\xe0\xb8\xaa\xe0\xb8\x95\xe0\xb8\xb2\xe0\xb8\xa3\xe0\xb9\x8c\xe0\xb8\x95\xe0\xb9\x80\xe0\xb8\x81\xe0\xb8\xa1"},
    {"NR can't read this game's DLSS surfaces",
     "NR \xe0\xb8\xad\xe0\xb9\x88\xe0\xb8\xb2\xe0\xb8\x99\xe0\xb8\x9e\xe0\xb8\xb7\xe0\xb9\x89\xe0\xb8\x99\xe0\xb8\x9c\xe0\xb8\xb4\xe0\xb8\xa7 DLSS \xe0\xb8\x82\xe0\xb8\xad\xe0\xb8\x87\xe0\xb9\x80\xe0\xb8\x81\xe0\xb8\xa1\xe0\xb8\x99\xe0\xb8\xb5\xe0\xb9\x89\xe0\xb9\x84\xe0\xb8\xa1\xe0\xb9\x88\xe0\xb9\x84\xe0\xb8\x94\xe0\xb9\x89"},
    {"The game's DLSS output uses a format or multisampling that the Direct3D 11 bridge cannot share with Direct3D 12, so every frame keeps the game's own DLSS image.",
     "\xe0\xb9\x80\xe0\xb8\xad\xe0\xb8\xb2\xe0\xb8\x95\xe0\xb9\x8c\xe0\xb8\x9e\xe0\xb8\xb8\xe0\xb8\x95 DLSS \xe0\xb8\x82\xe0\xb8\xad\xe0\xb8\x87\xe0\xb9\x80\xe0\xb8\x81\xe0\xb8\xa1\xe0\xb9\x83\xe0\xb8\x8a\xe0\xb9\x89\xe0\xb8\x9f\xe0\xb8\xad\xe0\xb8\xa3\xe0\xb9\x8c\xe0\xb9\x81\xe0\xb8\xa1\xe0\xb8\x95\xe0\xb8\xab\xe0\xb8\xa3\xe0\xb8\xb7\xe0\xb8\xad\xe0\xb8\xa1\xe0\xb8\xb1\xe0\xb8\xa5\xe0\xb8\x95\xe0\xb8\xb4\xe0\xb9\x81\xe0\xb8\x8b\xe0\xb8\xa1\xe0\xb8\x9b\xe0\xb8\xa5\xe0\xb8\xb4\xe0\xb8\x87\xe0\xb8\x97\xe0\xb8\xb5\xe0\xb9\x88\xe0\xb8\x9a\xe0\xb8\xa3\xe0\xb8\xb4\xe0\xb8\x94\xe0\xb8\x88\xe0\xb9\x8c Direct3D 11 \xe0\xb9\x81\xe0\xb8\x8a\xe0\xb8\xa3\xe0\xb9\x8c\xe0\xb8\x81\xe0\xb8\xb1\xe0\xb8\x9a Direct3D 12 \xe0\xb9\x84\xe0\xb8\xa1\xe0\xb9\x88\xe0\xb9\x84\xe0\xb8\x94\xe0\xb9\x89 \xe0\xb8\x97\xe0\xb8\xb8\xe0\xb8\x81\xe0\xb9\x80\xe0\xb8\x9f\xe0\xb8\xa3\xe0\xb8\xa1\xe0\xb8\x88\xe0\xb8\xb6\xe0\xb8\x87\xe0\xb9\x83\xe0\xb8\x8a\xe0\xb9\x89\xe0\xb8\xa0\xe0\xb8\xb2\xe0\xb8\x9e DLSS \xe0\xb8\x82\xe0\xb8\xad\xe0\xb8\x87\xe0\xb9\x80\xe0\xb8\x81\xe0\xb8\xa1\xe0\xb9\x80\xe0\xb8\xad\xe0\xb8\x87"},
    {"Copy the support report under Diagnostics and share it with ReShade.log; it names the surface format.",
     "\xe0\xb8\x84\xe0\xb8\xb1\xe0\xb8\x94\xe0\xb8\xa5\xe0\xb8\xad\xe0\xb8\x81\xe0\xb8\xa3\xe0\xb8\xb2\xe0\xb8\xa2\xe0\xb8\x87\xe0\xb8\xb2\xe0\xb8\x99\xe0\xb8\x8b\xe0\xb8\xb1\xe0\xb8\x9e\xe0\xb8\x9e\xe0\xb8\xad\xe0\xb8\xa3\xe0\xb9\x8c\xe0\xb8\x95\xe0\xb9\x83\xe0\xb8\x99 \xe0\xb8\x81\xe0\xb8\xb2\xe0\xb8\xa3\xe0\xb8\xa7\xe0\xb8\xb4\xe0\xb8\x99\xe0\xb8\xb4\xe0\xb8\x88\xe0\xb8\x89\xe0\xb8\xb1\xe0\xb8\xa2 \xe0\xb9\x81\xe0\xb8\xa5\xe0\xb9\x89\xe0\xb8\xa7\xe0\xb8\xaa\xe0\xb9\x88\xe0\xb8\x87\xe0\xb8\x9e\xe0\xb8\xa3\xe0\xb9\x89\xe0\xb8\xad\xe0\xb8\xa1 ReShade.log \xe0\xb8\xa3\xe0\xb8\xb2\xe0\xb8\xa2\xe0\xb8\x87\xe0\xb8\xb2\xe0\xb8\x99\xe0\xb8\x88\xe0\xb8\xb0\xe0\xb8\xa3\xe0\xb8\xb0\xe0\xb8\x9a\xe0\xb8\xb8\xe0\xb8\x9f\xe0\xb8\xad\xe0\xb8\xa3\xe0\xb9\x8c\xe0\xb9\x81\xe0\xb8\xa1\xe0\xb8\x95\xe0\xb8\x82\xe0\xb8\xad\xe0\xb8\x87\xe0\xb8\x9e\xe0\xb8\xb7\xe0\xb9\x89\xe0\xb8\x99\xe0\xb8\x9c\xe0\xb8\xb4\xe0\xb8\xa7"},
    {"NR's Direct3D 11 bridge stopped",
     "\xe0\xb8\x9a\xe0\xb8\xa3\xe0\xb8\xb4\xe0\xb8\x94\xe0\xb8\x88\xe0\xb9\x8c Direct3D 11 \xe0\xb8\x82\xe0\xb8\xad\xe0\xb8\x87 NR \xe0\xb8\xab\xe0\xb8\xa2\xe0\xb8\xb8\xe0\xb8\x94\xe0\xb8\x97\xe0\xb8\xb3\xe0\xb8\x87\xe0\xb8\xb2\xe0\xb8\x99"},
    {"The private Direct3D 12 device NR runs on beside this game stalled or was removed, so NR stepped aside and the game keeps its own DLSS image.",
     "\xe0\xb8\xad\xe0\xb8\xb8\xe0\xb8\x9b\xe0\xb8\x81\xe0\xb8\xa3\xe0\xb8\x93\xe0\xb9\x8c Direct3D 12 \xe0\xb8\xaa\xe0\xb9\x88\xe0\xb8\xa7\xe0\xb8\x99\xe0\xb8\x95\xe0\xb8\xb1\xe0\xb8\xa7\xe0\xb8\x97\xe0\xb8\xb5\xe0\xb9\x88 NR \xe0\xb9\x83\xe0\xb8\x8a\xe0\xb9\x89\xe0\xb8\x97\xe0\xb8\xb3\xe0\xb8\x87\xe0\xb8\xb2\xe0\xb8\x99\xe0\xb8\x84\xe0\xb8\xa7\xe0\xb8\x9a\xe0\xb8\x84\xe0\xb8\xb9\xe0\xb9\x88\xe0\xb8\x81\xe0\xb8\xb1\xe0\xb8\x9a\xe0\xb9\x80\xe0\xb8\x81\xe0\xb8\xa1\xe0\xb8\x99\xe0\xb8\xb5\xe0\xb9\x89\xe0\xb8\x84\xe0\xb9\x89\xe0\xb8\xb2\xe0\xb8\x87\xe0\xb8\xab\xe0\xb8\xa3\xe0\xb8\xb7\xe0\xb8\xad\xe0\xb8\x96\xe0\xb8\xb9\xe0\xb8\x81\xe0\xb8\x96\xe0\xb8\xad\xe0\xb8\x94\xe0\xb8\xad\xe0\xb8\xad\xe0\xb8\x81 NR \xe0\xb8\x88\xe0\xb8\xb6\xe0\xb8\x87\xe0\xb8\xab\xe0\xb8\xa2\xe0\xb8\xb8\xe0\xb8\x94\xe0\xb8\x97\xe0\xb8\xb3\xe0\xb8\x87\xe0\xb8\xb2\xe0\xb8\x99 \xe0\xb9\x81\xe0\xb8\xa5\xe0\xb8\xb0\xe0\xb9\x80\xe0\xb8\x81\xe0\xb8\xa1\xe0\xb9\x83\xe0\xb8\x8a\xe0\xb9\x89\xe0\xb8\xa0\xe0\xb8\xb2\xe0\xb8\x9e DLSS \xe0\xb8\x82\xe0\xb8\xad\xe0\xb8\x87\xe0\xb8\x95\xe0\xb8\xb1\xe0\xb8\xa7\xe0\xb9\x80\xe0\xb8\xad\xe0\xb8\x87"},
    {"Restart the game.",
     "\xe0\xb8\xa3\xe0\xb8\xb5\xe0\xb8\xaa\xe0\xb8\x95\xe0\xb8\xb2\xe0\xb8\xa3\xe0\xb9\x8c\xe0\xb8\x95\xe0\xb9\x80\xe0\xb8\x81\xe0\xb8\xa1"},
    {"If it happens again, update the NVIDIA driver and share ReShade.log.",
     "\xe0\xb8\xab\xe0\xb8\xb2\xe0\xb8\x81\xe0\xb9\x80\xe0\xb8\x81\xe0\xb8\xb4\xe0\xb8\x94\xe0\xb8\x82\xe0\xb8\xb6\xe0\xb9\x89\xe0\xb8\x99\xe0\xb8\xad\xe0\xb8\xb5\xe0\xb8\x81 \xe0\xb9\x83\xe0\xb8\xab\xe0\xb9\x89\xe0\xb8\xad\xe0\xb8\xb1\xe0\xb8\x9b\xe0\xb9\x80\xe0\xb8\x94\xe0\xb8\x95\xe0\xb9\x84\xe0\xb8\x94\xe0\xb8\xa3\xe0\xb9\x80\xe0\xb8\xa7\xe0\xb8\xad\xe0\xb8\xa3\xe0\xb9\x8c NVIDIA \xe0\xb9\x81\xe0\xb8\xa5\xe0\xb8\xb0\xe0\xb8\xaa\xe0\xb9\x88\xe0\xb8\x87 ReShade.log"},
    {"NR could not start the Direct3D 11 bridge",
     "NR \xe0\xb9\x80\xe0\xb8\xa3\xe0\xb8\xb4\xe0\xb9\x88\xe0\xb8\xa1\xe0\xb8\x9a\xe0\xb8\xa3\xe0\xb8\xb4\xe0\xb8\x94\xe0\xb8\x88\xe0\xb9\x8c Direct3D 11 \xe0\xb9\x84\xe0\xb8\xa1\xe0\xb9\x88\xe0\xb9\x84\xe0\xb8\x94\xe0\xb9\x89"},
    {"Neural Rendering runs on a private Direct3D 12 device beside this Direct3D 11 game, and that device did not start.",
     "Neural Rendering \xe0\xb8\x97\xe0\xb8\xb3\xe0\xb8\x87\xe0\xb8\xb2\xe0\xb8\x99\xe0\xb8\x9a\xe0\xb8\x99\xe0\xb8\xad\xe0\xb8\xb8\xe0\xb8\x9b\xe0\xb8\x81\xe0\xb8\xa3\xe0\xb8\x93\xe0\xb9\x8c Direct3D 12 \xe0\xb8\xaa\xe0\xb9\x88\xe0\xb8\xa7\xe0\xb8\x99\xe0\xb8\x95\xe0\xb8\xb1\xe0\xb8\xa7\xe0\xb8\x84\xe0\xb8\xa7\xe0\xb8\x9a\xe0\xb8\x84\xe0\xb8\xb9\xe0\xb9\x88\xe0\xb8\x81\xe0\xb8\xb1\xe0\xb8\x9a\xe0\xb9\x80\xe0\xb8\x81\xe0\xb8\xa1 Direct3D 11 \xe0\xb8\x99\xe0\xb8\xb5\xe0\xb9\x89 \xe0\xb9\x81\xe0\xb8\xa5\xe0\xb8\xb0\xe0\xb8\xad\xe0\xb8\xb8\xe0\xb8\x9b\xe0\xb8\x81\xe0\xb8\xa3\xe0\xb8\x93\xe0\xb9\x8c\xe0\xb8\x99\xe0\xb8\xb1\xe0\xb9\x89\xe0\xb8\x99\xe0\xb9\x84\xe0\xb8\xa1\xe0\xb9\x88\xe0\xb9\x80\xe0\xb8\xa3\xe0\xb8\xb4\xe0\xb9\x88\xe0\xb8\xa1\xe0\xb8\x97\xe0\xb8\xb3\xe0\xb8\x87\xe0\xb8\xb2\xe0\xb8\x99"},
    {"Update the NVIDIA driver and restart the game.",
     "\xe0\xb8\xad\xe0\xb8\xb1\xe0\xb8\x9b\xe0\xb9\x80\xe0\xb8\x94\xe0\xb8\x95\xe0\xb9\x84\xe0\xb8\x94\xe0\xb8\xa3\xe0\xb9\x80\xe0\xb8\xa7\xe0\xb8\xad\xe0\xb8\xa3\xe0\xb9\x8c NVIDIA \xe0\xb9\x81\xe0\xb8\xa5\xe0\xb9\x89\xe0\xb8\xa7\xe0\xb8\xa3\xe0\xb8\xb5\xe0\xb8\xaa\xe0\xb8\x95\xe0\xb8\xb2\xe0\xb8\xa3\xe0\xb9\x8c\xe0\xb8\x95\xe0\xb9\x80\xe0\xb8\x81\xe0\xb8\xa1"},
    {"ReShade.log names the failing step ('D3D11 bridge could not start').",
     "ReShade.log \xe0\xb8\xa3\xe0\xb8\xb0\xe0\xb8\x9a\xe0\xb8\xb8\xe0\xb8\x82\xe0\xb8\xb1\xe0\xb9\x89\xe0\xb8\x99\xe0\xb8\x95\xe0\xb8\xad\xe0\xb8\x99\xe0\xb8\x97\xe0\xb8\xb5\xe0\xb9\x88\xe0\xb8\xa5\xe0\xb9\x89\xe0\xb8\xa1\xe0\xb9\x80\xe0\xb8\xab\xe0\xb8\xa5\xe0\xb8\xa7 ('D3D11 bridge could not start')"},
    {"NR is idle - DLSS has not started",
     "NR \xe0\xb8\xa7\xe0\xb9\x88\xe0\xb8\xb2\xe0\xb8\x87 - DLSS \xe0\xb8\xa2\xe0\xb8\xb1\xe0\xb8\x87\xe0\xb9\x84\xe0\xb8\xa1\xe0\xb9\x88\xe0\xb9\x80\xe0\xb8\xa3\xe0\xb8\xb4\xe0\xb9\x88\xe0\xb8\xa1"},
    {"NVIDIA's DLSS is loaded, but the game has not started DLSS upscaling.",
     "\xe0\xb9\x82\xe0\xb8\xab\xe0\xb8\xa5\xe0\xb8\x94 DLSS \xe0\xb8\x82\xe0\xb8\xad\xe0\xb8\x87 NVIDIA \xe0\xb9\x81\xe0\xb8\xa5\xe0\xb9\x89\xe0\xb8\xa7 \xe0\xb9\x81\xe0\xb8\x95\xe0\xb9\x88\xe0\xb9\x80\xe0\xb8\x81\xe0\xb8\xa1\xe0\xb8\xa2\xe0\xb8\xb1\xe0\xb8\x87\xe0\xb9\x84\xe0\xb8\xa1\xe0\xb9\x88\xe0\xb9\x80\xe0\xb8\xa3\xe0\xb8\xb4\xe0\xb9\x88\xe0\xb8\xa1\xe0\xb8\x81\xe0\xb8\xb2\xe0\xb8\xa3\xe0\xb8\xad\xe0\xb8\xb1\xe0\xb8\x9b\xe0\xb8\xaa\xe0\xb9\x80\xe0\xb8\x81\xe0\xb8\xa5 DLSS"},
    {"Turn on DLSS or DLAA in the game's graphics settings.",
     "\xe0\xb9\x80\xe0\xb8\x9b\xe0\xb8\xb4\xe0\xb8\x94 DLSS \xe0\xb8\xab\xe0\xb8\xa3\xe0\xb8\xb7\xe0\xb8\xad DLAA \xe0\xb9\x83\xe0\xb8\x99\xe0\xb8\x81\xe0\xb8\xb2\xe0\xb8\xa3\xe0\xb8\x95\xe0\xb8\xb1\xe0\xb9\x89\xe0\xb8\x87\xe0\xb8\x84\xe0\xb9\x88\xe0\xb8\xb2\xe0\xb8\x81\xe0\xb8\xa3\xe0\xb8\xb2\xe0\xb8\x9f\xe0\xb8\xb4\xe0\xb8\x81\xe0\xb8\x82\xe0\xb8\xad\xe0\xb8\x87\xe0\xb9\x80\xe0\xb8\x81\xe0\xb8\xa1"},
    {"If DLSS is already on, set EnableHooks=1 in [RenoDX.DLSS5] in ReShade.ini and restart the game.",
     "\xe0\xb8\xab\xe0\xb8\xb2\xe0\xb8\x81\xe0\xb9\x80\xe0\xb8\x9b\xe0\xb8\xb4\xe0\xb8\x94 DLSS \xe0\xb8\xad\xe0\xb8\xa2\xe0\xb8\xb9\xe0\xb9\x88\xe0\xb9\x81\xe0\xb8\xa5\xe0\xb9\x89\xe0\xb8\xa7 \xe0\xb9\x83\xe0\xb8\xab\xe0\xb9\x89\xe0\xb8\x95\xe0\xb8\xb1\xe0\xb9\x89\xe0\xb8\x87 EnableHooks=1 \xe0\xb9\x83\xe0\xb8\x99 [RenoDX.DLSS5] \xe0\xb8\x82\xe0\xb8\xad\xe0\xb8\x87 ReShade.ini \xe0\xb9\x81\xe0\xb8\xa5\xe0\xb9\x89\xe0\xb8\xa7\xe0\xb8\xa3\xe0\xb8\xb5\xe0\xb8\xaa\xe0\xb8\x95\xe0\xb8\xb2\xe0\xb8\xa3\xe0\xb9\x8c\xe0\xb8\x95\xe0\xb9\x80\xe0\xb8\x81\xe0\xb8\xa1"},
    {"NR is idle - DLSS is set up but not running",
     "NR \xe0\xb8\xa7\xe0\xb9\x88\xe0\xb8\xb2\xe0\xb8\x87 - \xe0\xb8\x95\xe0\xb8\xb1\xe0\xb9\x89\xe0\xb8\x87\xe0\xb8\x84\xe0\xb9\x88\xe0\xb8\xb2 DLSS \xe0\xb9\x81\xe0\xb8\xa5\xe0\xb9\x89\xe0\xb8\xa7\xe0\xb9\x81\xe0\xb8\x95\xe0\xb9\x88\xe0\xb8\xa2\xe0\xb8\xb1\xe0\xb8\x87\xe0\xb9\x84\xe0\xb8\xa1\xe0\xb9\x88\xe0\xb8\x97\xe0\xb8\xb3\xe0\xb8\x87\xe0\xb8\xb2\xe0\xb8\x99"},
    {"The game created its DLSS upscaler but has not run it yet.",
     "\xe0\xb9\x80\xe0\xb8\x81\xe0\xb8\xa1\xe0\xb8\xaa\xe0\xb8\xa3\xe0\xb9\x89\xe0\xb8\xb2\xe0\xb8\x87\xe0\xb8\x95\xe0\xb8\xb1\xe0\xb8\xa7\xe0\xb8\xad\xe0\xb8\xb1\xe0\xb8\x9b\xe0\xb8\xaa\xe0\xb9\x80\xe0\xb8\x81\xe0\xb8\xa5 DLSS \xe0\xb9\x81\xe0\xb8\xa5\xe0\xb9\x89\xe0\xb8\xa7 \xe0\xb9\x81\xe0\xb8\x95\xe0\xb9\x88\xe0\xb8\xa2\xe0\xb8\xb1\xe0\xb8\x87\xe0\xb9\x84\xe0\xb8\xa1\xe0\xb9\x88\xe0\xb9\x84\xe0\xb8\x94\xe0\xb9\x89\xe0\xb9\x80\xe0\xb8\xa3\xe0\xb8\xb5\xe0\xb8\xa2\xe0\xb8\x81\xe0\xb9\x83\xe0\xb8\x8a\xe0\xb9\x89"},
    {"Load into gameplay with DLSS on; this card turns green when NR runs.",
     "\xe0\xb9\x80\xe0\xb8\x82\xe0\xb9\x89\xe0\xb8\xb2\xe0\xb8\xaa\xe0\xb8\xb9\xe0\xb9\x88\xe0\xb8\x81\xe0\xb8\xb2\xe0\xb8\xa3\xe0\xb9\x80\xe0\xb8\xa5\xe0\xb9\x88\xe0\xb8\x99\xe0\xb9\x82\xe0\xb8\x94\xe0\xb8\xa2\xe0\xb9\x80\xe0\xb8\x9b\xe0\xb8\xb4\xe0\xb8\x94 DLSS \xe0\xb8\x81\xe0\xb8\xb2\xe0\xb8\xa3\xe0\xb9\x8c\xe0\xb8\x94\xe0\xb8\x99\xe0\xb8\xb5\xe0\xb9\x89\xe0\xb8\x88\xe0\xb8\xb0\xe0\xb9\x80\xe0\xb8\x9b\xe0\xb9\x87\xe0\xb8\x99\xe0\xb8\xaa\xe0\xb8\xb5\xe0\xb9\x80\xe0\xb8\x82\xe0\xb8\xb5\xe0\xb8\xa2\xe0\xb8\xa7\xe0\xb9\x80\xe0\xb8\xa1\xe0\xb8\xb7\xe0\xb9\x88\xe0\xb8\xad NR \xe0\xb8\x97\xe0\xb8\xb3\xe0\xb8\x87\xe0\xb8\xb2\xe0\xb8\x99"},
    {"NR can't reach this game's DLSS",
     "NR \xe0\xb9\x80\xe0\xb8\x82\xe0\xb9\x89\xe0\xb8\xb2\xe0\xb8\x96\xe0\xb8\xb6\xe0\xb8\x87 DLSS \xe0\xb8\x82\xe0\xb8\xad\xe0\xb8\x87\xe0\xb9\x80\xe0\xb8\x81\xe0\xb8\xa1\xe0\xb8\x99\xe0\xb8\xb5\xe0\xb9\x89\xe0\xb9\x84\xe0\xb8\xa1\xe0\xb9\x88\xe0\xb9\x84\xe0\xb8\x94\xe0\xb9\x89"},
    {"DLSS is running, but every call so far belonged to another DLSS feature or came through a path the addon cannot see.",
     "DLSS \xe0\xb8\x97\xe0\xb8\xb3\xe0\xb8\x87\xe0\xb8\xb2\xe0\xb8\x99\xe0\xb8\xad\xe0\xb8\xa2\xe0\xb8\xb9\xe0\xb9\x88 \xe0\xb9\x81\xe0\xb8\x95\xe0\xb9\x88\xe0\xb8\x81\xe0\xb8\xb2\xe0\xb8\xa3\xe0\xb9\x80\xe0\xb8\xa3\xe0\xb8\xb5\xe0\xb8\xa2\xe0\xb8\x81\xe0\xb8\x97\xe0\xb8\xb1\xe0\xb9\x89\xe0\xb8\x87\xe0\xb8\xab\xe0\xb8\xa1\xe0\xb8\x94\xe0\xb8\x88\xe0\xb8\x99\xe0\xb8\x96\xe0\xb8\xb6\xe0\xb8\x87\xe0\xb8\x95\xe0\xb8\xad\xe0\xb8\x99\xe0\xb8\x99\xe0\xb8\xb5\xe0\xb9\x89\xe0\xb9\x80\xe0\xb8\x9b\xe0\xb9\x87\xe0\xb8\x99\xe0\xb8\x82\xe0\xb8\xad\xe0\xb8\x87\xe0\xb8\x9f\xe0\xb8\xb5\xe0\xb9\x80\xe0\xb8\x88\xe0\xb8\xad\xe0\xb8\xa3\xe0\xb9\x8c DLSS \xe0\xb8\xad\xe0\xb8\xb7\xe0\xb9\x88\xe0\xb8\x99 \xe0\xb8\xab\xe0\xb8\xa3\xe0\xb8\xb7\xe0\xb8\xad\xe0\xb8\xa1\xe0\xb8\xb2\xe0\xb8\x9c\xe0\xb9\x88\xe0\xb8\xb2\xe0\xb8\x99\xe0\xb9\x80\xe0\xb8\xaa\xe0\xb9\x89\xe0\xb8\x99\xe0\xb8\x97\xe0\xb8\xb2\xe0\xb8\x87\xe0\xb8\x97\xe0\xb8\xb5\xe0\xb9\x88\xe0\xb9\x81\xe0\xb8\xad\xe0\xb8\x94\xe0\xb8\xad\xe0\xb8\xad\xe0\xb8\x99\xe0\xb8\xa1\xe0\xb8\xad\xe0\xb8\x87\xe0\xb9\x84\xe0\xb8\xa1\xe0\xb9\x88\xe0\xb9\x80\xe0\xb8\xab\xe0\xb9\x87\xe0\xb8\x99"},
    {"If the game uses NVIDIA Streamline, set EnableHooks=1 in [RenoDX.DLSS5] in ReShade.ini and restart the game.",
     "\xe0\xb8\xab\xe0\xb8\xb2\xe0\xb8\x81\xe0\xb9\x80\xe0\xb8\x81\xe0\xb8\xa1\xe0\xb9\x83\xe0\xb8\x8a\xe0\xb9\x89 NVIDIA Streamline \xe0\xb9\x83\xe0\xb8\xab\xe0\xb9\x89\xe0\xb8\x95\xe0\xb8\xb1\xe0\xb9\x89\xe0\xb8\x87 EnableHooks=1 \xe0\xb9\x83\xe0\xb8\x99 [RenoDX.DLSS5] \xe0\xb8\x82\xe0\xb8\xad\xe0\xb8\x87 ReShade.ini \xe0\xb9\x81\xe0\xb8\xa5\xe0\xb9\x89\xe0\xb8\xa7\xe0\xb8\xa3\xe0\xb8\xb5\xe0\xb8\xaa\xe0\xb8\x95\xe0\xb8\xb2\xe0\xb8\xa3\xe0\xb9\x8c\xe0\xb8\x95\xe0\xb9\x80\xe0\xb8\x81\xe0\xb8\xa1"},
    {"NR could not attach safely",
     "NR \xe0\xb9\x80\xe0\xb8\x8a\xe0\xb8\xb7\xe0\xb9\x88\xe0\xb8\xad\xe0\xb8\xa1\xe0\xb8\x95\xe0\xb9\x88\xe0\xb8\xad\xe0\xb8\xad\xe0\xb8\xa2\xe0\xb9\x88\xe0\xb8\xb2\xe0\xb8\x87\xe0\xb8\x9b\xe0\xb8\xa5\xe0\xb8\xad\xe0\xb8\x94\xe0\xb8\xa0\xe0\xb8\xb1\xe0\xb8\xa2\xe0\xb9\x84\xe0\xb8\xa1\xe0\xb9\x88\xe0\xb9\x84\xe0\xb8\x94\xe0\xb9\x89"},
    {"The addon could not find the Direct3D 12 functions it needs to keep the game's state intact, so NR stays off rather than risk the image.",
     "\xe0\xb9\x81\xe0\xb8\xad\xe0\xb8\x94\xe0\xb8\xad\xe0\xb8\xad\xe0\xb8\x99\xe0\xb8\xab\xe0\xb8\xb2\xe0\xb8\x9f\xe0\xb8\xb1\xe0\xb8\x87\xe0\xb8\x81\xe0\xb9\x8c\xe0\xb8\x8a\xe0\xb8\xb1\xe0\xb8\x99 Direct3D 12 \xe0\xb8\x97\xe0\xb8\xb5\xe0\xb9\x88\xe0\xb8\x88\xe0\xb8\xb3\xe0\xb9\x80\xe0\xb8\x9b\xe0\xb9\x87\xe0\xb8\x99\xe0\xb8\x95\xe0\xb9\x88\xe0\xb8\xad\xe0\xb8\x81\xe0\xb8\xb2\xe0\xb8\xa3\xe0\xb8\xa3\xe0\xb8\xb1\xe0\xb8\x81\xe0\xb8\xa9\xe0\xb8\xb2\xe0\xb8\xaa\xe0\xb8\x96\xe0\xb8\xb2\xe0\xb8\x99\xe0\xb8\xb0\xe0\xb8\x82\xe0\xb8\xad\xe0\xb8\x87\xe0\xb9\x80\xe0\xb8\x81\xe0\xb8\xa1\xe0\xb9\x84\xe0\xb8\xa1\xe0\xb9\x88\xe0\xb8\x9e\xe0\xb8\x9a NR \xe0\xb8\x88\xe0\xb8\xb6\xe0\xb8\x87\xe0\xb8\x9b\xe0\xb8\xb4\xe0\xb8\x94\xe0\xb9\x84\xe0\xb8\xa7\xe0\xb9\x89\xe0\xb9\x80\xe0\xb8\x9e\xe0\xb8\xb7\xe0\xb9\x88\xe0\xb8\xad\xe0\xb9\x84\xe0\xb8\xa1\xe0\xb9\x88\xe0\xb9\x83\xe0\xb8\xab\xe0\xb9\x89\xe0\xb9\x80\xe0\xb8\xaa\xe0\xb8\xb5\xe0\xb9\x88\xe0\xb8\xa2\xe0\xb8\x87\xe0\xb8\x95\xe0\xb9\x88\xe0\xb8\xad\xe0\xb8\xa0\xe0\xb8\xb2\xe0\xb8\x9e"},
    {"Copy the support report under Diagnostics and share it with ReShade.log.",
     "\xe0\xb8\x84\xe0\xb8\xb1\xe0\xb8\x94\xe0\xb8\xa5\xe0\xb8\xad\xe0\xb8\x81\xe0\xb8\xa3\xe0\xb8\xb2\xe0\xb8\xa2\xe0\xb8\x87\xe0\xb8\xb2\xe0\xb8\x99\xe0\xb8\x8b\xe0\xb8\xb1\xe0\xb8\x9e\xe0\xb8\x9e\xe0\xb8\xad\xe0\xb8\xa3\xe0\xb9\x8c\xe0\xb8\x95\xe0\xb9\x83\xe0\xb8\x99 \xe0\xb8\x81\xe0\xb8\xb2\xe0\xb8\xa3\xe0\xb8\xa7\xe0\xb8\xb4\xe0\xb8\x99\xe0\xb8\xb4\xe0\xb8\x88\xe0\xb8\x89\xe0\xb8\xb1\xe0\xb8\xa2 \xe0\xb9\x81\xe0\xb8\xa5\xe0\xb9\x89\xe0\xb8\xa7\xe0\xb8\xaa\xe0\xb9\x88\xe0\xb8\x87\xe0\xb8\x9e\xe0\xb8\xa3\xe0\xb9\x89\xe0\xb8\xad\xe0\xb8\xa1 ReShade.log"},
    {"NR runtime did not start",
     "\xe0\xb8\xa3\xe0\xb8\xb1\xe0\xb8\x99\xe0\xb9\x84\xe0\xb8\x97\xe0\xb8\xa1\xe0\xb9\x8c NR \xe0\xb9\x84\xe0\xb8\xa1\xe0\xb9\x88\xe0\xb9\x80\xe0\xb8\xa3\xe0\xb8\xb4\xe0\xb9\x88\xe0\xb8\xa1\xe0\xb8\x97\xe0\xb8\xb3\xe0\xb8\x87\xe0\xb8\xb2\xe0\xb8\x99"},
    {"DLSS is running, but NVIDIA's Neural Rendering runtime did not start on this system.",
     "DLSS \xe0\xb8\x97\xe0\xb8\xb3\xe0\xb8\x87\xe0\xb8\xb2\xe0\xb8\x99\xe0\xb8\xad\xe0\xb8\xa2\xe0\xb8\xb9\xe0\xb9\x88 \xe0\xb9\x81\xe0\xb8\x95\xe0\xb9\x88\xe0\xb8\xa3\xe0\xb8\xb1\xe0\xb8\x99\xe0\xb9\x84\xe0\xb8\x97\xe0\xb8\xa1\xe0\xb9\x8c Neural Rendering \xe0\xb8\x82\xe0\xb8\xad\xe0\xb8\x87 NVIDIA \xe0\xb9\x84\xe0\xb8\xa1\xe0\xb9\x88\xe0\xb9\x80\xe0\xb8\xa3\xe0\xb8\xb4\xe0\xb9\x88\xe0\xb8\xa1\xe0\xb8\x97\xe0\xb8\xb3\xe0\xb8\x87\xe0\xb8\xb2\xe0\xb8\x99\xe0\xb8\x9a\xe0\xb8\x99\xe0\xb8\xa3\xe0\xb8\xb0\xe0\xb8\x9a\xe0\xb8\x9a\xe0\xb8\x99\xe0\xb8\xb5\xe0\xb9\x89"},
    {"Diagnostics shows the runtime's last result; ReShade.log names the failing step.",
     "\xe0\xb8\x81\xe0\xb8\xb2\xe0\xb8\xa3\xe0\xb8\xa7\xe0\xb8\xb4\xe0\xb8\x99\xe0\xb8\xb4\xe0\xb8\x88\xe0\xb8\x89\xe0\xb8\xb1\xe0\xb8\xa2 \xe0\xb9\x81\xe0\xb8\xaa\xe0\xb8\x94\xe0\xb8\x87\xe0\xb8\x9c\xe0\xb8\xa5\xe0\xb8\xa5\xe0\xb9\x88\xe0\xb8\xb2\xe0\xb8\xaa\xe0\xb8\xb8\xe0\xb8\x94\xe0\xb8\x82\xe0\xb8\xad\xe0\xb8\x87\xe0\xb8\xa3\xe0\xb8\xb1\xe0\xb8\x99\xe0\xb9\x84\xe0\xb8\x97\xe0\xb8\xa1\xe0\xb9\x8c ReShade.log \xe0\xb8\xa3\xe0\xb8\xb0\xe0\xb8\x9a\xe0\xb8\xb8\xe0\xb8\x82\xe0\xb8\xb1\xe0\xb9\x89\xe0\xb8\x99\xe0\xb8\x95\xe0\xb8\xad\xe0\xb8\x99\xe0\xb8\x97\xe0\xb8\xb5\xe0\xb9\x88\xe0\xb8\xa5\xe0\xb9\x89\xe0\xb8\xa1\xe0\xb9\x80\xe0\xb8\xab\xe0\xb8\xa5\xe0\xb8\xa7"},
    {"NR is on but holding back",
     "NR \xe0\xb9\x80\xe0\xb8\x9b\xe0\xb8\xb4\xe0\xb8\x94\xe0\xb8\xad\xe0\xb8\xa2\xe0\xb8\xb9\xe0\xb9\x88\xe0\xb9\x81\xe0\xb8\x95\xe0\xb9\x88\xe0\xb8\x81\xe0\xb8\xb3\xe0\xb8\xa5\xe0\xb8\xb1\xe0\xb8\x87\xe0\xb8\xa3\xe0\xb8\xad"},
    {"The game's GPU state could not be restored safely around NR, so every frame was skipped rather than risk the image. This usually clears by itself.",
     "\xe0\xb9\x84\xe0\xb8\xa1\xe0\xb9\x88\xe0\xb8\xaa\xe0\xb8\xb2\xe0\xb8\xa1\xe0\xb8\xb2\xe0\xb8\xa3\xe0\xb8\x96\xe0\xb8\x84\xe0\xb8\xb7\xe0\xb8\x99\xe0\xb8\xaa\xe0\xb8\x96\xe0\xb8\xb2\xe0\xb8\x99\xe0\xb8\xb0 GPU \xe0\xb8\x82\xe0\xb8\xad\xe0\xb8\x87\xe0\xb9\x80\xe0\xb8\x81\xe0\xb8\xa1\xe0\xb8\xa3\xe0\xb8\xad\xe0\xb8\x9a NR \xe0\xb9\x84\xe0\xb8\x94\xe0\xb9\x89\xe0\xb8\xad\xe0\xb8\xa2\xe0\xb9\x88\xe0\xb8\xb2\xe0\xb8\x87\xe0\xb8\x9b\xe0\xb8\xa5\xe0\xb8\xad\xe0\xb8\x94\xe0\xb8\xa0\xe0\xb8\xb1\xe0\xb8\xa2 \xe0\xb8\x97\xe0\xb8\xb8\xe0\xb8\x81\xe0\xb9\x80\xe0\xb8\x9f\xe0\xb8\xa3\xe0\xb8\xa1\xe0\xb8\x88\xe0\xb8\xb6\xe0\xb8\x87\xe0\xb8\x96\xe0\xb8\xb9\xe0\xb8\x81\xe0\xb8\x82\xe0\xb9\x89\xe0\xb8\xb2\xe0\xb8\xa1\xe0\xb9\x80\xe0\xb8\x9e\xe0\xb8\xb7\xe0\xb9\x88\xe0\xb8\xad\xe0\xb9\x84\xe0\xb8\xa1\xe0\xb9\x88\xe0\xb9\x83\xe0\xb8\xab\xe0\xb9\x89\xe0\xb9\x80\xe0\xb8\xaa\xe0\xb8\xb5\xe0\xb9\x88\xe0\xb8\xa2\xe0\xb8\x87\xe0\xb8\x95\xe0\xb9\x88\xe0\xb8\xad\xe0\xb8\xa0\xe0\xb8\xb2\xe0\xb8\x9e \xe0\xb8\x9b\xe0\xb8\x81\xe0\xb8\x95\xe0\xb8\xb4\xe0\xb8\x88\xe0\xb8\xb0\xe0\xb8\xab\xe0\xb8\xb2\xe0\xb8\xa2\xe0\xb9\x84\xe0\xb8\x9b\xe0\xb9\x80\xe0\xb8\xad\xe0\xb8\x87"},
    {"If it never clears, copy the support report under Diagnostics and share it with ReShade.log.",
     "\xe0\xb8\xab\xe0\xb8\xb2\xe0\xb8\x81\xe0\xb9\x84\xe0\xb8\xa1\xe0\xb9\x88\xe0\xb8\xab\xe0\xb8\xb2\xe0\xb8\xa2\xe0\xb9\x84\xe0\xb8\x9b\xe0\xb9\x80\xe0\xb8\xa5\xe0\xb8\xa2 \xe0\xb9\x83\xe0\xb8\xab\xe0\xb9\x89\xe0\xb8\x84\xe0\xb8\xb1\xe0\xb8\x94\xe0\xb8\xa5\xe0\xb8\xad\xe0\xb8\x81\xe0\xb8\xa3\xe0\xb8\xb2\xe0\xb8\xa2\xe0\xb8\x87\xe0\xb8\xb2\xe0\xb8\x99\xe0\xb8\x8b\xe0\xb8\xb1\xe0\xb8\x9e\xe0\xb8\x9e\xe0\xb8\xad\xe0\xb8\xa3\xe0\xb9\x8c\xe0\xb8\x95\xe0\xb9\x83\xe0\xb8\x99 \xe0\xb8\x81\xe0\xb8\xb2\xe0\xb8\xa3\xe0\xb8\xa7\xe0\xb8\xb4\xe0\xb8\x99\xe0\xb8\xb4\xe0\xb8\x88\xe0\xb8\x89\xe0\xb8\xb1\xe0\xb8\xa2 \xe0\xb9\x81\xe0\xb8\xa5\xe0\xb9\x89\xe0\xb8\xa7\xe0\xb8\xaa\xe0\xb9\x88\xe0\xb8\x87\xe0\xb8\x9e\xe0\xb8\xa3\xe0\xb9\x89\xe0\xb8\xad\xe0\xb8\xa1 ReShade.log"},
    {"NR is on but has not run yet",
     "NR \xe0\xb9\x80\xe0\xb8\x9b\xe0\xb8\xb4\xe0\xb8\x94\xe0\xb8\xad\xe0\xb8\xa2\xe0\xb8\xb9\xe0\xb9\x88\xe0\xb9\x81\xe0\xb8\x95\xe0\xb9\x88\xe0\xb8\xa2\xe0\xb8\xb1\xe0\xb8\x87\xe0\xb9\x84\xe0\xb8\xa1\xe0\xb9\x88\xe0\xb8\x97\xe0\xb8\xb3\xe0\xb8\x87\xe0\xb8\xb2\xe0\xb8\x99"},
    {"DLSS is running and NR is on, but NR has not run on a frame yet.",
     "DLSS \xe0\xb8\x97\xe0\xb8\xb3\xe0\xb8\x87\xe0\xb8\xb2\xe0\xb8\x99\xe0\xb8\xad\xe0\xb8\xa2\xe0\xb8\xb9\xe0\xb9\x88\xe0\xb9\x81\xe0\xb8\xa5\xe0\xb8\xb0 NR \xe0\xb9\x80\xe0\xb8\x9b\xe0\xb8\xb4\xe0\xb8\x94\xe0\xb8\xad\xe0\xb8\xa2\xe0\xb8\xb9\xe0\xb9\x88 \xe0\xb9\x81\xe0\xb8\x95\xe0\xb9\x88 NR \xe0\xb8\xa2\xe0\xb8\xb1\xe0\xb8\x87\xe0\xb9\x84\xe0\xb8\xa1\xe0\xb9\x88\xe0\xb9\x84\xe0\xb8\x94\xe0\xb9\x89\xe0\xb8\x97\xe0\xb8\xb3\xe0\xb8\x87\xe0\xb8\xb2\xe0\xb8\x99\xe0\xb8\x81\xe0\xb8\xb1\xe0\xb8\x9a\xe0\xb9\x80\xe0\xb8\x9f\xe0\xb8\xa3\xe0\xb8\xa1\xe0\xb9\x83\xe0\xb8\x94\xe0\xb9\x80\xe0\xb8\xa5\xe0\xb8\xa2"},
    {"Copy the support report under Diagnostics; ReShade.log's NR-VERDICT line names the stage and the reason.",
     "\xe0\xb8\x84\xe0\xb8\xb1\xe0\xb8\x94\xe0\xb8\xa5\xe0\xb8\xad\xe0\xb8\x81\xe0\xb8\xa3\xe0\xb8\xb2\xe0\xb8\xa2\xe0\xb8\x87\xe0\xb8\xb2\xe0\xb8\x99\xe0\xb8\x8b\xe0\xb8\xb1\xe0\xb8\x9e\xe0\xb8\x9e\xe0\xb8\xad\xe0\xb8\xa3\xe0\xb9\x8c\xe0\xb8\x95\xe0\xb9\x83\xe0\xb8\x99 \xe0\xb8\x81\xe0\xb8\xb2\xe0\xb8\xa3\xe0\xb8\xa7\xe0\xb8\xb4\xe0\xb8\x99\xe0\xb8\xb4\xe0\xb8\x88\xe0\xb8\x89\xe0\xb8\xb1\xe0\xb8\xa2 \xe0\xb8\x9a\xe0\xb8\xa3\xe0\xb8\xa3\xe0\xb8\x97\xe0\xb8\xb1\xe0\xb8\x94 NR-VERDICT \xe0\xb9\x83\xe0\xb8\x99 ReShade.log \xe0\xb8\xa3\xe0\xb8\xb0\xe0\xb8\x9a\xe0\xb8\xb8\xe0\xb8\x82\xe0\xb8\xb1\xe0\xb9\x89\xe0\xb8\x99\xe0\xb8\x95\xe0\xb8\xad\xe0\xb8\x99\xe0\xb9\x81\xe0\xb8\xa5\xe0\xb8\xb0\xe0\xb9\x80\xe0\xb8\xab\xe0\xb8\x95\xe0\xb8\xb8\xe0\xb8\x9c\xe0\xb8\xa5"},
    {"Running through a third-party tool's Direct3D 12 DLSS.",
     "\xe0\xb8\x97\xe0\xb8\xb3\xe0\xb8\x87\xe0\xb8\xb2\xe0\xb8\x99\xe0\xb8\x9c\xe0\xb9\x88\xe0\xb8\xb2\xe0\xb8\x99 Direct3D 12 DLSS \xe0\xb8\x82\xe0\xb8\xad\xe0\xb8\x87\xe0\xb9\x80\xe0\xb8\x84\xe0\xb8\xa3\xe0\xb8\xb7\xe0\xb9\x88\xe0\xb8\xad\xe0\xb8\x87\xe0\xb8\xa1\xe0\xb8\xb7\xe0\xb8\xad\xe0\xb8\xa0\xe0\xb8\xb2\xe0\xb8\xa2\xe0\xb8\x99\xe0\xb8\xad\xe0\xb8\x81"},
    {"Running through the Direct3D 11 bridge.",
     "\xe0\xb8\x97\xe0\xb8\xb3\xe0\xb8\x87\xe0\xb8\xb2\xe0\xb8\x99\xe0\xb8\x9c\xe0\xb9\x88\xe0\xb8\xb2\xe0\xb8\x99\xe0\xb8\x9a\xe0\xb8\xa3\xe0\xb8\xb4\xe0\xb8\x94\xe0\xb8\x88\xe0\xb9\x8c Direct3D 11"},
    {"Disabled by setting",
     "\xe0\xb8\x9b\xe0\xb8\xb4\xe0\xb8\x94\xe0\xb9\x82\xe0\xb8\x94\xe0\xb8\xa2\xe0\xb8\x81\xe0\xb8\xb2\xe0\xb8\xa3\xe0\xb8\x95\xe0\xb8\xb1\xe0\xb9\x89\xe0\xb8\x87\xe0\xb8\x84\xe0\xb9\x88\xe0\xb8\xb2"},
    {"EnableHooks=0 in [RenoDX.DLSS5] (ReShade.ini) turns every hook off. Set EnableHooks=2 to use Neural Rendering.",
     "EnableHooks=0 \xe0\xb9\x83\xe0\xb8\x99 [RenoDX.DLSS5] (ReShade.ini) \xe0\xb8\x9b\xe0\xb8\xb4\xe0\xb8\x94\xe0\xb8\xae\xe0\xb8\xb8\xe0\xb8\x81\xe0\xb8\x97\xe0\xb8\xb1\xe0\xb9\x89\xe0\xb8\x87\xe0\xb8\xab\xe0\xb8\xa1\xe0\xb8\x94 \xe0\xb8\x95\xe0\xb8\xb1\xe0\xb9\x89\xe0\xb8\x87 EnableHooks=2 \xe0\xb9\x80\xe0\xb8\x9e\xe0\xb8\xb7\xe0\xb9\x88\xe0\xb8\xad\xe0\xb9\x83\xe0\xb8\x8a\xe0\xb9\x89 Neural Rendering"},
    {"DX11Source=off in [RenoDX.DLSS5] (ReShade.ini) keeps the addon inert in Direct3D 11 games. Remove the key to let Neural Rendering follow the game's DLSS again.",
     "DX11Source=off \xe0\xb9\x83\xe0\xb8\x99 [RenoDX.DLSS5] (ReShade.ini) \xe0\xb8\x97\xe0\xb8\xb3\xe0\xb9\x83\xe0\xb8\xab\xe0\xb9\x89\xe0\xb9\x81\xe0\xb8\xad\xe0\xb8\x94\xe0\xb8\xad\xe0\xb8\xad\xe0\xb8\x99\xe0\xb9\x84\xe0\xb8\xa1\xe0\xb9\x88\xe0\xb8\x97\xe0\xb8\xb3\xe0\xb8\x87\xe0\xb8\xb2\xe0\xb8\x99\xe0\xb9\x83\xe0\xb8\x99\xe0\xb9\x80\xe0\xb8\x81\xe0\xb8\xa1 Direct3D 11 \xe0\xb8\xa5\xe0\xb8\x9a\xe0\xb8\x84\xe0\xb8\xb5\xe0\xb8\xa2\xe0\xb9\x8c\xe0\xb8\x99\xe0\xb8\xb5\xe0\xb9\x89\xe0\xb9\x80\xe0\xb8\x9e\xe0\xb8\xb7\xe0\xb9\x88\xe0\xb8\xad\xe0\xb9\x83\xe0\xb8\xab\xe0\xb9\x89 Neural Rendering \xe0\xb8\x97\xe0\xb8\xb3\xe0\xb8\x87\xe0\xb8\xb2\xe0\xb8\x99\xe0\xb8\x95\xe0\xb8\xb2\xe0\xb8\xa1 DLSS \xe0\xb8\x82\xe0\xb8\xad\xe0\xb8\x87\xe0\xb9\x80\xe0\xb8\x81\xe0\xb8\xa1\xe0\xb8\xad\xe0\xb8\xb5\xe0\xb8\x81\xe0\xb8\x84\xe0\xb8\xa3\xe0\xb8\xb1\xe0\xb9\x89\xe0\xb8\x87"},
    {"Another Neural Rendering mod is running",
     "\xe0\xb8\xa1\xe0\xb8\xb5\xe0\xb8\xa1\xe0\xb9\x87\xe0\xb8\xad\xe0\xb8\x94 Neural Rendering \xe0\xb8\xad\xe0\xb8\xb7\xe0\xb9\x88\xe0\xb8\x99\xe0\xb8\x97\xe0\xb8\xb3\xe0\xb8\x87\xe0\xb8\xb2\xe0\xb8\x99\xe0\xb8\xad\xe0\xb8\xa2\xe0\xb8\xb9\xe0\xb9\x88"},
    {"Something else in this game already runs Neural Rendering, so this addon stands down instead of enhancing every frame twice.",
     "\xe0\xb8\xa1\xe0\xb8\xb5\xe0\xb8\xaa\xe0\xb8\xb4\xe0\xb9\x88\xe0\xb8\x87\xe0\xb8\xad\xe0\xb8\xb7\xe0\xb9\x88\xe0\xb8\x99\xe0\xb9\x83\xe0\xb8\x99\xe0\xb9\x80\xe0\xb8\x81\xe0\xb8\xa1\xe0\xb8\x99\xe0\xb8\xb5\xe0\xb9\x89\xe0\xb9\x83\xe0\xb8\x8a\xe0\xb9\x89 Neural Rendering \xe0\xb8\xad\xe0\xb8\xa2\xe0\xb8\xb9\xe0\xb9\x88\xe0\xb9\x81\xe0\xb8\xa5\xe0\xb9\x89\xe0\xb8\xa7 \xe0\xb9\x81\xe0\xb8\xad\xe0\xb8\x94\xe0\xb8\xad\xe0\xb8\xad\xe0\xb8\x99\xe0\xb8\x99\xe0\xb8\xb5\xe0\xb9\x89\xe0\xb8\x88\xe0\xb8\xb6\xe0\xb8\x87\xe0\xb8\xab\xe0\xb8\xa2\xe0\xb8\xb8\xe0\xb8\x94\xe0\xb8\x97\xe0\xb8\xb3\xe0\xb8\x87\xe0\xb8\xb2\xe0\xb8\x99\xe0\xb9\x81\xe0\xb8\x97\xe0\xb8\x99\xe0\xb8\x97\xe0\xb8\xb5\xe0\xb9\x88\xe0\xb8\x88\xe0\xb8\xb0\xe0\xb8\x9b\xe0\xb8\xa3\xe0\xb8\xb0\xe0\xb8\xa1\xe0\xb8\xa7\xe0\xb8\xa5\xe0\xb8\x9c\xe0\xb8\xa5\xe0\xb8\x97\xe0\xb8\xb8\xe0\xb8\x81\xe0\xb9\x80\xe0\xb8\x9f\xe0\xb8\xa3\xe0\xb8\xa1\xe0\xb8\x8b\xe0\xb9\x89\xe0\xb8\xb3\xe0\xb8\xaa\xe0\xb8\xad\xe0\xb8\x87\xe0\xb8\x84\xe0\xb8\xa3\xe0\xb8\xb1\xe0\xb9\x89\xe0\xb8\x87"},
    {"To use this addon instead, remove the other mod and restart the game.",
     "\xe0\xb8\xab\xe0\xb8\xb2\xe0\xb8\x81\xe0\xb8\x95\xe0\xb9\x89\xe0\xb8\xad\xe0\xb8\x87\xe0\xb8\x81\xe0\xb8\xb2\xe0\xb8\xa3\xe0\xb9\x83\xe0\xb8\x8a\xe0\xb9\x89\xe0\xb9\x81\xe0\xb8\xad\xe0\xb8\x94\xe0\xb8\xad\xe0\xb8\xad\xe0\xb8\x99\xe0\xb8\x99\xe0\xb8\xb5\xe0\xb9\x89\xe0\xb9\x81\xe0\xb8\x97\xe0\xb8\x99 \xe0\xb9\x83\xe0\xb8\xab\xe0\xb9\x89\xe0\xb8\xa5\xe0\xb8\x9a\xe0\xb8\xa1\xe0\xb9\x87\xe0\xb8\xad\xe0\xb8\x94\xe0\xb8\xad\xe0\xb8\xb7\xe0\xb9\x88\xe0\xb8\x99\xe0\xb9\x81\xe0\xb8\xa5\xe0\xb9\x89\xe0\xb8\xa7\xe0\xb8\xa3\xe0\xb8\xb5\xe0\xb8\xaa\xe0\xb8\x95\xe0\xb8\xb2\xe0\xb8\xa3\xe0\xb9\x8c\xe0\xb8\x95\xe0\xb9\x80\xe0\xb8\x81\xe0\xb8\xa1"},
    {"To run both anyway, set ForeignNr=observe in [RenoDX.DLSS5] (ReShade.ini) and restart.",
     "\xe0\xb8\xab\xe0\xb8\xb2\xe0\xb8\x81\xe0\xb8\x95\xe0\xb9\x89\xe0\xb8\xad\xe0\xb8\x87\xe0\xb8\x81\xe0\xb8\xb2\xe0\xb8\xa3\xe0\xb9\x83\xe0\xb8\x8a\xe0\xb9\x89\xe0\xb8\x97\xe0\xb8\xb1\xe0\xb9\x89\xe0\xb8\x87\xe0\xb8\xaa\xe0\xb8\xad\xe0\xb8\x87\xe0\xb8\x9e\xe0\xb8\xa3\xe0\xb9\x89\xe0\xb8\xad\xe0\xb8\xa1\xe0\xb8\x81\xe0\xb8\xb1\xe0\xb8\x99 \xe0\xb9\x83\xe0\xb8\xab\xe0\xb9\x89\xe0\xb8\x95\xe0\xb8\xb1\xe0\xb9\x89\xe0\xb8\x87 ForeignNr=observe \xe0\xb9\x83\xe0\xb8\x99 [RenoDX.DLSS5] (ReShade.ini) \xe0\xb9\x81\xe0\xb8\xa5\xe0\xb9\x89\xe0\xb8\xa7\xe0\xb8\xa3\xe0\xb8\xb5\xe0\xb8\xaa\xe0\xb8\x95\xe0\xb8\xb2\xe0\xb8\xa3\xe0\xb9\x8c\xe0\xb8\x95"},
    {"Neural Rendering is off",
     "Neural Rendering \xe0\xb8\x9b\xe0\xb8\xb4\xe0\xb8\x94\xe0\xb8\xad\xe0\xb8\xa2\xe0\xb8\xb9\xe0\xb9\x88"},
    {"Turned off in settings or by the toggle hotkey.",
     "\xe0\xb8\x9b\xe0\xb8\xb4\xe0\xb8\x94\xe0\xb8\x88\xe0\xb8\xb2\xe0\xb8\x81\xe0\xb8\x81\xe0\xb8\xb2\xe0\xb8\xa3\xe0\xb8\x95\xe0\xb8\xb1\xe0\xb9\x89\xe0\xb8\x87\xe0\xb8\x84\xe0\xb9\x88\xe0\xb8\xb2\xe0\xb8\xab\xe0\xb8\xa3\xe0\xb8\xb7\xe0\xb8\xad\xe0\xb8\x88\xe0\xb8\xb2\xe0\xb8\x81\xe0\xb8\x9b\xe0\xb8\xb8\xe0\xb9\x88\xe0\xb8\xa1\xe0\xb8\xa5\xe0\xb8\xb1\xe0\xb8\x94\xe0\xb9\x80\xe0\xb8\x9b\xe0\xb8\xb4\xe0\xb8\x94/\xe0\xb8\x9b\xe0\xb8\xb4\xe0\xb8\x94"},
    {"NR runtime not installed",
     "\xe0\xb9\x84\xe0\xb8\xa1\xe0\xb9\x88\xe0\xb9\x84\xe0\xb8\x94\xe0\xb9\x89\xe0\xb8\x95\xe0\xb8\xb4\xe0\xb8\x94\xe0\xb8\x95\xe0\xb8\xb1\xe0\xb9\x89\xe0\xb8\x87\xe0\xb8\xa3\xe0\xb8\xb1\xe0\xb8\x99\xe0\xb9\x84\xe0\xb8\x97\xe0\xb8\xa1\xe0\xb9\x8c NR"},
    {"NVIDIA's signed nvngx_dlssnr.dll is not next to the addon or the game's executable.",
     "\xe0\xb9\x84\xe0\xb8\xa1\xe0\xb9\x88\xe0\xb8\x9e\xe0\xb8\x9a nvngx_dlssnr.dll \xe0\xb8\x97\xe0\xb8\xb5\xe0\xb9\x88\xe0\xb8\xa5\xe0\xb8\x87\xe0\xb8\x99\xe0\xb8\xb2\xe0\xb8\xa1\xe0\xb9\x82\xe0\xb8\x94\xe0\xb8\xa2 NVIDIA \xe0\xb8\x82\xe0\xb9\x89\xe0\xb8\xb2\xe0\xb8\x87\xe0\xb9\x81\xe0\xb8\xad\xe0\xb8\x94\xe0\xb8\xad\xe0\xb8\xad\xe0\xb8\x99\xe0\xb8\xab\xe0\xb8\xa3\xe0\xb8\xb7\xe0\xb8\xad\xe0\xb9\x84\xe0\xb8\x9f\xe0\xb8\xa5\xe0\xb9\x8c\xe0\xb8\x9b\xe0\xb8\x8f\xe0\xb8\xb4\xe0\xb8\x9a\xe0\xb8\xb1\xe0\xb8\x95\xe0\xb8\xb4\xe0\xb8\x81\xe0\xb8\xb2\xe0\xb8\xa3\xe0\xb8\x82\xe0\xb8\xad\xe0\xb8\x87\xe0\xb9\x80\xe0\xb8\x81\xe0\xb8\xa1"},
    {"Place nvngx_dlssnr.dll in the game's folder, next to the addon.",
     "\xe0\xb8\xa7\xe0\xb8\xb2\xe0\xb8\x87 nvngx_dlssnr.dll \xe0\xb9\x83\xe0\xb8\x99\xe0\xb9\x82\xe0\xb8\x9f\xe0\xb8\xa5\xe0\xb9\x80\xe0\xb8\x94\xe0\xb8\xad\xe0\xb8\xa3\xe0\xb9\x8c\xe0\xb8\x82\xe0\xb8\xad\xe0\xb8\x87\xe0\xb9\x80\xe0\xb8\x81\xe0\xb8\xa1 \xe0\xb8\x82\xe0\xb9\x89\xe0\xb8\xb2\xe0\xb8\x87\xe0\xb9\x81\xe0\xb8\xad\xe0\xb8\x94\xe0\xb8\xad\xe0\xb8\xad\xe0\xb8\x99"},
    {"NR runtime could not be used",
     "\xe0\xb9\x83\xe0\xb8\x8a\xe0\xb9\x89\xe0\xb8\xa3\xe0\xb8\xb1\xe0\xb8\x99\xe0\xb9\x84\xe0\xb8\x97\xe0\xb8\xa1\xe0\xb9\x8c NR \xe0\xb9\x84\xe0\xb8\xa1\xe0\xb9\x88\xe0\xb9\x84\xe0\xb8\x94\xe0\xb9\x89"},
    {"nvngx_dlssnr.dll was found but could not be loaded.",
     "\xe0\xb8\x9e\xe0\xb8\x9a nvngx_dlssnr.dll \xe0\xb9\x81\xe0\xb8\x95\xe0\xb9\x88\xe0\xb9\x82\xe0\xb8\xab\xe0\xb8\xa5\xe0\xb8\x94\xe0\xb9\x84\xe0\xb8\xa1\xe0\xb9\x88\xe0\xb9\x84\xe0\xb8\x94\xe0\xb9\x89"},
    {"Replace it with an official NVIDIA build of nvngx_dlssnr.dll.",
     "\xe0\xb9\x81\xe0\xb8\x97\xe0\xb8\x99\xe0\xb8\x97\xe0\xb8\xb5\xe0\xb9\x88\xe0\xb8\x94\xe0\xb9\x89\xe0\xb8\xa7\xe0\xb8\xa2 nvngx_dlssnr.dll \xe0\xb8\xa3\xe0\xb8\xb8\xe0\xb9\x88\xe0\xb8\x99\xe0\xb8\x97\xe0\xb8\xb2\xe0\xb8\x87\xe0\xb8\x81\xe0\xb8\xb2\xe0\xb8\xa3\xe0\xb8\x82\xe0\xb8\xad\xe0\xb8\x87 NVIDIA"},
    {"Update the NVIDIA driver, then restart the game.",
     "\xe0\xb8\xad\xe0\xb8\xb1\xe0\xb8\x9b\xe0\xb9\x80\xe0\xb8\x94\xe0\xb8\x95\xe0\xb9\x84\xe0\xb8\x94\xe0\xb8\xa3\xe0\xb9\x80\xe0\xb8\xa7\xe0\xb8\xad\xe0\xb8\xa3\xe0\xb9\x8c NVIDIA \xe0\xb9\x81\xe0\xb8\xa5\xe0\xb9\x89\xe0\xb8\xa7\xe0\xb8\xa3\xe0\xb8\xb5\xe0\xb8\xaa\xe0\xb8\x95\xe0\xb8\xb2\xe0\xb8\xa3\xe0\xb9\x8c\xe0\xb8\x95\xe0\xb9\x80\xe0\xb8\x81\xe0\xb8\xa1"},
    {"ReShade.log names the failing step.",
     "ReShade.log \xe0\xb8\xa3\xe0\xb8\xb0\xe0\xb8\x9a\xe0\xb8\xb8\xe0\xb8\x82\xe0\xb8\xb1\xe0\xb9\x89\xe0\xb8\x99\xe0\xb8\x95\xe0\xb8\xad\xe0\xb8\x99\xe0\xb8\x97\xe0\xb8\xb5\xe0\xb9\x88\xe0\xb8\xa5\xe0\xb9\x89\xe0\xb8\xa1\xe0\xb9\x80\xe0\xb8\xab\xe0\xb8\xa5\xe0\xb8\xa7"},
    {"NR is waiting for DLSS",
     "NR \xe0\xb8\x81\xe0\xb8\xb3\xe0\xb8\xa5\xe0\xb8\xb1\xe0\xb8\x87\xe0\xb8\xa3\xe0\xb8\xad DLSS"},
    {"It resumes by itself when the game runs DLSS again - normal after a resolution or quality change.",
     "\xe0\xb8\x88\xe0\xb8\xb0\xe0\xb8\x81\xe0\xb8\xa5\xe0\xb8\xb1\xe0\xb8\x9a\xe0\xb8\xa1\xe0\xb8\xb2\xe0\xb8\x97\xe0\xb8\xb3\xe0\xb8\x87\xe0\xb8\xb2\xe0\xb8\x99\xe0\xb9\x80\xe0\xb8\xad\xe0\xb8\x87\xe0\xb9\x80\xe0\xb8\xa1\xe0\xb8\xb7\xe0\xb9\x88\xe0\xb8\xad\xe0\xb9\x80\xe0\xb8\x81\xe0\xb8\xa1\xe0\xb9\x80\xe0\xb8\xa3\xe0\xb8\xb5\xe0\xb8\xa2\xe0\xb8\x81\xe0\xb9\x83\xe0\xb8\x8a\xe0\xb9\x89 DLSS \xe0\xb8\xad\xe0\xb8\xb5\xe0\xb8\x81\xe0\xb8\x84\xe0\xb8\xa3\xe0\xb8\xb1\xe0\xb9\x89\xe0\xb8\x87 - \xe0\xb9\x80\xe0\xb8\x9b\xe0\xb9\x87\xe0\xb8\x99\xe0\xb9\x80\xe0\xb8\xa3\xe0\xb8\xb7\xe0\xb9\x88\xe0\xb8\xad\xe0\xb8\x87\xe0\xb8\x9b\xe0\xb8\x81\xe0\xb8\x95\xe0\xb8\xb4\xe0\xb8\xab\xe0\xb8\xa5\xe0\xb8\xb1\xe0\xb8\x87\xe0\xb9\x80\xe0\xb8\x9b\xe0\xb8\xa5\xe0\xb8\xb5\xe0\xb9\x88\xe0\xb8\xa2\xe0\xb8\x99\xe0\xb8\x84\xe0\xb8\xa7\xe0\xb8\xb2\xe0\xb8\xa1\xe0\xb8\xa5\xe0\xb8\xb0\xe0\xb9\x80\xe0\xb8\xad\xe0\xb8\xb5\xe0\xb8\xa2\xe0\xb8\x94\xe0\xb8\xab\xe0\xb8\xa3\xe0\xb8\xb7\xe0\xb8\xad\xe0\xb8\x84\xe0\xb8\xb8\xe0\xb8\x93\xe0\xb8\xa0\xe0\xb8\xb2\xe0\xb8\x9e"},
    {"Neural Rendering is active",
     "Neural Rendering \xe0\xb8\x97\xe0\xb8\xb3\xe0\xb8\x87\xe0\xb8\xb2\xe0\xb8\x99\xe0\xb8\xad\xe0\xb8\xa2\xe0\xb8\xb9\xe0\xb9\x88"},
    {"Enhancing the game's DLSS input before upscaling",
     "\xe0\xb8\x81\xe0\xb8\xb3\xe0\xb8\xa5\xe0\xb8\xb1\xe0\xb8\x87\xe0\xb9\x80\xe0\xb8\x9e\xe0\xb8\xb4\xe0\xb9\x88\xe0\xb8\xa1\xe0\xb8\x84\xe0\xb8\xb8\xe0\xb8\x93\xe0\xb8\xa0\xe0\xb8\xb2\xe0\xb8\x9e\xe0\xb8\xad\xe0\xb8\xb4\xe0\xb8\x99\xe0\xb8\x9e\xe0\xb8\xb8\xe0\xb8\x95 DLSS \xe0\xb8\x82\xe0\xb8\xad\xe0\xb8\x87\xe0\xb9\x80\xe0\xb8\x81\xe0\xb8\xa1\xe0\xb8\x81\xe0\xb9\x88\xe0\xb8\xad\xe0\xb8\x99\xe0\xb8\xad\xe0\xb8\xb1\xe0\xb8\x9b\xe0\xb8\xaa\xe0\xb9\x80\xe0\xb8\x81\xe0\xb8\xa5"},
    {"Replacing the game's DLSS output",
     "\xe0\xb8\x81\xe0\xb8\xb3\xe0\xb8\xa5\xe0\xb8\xb1\xe0\xb8\x87\xe0\xb9\x81\xe0\xb8\x97\xe0\xb8\x99\xe0\xb8\x97\xe0\xb8\xb5\xe0\xb9\x88\xe0\xb9\x80\xe0\xb8\xad\xe0\xb8\xb2\xe0\xb8\x95\xe0\xb9\x8c\xe0\xb8\x9e\xe0\xb8\xb8\xe0\xb8\x95 DLSS \xe0\xb8\x82\xe0\xb8\xad\xe0\xb8\x87\xe0\xb9\x80\xe0\xb8\x81\xe0\xb8\xa1"},
    {"Neural Rendering is partly active",
     "Neural Rendering \xe0\xb8\x97\xe0\xb8\xb3\xe0\xb8\x87\xe0\xb8\xb2\xe0\xb8\x99\xe0\xb8\x9a\xe0\xb8\xb2\xe0\xb8\x87\xe0\xb8\xaa\xe0\xb9\x88\xe0\xb8\xa7\xe0\xb8\x99"},
    {"Open Diagnostics: 'Skipped because' names why the other frames were skipped.",
     "\xe0\xb9\x80\xe0\xb8\x9b\xe0\xb8\xb4\xe0\xb8\x94 \xe0\xb8\x81\xe0\xb8\xb2\xe0\xb8\xa3\xe0\xb8\xa7\xe0\xb8\xb4\xe0\xb8\x99\xe0\xb8\xb4\xe0\xb8\x88\xe0\xb8\x89\xe0\xb8\xb1\xe0\xb8\xa2: '\xe0\xb8\x82\xe0\xb9\x89\xe0\xb8\xb2\xe0\xb8\xa1\xe0\xb9\x80\xe0\xb8\x9e\xe0\xb8\xa3\xe0\xb8\xb2\xe0\xb8\xb0' \xe0\xb8\xa3\xe0\xb8\xb0\xe0\xb8\x9a\xe0\xb8\xb8\xe0\xb8\xaa\xe0\xb8\xb2\xe0\xb9\x80\xe0\xb8\xab\xe0\xb8\x95\xe0\xb8\xb8\xe0\xb8\x97\xe0\xb8\xb5\xe0\xb9\x88\xe0\xb9\x80\xe0\xb8\x9f\xe0\xb8\xa3\xe0\xb8\xa1\xe0\xb8\xad\xe0\xb8\xb7\xe0\xb9\x88\xe0\xb8\x99\xe0\xb8\x96\xe0\xb8\xb9\xe0\xb8\x81\xe0\xb8\x82\xe0\xb9\x89\xe0\xb8\xb2\xe0\xb8\xa1"},
    {"DLSS on an API NR does not serve",
     "DLSS \xe0\xb8\xad\xe0\xb8\xa2\xe0\xb8\xb9\xe0\xb9\x88\xe0\xb8\x9a\xe0\xb8\x99 API \xe0\xb8\x97\xe0\xb8\xb5\xe0\xb9\x88 NR \xe0\xb9\x84\xe0\xb8\xa1\xe0\xb9\x88\xe0\xb8\xa3\xe0\xb8\xad\xe0\xb8\x87\xe0\xb8\xa3\xe0\xb8\xb1\xe0\xb8\x9a"},
    {"This game runs DLSS without presenting through Direct3D 12 or Direct3D 11, the two APIs Neural Rendering serves. The addon is loaded and safe; nothing is wrong.",
     "\xe0\xb9\x80\xe0\xb8\x81\xe0\xb8\xa1\xe0\xb8\x99\xe0\xb8\xb5\xe0\xb9\x89\xe0\xb9\x83\xe0\xb8\x8a\xe0\xb9\x89 DLSS \xe0\xb9\x82\xe0\xb8\x94\xe0\xb8\xa2\xe0\xb9\x84\xe0\xb8\xa1\xe0\xb9\x88\xe0\xb9\x84\xe0\xb8\x94\xe0\xb9\x89\xe0\xb9\x81\xe0\xb8\xaa\xe0\xb8\x94\xe0\xb8\x87\xe0\xb8\x9c\xe0\xb8\xa5\xe0\xb8\x9c\xe0\xb9\x88\xe0\xb8\xb2\xe0\xb8\x99 Direct3D 12 \xe0\xb8\xab\xe0\xb8\xa3\xe0\xb8\xb7\xe0\xb8\xad Direct3D 11 \xe0\xb8\x8b\xe0\xb8\xb6\xe0\xb9\x88\xe0\xb8\x87\xe0\xb9\x80\xe0\xb8\x9b\xe0\xb9\x87\xe0\xb8\x99\xe0\xb8\xaa\xe0\xb8\xad\xe0\xb8\x87 API \xe0\xb8\x97\xe0\xb8\xb5\xe0\xb9\x88 Neural Rendering \xe0\xb8\xa3\xe0\xb8\xad\xe0\xb8\x87\xe0\xb8\xa3\xe0\xb8\xb1\xe0\xb8\x9a \xe0\xb9\x81\xe0\xb8\xad\xe0\xb8\x94\xe0\xb8\xad\xe0\xb8\xad\xe0\xb8\x99\xe0\xb9\x82\xe0\xb8\xab\xe0\xb8\xa5\xe0\xb8\x94\xe0\xb9\x81\xe0\xb8\xa5\xe0\xb9\x89\xe0\xb8\xa7\xe0\xb9\x81\xe0\xb8\xa5\xe0\xb8\xb0\xe0\xb8\x9b\xe0\xb8\xa5\xe0\xb8\xad\xe0\xb8\x94\xe0\xb8\xa0\xe0\xb8\xb1\xe0\xb8\xa2 \xe0\xb9\x84\xe0\xb8\xa1\xe0\xb9\x88\xe0\xb8\xa1\xe0\xb8\xb5\xe0\xb8\xad\xe0\xb8\xb0\xe0\xb9\x84\xe0\xb8\xa3\xe0\xb8\x9c\xe0\xb8\xb4\xe0\xb8\x94\xe0\xb8\x9b\xe0\xb8\x81\xe0\xb8\x95\xe0\xb8\xb4"},
    {"NR is idle - only Frame Generation is on",
     "NR \xe0\xb8\xa7\xe0\xb9\x88\xe0\xb8\xb2\xe0\xb8\x87 - \xe0\xb9\x80\xe0\xb8\x9b\xe0\xb8\xb4\xe0\xb8\x94\xe0\xb9\x80\xe0\xb8\x9e\xe0\xb8\xb5\xe0\xb8\xa2\xe0\xb8\x87 Frame Generation"},
    {"Frame Generation is a different DLSS feature. Neural Rendering improves DLSS upscaling.",
     "Frame Generation \xe0\xb9\x80\xe0\xb8\x9b\xe0\xb9\x87\xe0\xb8\x99\xe0\xb8\x9f\xe0\xb8\xb5\xe0\xb9\x80\xe0\xb8\x88\xe0\xb8\xad\xe0\xb8\xa3\xe0\xb9\x8c DLSS \xe0\xb8\xad\xe0\xb8\xb5\xe0\xb8\x81\xe0\xb8\x95\xe0\xb8\xb1\xe0\xb8\xa7\xe0\xb8\xab\xe0\xb8\x99\xe0\xb8\xb6\xe0\xb9\x88\xe0\xb8\x87 Neural Rendering \xe0\xb8\x8a\xe0\xb9\x88\xe0\xb8\xa7\xe0\xb8\xa2\xe0\xb8\x9b\xe0\xb8\xa3\xe0\xb8\xb1\xe0\xb8\x9a\xe0\xb8\x9b\xe0\xb8\xa3\xe0\xb8\xb8\xe0\xb8\x87\xe0\xb8\x81\xe0\xb8\xb2\xe0\xb8\xa3\xe0\xb8\xad\xe0\xb8\xb1\xe0\xb8\x9b\xe0\xb8\xaa\xe0\xb9\x80\xe0\xb8\x81\xe0\xb8\xa5 DLSS"},
    {"Turn on DLSS or DLAA upscaling in the game's graphics settings, not only Frame Generation.",
     "\xe0\xb9\x80\xe0\xb8\x9b\xe0\xb8\xb4\xe0\xb8\x94\xe0\xb8\x81\xe0\xb8\xb2\xe0\xb8\xa3\xe0\xb8\xad\xe0\xb8\xb1\xe0\xb8\x9b\xe0\xb8\xaa\xe0\xb9\x80\xe0\xb8\x81\xe0\xb8\xa5 DLSS \xe0\xb8\xab\xe0\xb8\xa3\xe0\xb8\xb7\xe0\xb8\xad DLAA \xe0\xb9\x83\xe0\xb8\x99\xe0\xb8\x81\xe0\xb8\xb2\xe0\xb8\xa3\xe0\xb8\x95\xe0\xb8\xb1\xe0\xb9\x89\xe0\xb8\x87\xe0\xb8\x84\xe0\xb9\x88\xe0\xb8\xb2\xe0\xb8\x81\xe0\xb8\xa3\xe0\xb8\xb2\xe0\xb8\x9f\xe0\xb8\xb4\xe0\xb8\x81\xe0\xb8\x82\xe0\xb8\xad\xe0\xb8\x87\xe0\xb9\x80\xe0\xb8\x81\xe0\xb8\xa1 \xe0\xb9\x84\xe0\xb8\xa1\xe0\xb9\x88\xe0\xb9\x83\xe0\xb8\x8a\xe0\xb9\x88\xe0\xb9\x80\xe0\xb8\x9e\xe0\xb8\xb5\xe0\xb8\xa2\xe0\xb8\x87 Frame Generation"},
    {"This card turns green when it works.",
     "\xe0\xb8\x81\xe0\xb8\xb2\xe0\xb8\xa3\xe0\xb9\x8c\xe0\xb8\x94\xe0\xb8\x99\xe0\xb8\xb5\xe0\xb9\x89\xe0\xb8\x88\xe0\xb8\xb0\xe0\xb9\x80\xe0\xb8\x9b\xe0\xb9\x87\xe0\xb8\x99\xe0\xb8\xaa\xe0\xb8\xb5\xe0\xb9\x80\xe0\xb8\x82\xe0\xb8\xb5\xe0\xb8\xa2\xe0\xb8\xa7\xe0\xb9\x80\xe0\xb8\xa1\xe0\xb8\xb7\xe0\xb9\x88\xe0\xb8\xad\xe0\xb8\x97\xe0\xb8\xb3\xe0\xb8\x87\xe0\xb8\xb2\xe0\xb8\x99"},
    {"NR is idle - DLSS upscaling is off",
     "NR \xe0\xb8\xa7\xe0\xb9\x88\xe0\xb8\xb2\xe0\xb8\x87 - \xe0\xb8\x81\xe0\xb8\xb2\xe0\xb8\xa3\xe0\xb8\xad\xe0\xb8\xb1\xe0\xb8\x9b\xe0\xb8\xaa\xe0\xb9\x80\xe0\xb8\x81\xe0\xb8\xa5 DLSS \xe0\xb8\x9b\xe0\xb8\xb4\xe0\xb8\x94\xe0\xb8\xad\xe0\xb8\xa2\xe0\xb8\xb9\xe0\xb9\x88"},
    {"Neural Rendering improves DLSS, so it needs DLSS on.",
     "Neural Rendering \xe0\xb8\x8a\xe0\xb9\x88\xe0\xb8\xa7\xe0\xb8\xa2\xe0\xb8\x9b\xe0\xb8\xa3\xe0\xb8\xb1\xe0\xb8\x9a\xe0\xb8\x9b\xe0\xb8\xa3\xe0\xb8\xb8\xe0\xb8\x87 DLSS \xe0\xb8\x88\xe0\xb8\xb6\xe0\xb8\x87\xe0\xb8\x95\xe0\xb9\x89\xe0\xb8\xad\xe0\xb8\x87\xe0\xb9\x80\xe0\xb8\x9b\xe0\xb8\xb4\xe0\xb8\x94 DLSS"},
    {"Open the game's graphics settings.",
     "\xe0\xb9\x80\xe0\xb8\x9b\xe0\xb8\xb4\xe0\xb8\x94\xe0\xb8\x81\xe0\xb8\xb2\xe0\xb8\xa3\xe0\xb8\x95\xe0\xb8\xb1\xe0\xb9\x89\xe0\xb8\x87\xe0\xb8\x84\xe0\xb9\x88\xe0\xb8\xb2\xe0\xb8\x81\xe0\xb8\xa3\xe0\xb8\xb2\xe0\xb8\x9f\xe0\xb8\xb4\xe0\xb8\x81\xe0\xb8\x82\xe0\xb8\xad\xe0\xb8\x87\xe0\xb9\x80\xe0\xb8\x81\xe0\xb8\xa1"},
    {"Set DLSS or DLAA to any quality mode.",
     "\xe0\xb8\x95\xe0\xb8\xb1\xe0\xb9\x89\xe0\xb8\x87 DLSS \xe0\xb8\xab\xe0\xb8\xa3\xe0\xb8\xb7\xe0\xb8\xad DLAA \xe0\xb9\x80\xe0\xb8\x9b\xe0\xb9\x87\xe0\xb8\x99\xe0\xb9\x82\xe0\xb8\xab\xe0\xb8\xa1\xe0\xb8\x94\xe0\xb8\x84\xe0\xb8\xb8\xe0\xb8\x93\xe0\xb8\xa0\xe0\xb8\xb2\xe0\xb8\x9e\xe0\xb9\x83\xe0\xb8\x94\xe0\xb8\x81\xe0\xb9\x87\xe0\xb9\x84\xe0\xb8\x94\xe0\xb9\x89"},
    {"NR needs the Streamline setting",
     "NR \xe0\xb8\x95\xe0\xb9\x89\xe0\xb8\xad\xe0\xb8\x87\xe0\xb9\x83\xe0\xb8\x8a\xe0\xb9\x89\xe0\xb8\x81\xe0\xb8\xb2\xe0\xb8\xa3\xe0\xb8\x95\xe0\xb8\xb1\xe0\xb9\x89\xe0\xb8\x87\xe0\xb8\x84\xe0\xb9\x88\xe0\xb8\xb2 Streamline"},
    {"This game hands DLSS its inputs through NVIDIA Streamline, which the default hook mode cannot read.",
     "\xe0\xb9\x80\xe0\xb8\x81\xe0\xb8\xa1\xe0\xb8\x99\xe0\xb8\xb5\xe0\xb9\x89\xe0\xb8\xaa\xe0\xb9\x88\xe0\xb8\x87\xe0\xb8\xad\xe0\xb8\xb4\xe0\xb8\x99\xe0\xb8\x9e\xe0\xb8\xb8\xe0\xb8\x95\xe0\xb9\x83\xe0\xb8\xab\xe0\xb9\x89 DLSS \xe0\xb8\x9c\xe0\xb9\x88\xe0\xb8\xb2\xe0\xb8\x99 NVIDIA Streamline \xe0\xb8\x8b\xe0\xb8\xb6\xe0\xb9\x88\xe0\xb8\x87\xe0\xb9\x82\xe0\xb8\xab\xe0\xb8\xa1\xe0\xb8\x94\xe0\xb8\xae\xe0\xb8\xb8\xe0\xb8\x81\xe0\xb9\x80\xe0\xb8\xa3\xe0\xb8\xb4\xe0\xb9\x88\xe0\xb8\xa1\xe0\xb8\x95\xe0\xb9\x89\xe0\xb8\x99\xe0\xb8\xad\xe0\xb9\x88\xe0\xb8\xb2\xe0\xb8\x99\xe0\xb9\x84\xe0\xb8\xa1\xe0\xb9\x88\xe0\xb9\x84\xe0\xb8\x94\xe0\xb9\x89"},
    {"This game runs DLSS entirely through NVIDIA Streamline, which the default hook mode cannot see.",
     "\xe0\xb9\x80\xe0\xb8\x81\xe0\xb8\xa1\xe0\xb8\x99\xe0\xb8\xb5\xe0\xb9\x89\xe0\xb9\x83\xe0\xb8\x8a\xe0\xb9\x89 DLSS \xe0\xb8\x9c\xe0\xb9\x88\xe0\xb8\xb2\xe0\xb8\x99 NVIDIA Streamline \xe0\xb8\x97\xe0\xb8\xb1\xe0\xb9\x89\xe0\xb8\x87\xe0\xb8\xab\xe0\xb8\xa1\xe0\xb8\x94 \xe0\xb8\x8b\xe0\xb8\xb6\xe0\xb9\x88\xe0\xb8\x87\xe0\xb9\x82\xe0\xb8\xab\xe0\xb8\xa1\xe0\xb8\x94\xe0\xb8\xae\xe0\xb8\xb8\xe0\xb8\x81\xe0\xb9\x80\xe0\xb8\xa3\xe0\xb8\xb4\xe0\xb9\x88\xe0\xb8\xa1\xe0\xb8\x95\xe0\xb9\x89\xe0\xb8\x99\xe0\xb8\xa1\xe0\xb8\xad\xe0\xb8\x87\xe0\xb9\x84\xe0\xb8\xa1\xe0\xb9\x88\xe0\xb9\x80\xe0\xb8\xab\xe0\xb9\x87\xe0\xb8\x99"},
    {"Set EnableHooks=1 in the [RenoDX.DLSS5] section of ReShade.ini.",
     "\xe0\xb8\x95\xe0\xb8\xb1\xe0\xb9\x89\xe0\xb8\x87 EnableHooks=1 \xe0\xb9\x83\xe0\xb8\x99\xe0\xb8\xaa\xe0\xb9\x88\xe0\xb8\xa7\xe0\xb8\x99 [RenoDX.DLSS5] \xe0\xb8\x82\xe0\xb8\xad\xe0\xb8\x87 ReShade.ini"},
    {"Starting...",
     "\xe0\xb8\x81\xe0\xb8\xb3\xe0\xb8\xa5\xe0\xb8\xb1\xe0\xb8\x87\xe0\xb9\x80\xe0\xb8\xa3\xe0\xb8\xb4\xe0\xb9\x88\xe0\xb8\xa1..."},
    {"Waiting for the game to run DLSS.",
     "\xe0\xb8\x81\xe0\xb8\xb3\xe0\xb8\xa5\xe0\xb8\xb1\xe0\xb8\x87\xe0\xb8\xa3\xe0\xb8\xad\xe0\xb9\x83\xe0\xb8\xab\xe0\xb9\x89\xe0\xb9\x80\xe0\xb8\x81\xe0\xb8\xa1\xe0\xb9\x80\xe0\xb8\xa3\xe0\xb8\xb5\xe0\xb8\xa2\xe0\xb8\x81\xe0\xb9\x83\xe0\xb8\x8a\xe0\xb9\x89 DLSS"},
    {"DLSS is running; Neural Rendering is getting ready.",
     "DLSS \xe0\xb8\x97\xe0\xb8\xb3\xe0\xb8\x87\xe0\xb8\xb2\xe0\xb8\x99\xe0\xb8\xad\xe0\xb8\xa2\xe0\xb8\xb9\xe0\xb9\x88 Neural Rendering \xe0\xb8\x81\xe0\xb8\xb3\xe0\xb8\xa5\xe0\xb8\xb1\xe0\xb8\x87\xe0\xb9\x80\xe0\xb8\x95\xe0\xb8\xa3\xe0\xb8\xb5\xe0\xb8\xa2\xe0\xb8\xa1\xe0\xb8\x9e\xe0\xb8\xa3\xe0\xb9\x89\xe0\xb8\xad\xe0\xb8\xa1"},
    {"This game isn't using DLSS",
     "\xe0\xb9\x80\xe0\xb8\x81\xe0\xb8\xa1\xe0\xb8\x99\xe0\xb8\xb5\xe0\xb9\x89\xe0\xb9\x84\xe0\xb8\xa1\xe0\xb9\x88\xe0\xb9\x84\xe0\xb8\x94\xe0\xb9\x89\xe0\xb9\x83\xe0\xb8\x8a\xe0\xb9\x89 DLSS"},
    {"No NVIDIA DLSS module has loaded, so Neural Rendering stays idle. Nothing is broken.",
     "\xe0\xb9\x84\xe0\xb8\xa1\xe0\xb9\x88\xe0\xb8\xa1\xe0\xb8\xb5\xe0\xb9\x82\xe0\xb8\xa1\xe0\xb8\x94\xe0\xb8\xb9\xe0\xb8\xa5 NVIDIA DLSS \xe0\xb9\x82\xe0\xb8\xab\xe0\xb8\xa5\xe0\xb8\x94\xe0\xb8\xad\xe0\xb8\xa2\xe0\xb8\xb9\xe0\xb9\x88 Neural Rendering \xe0\xb8\x88\xe0\xb8\xb6\xe0\xb8\x87\xe0\xb8\xad\xe0\xb8\xa2\xe0\xb8\xb9\xe0\xb9\x88\xe0\xb9\x83\xe0\xb8\x99\xe0\xb8\xaa\xe0\xb8\x96\xe0\xb8\xb2\xe0\xb8\x99\xe0\xb8\xb0\xe0\xb8\xa7\xe0\xb9\x88\xe0\xb8\xb2\xe0\xb8\x87 \xe0\xb9\x84\xe0\xb8\xa1\xe0\xb9\x88\xe0\xb8\xa1\xe0\xb8\xb5\xe0\xb8\xad\xe0\xb8\xb0\xe0\xb9\x84\xe0\xb8\xa3\xe0\xb9\x80\xe0\xb8\xaa\xe0\xb8\xb5\xe0\xb8\xa2"},
    {"%s%s%llu frames enhanced this session",
     "%s%s\xe0\xb9\x80\xe0\xb8\x9e\xe0\xb8\xb4\xe0\xb9\x88\xe0\xb8\xa1\xe0\xb8\x84\xe0\xb8\xb8\xe0\xb8\x93\xe0\xb8\xa0\xe0\xb8\xb2\xe0\xb8\x9e\xe0\xb9\x81\xe0\xb8\xa5\xe0\xb9\x89\xe0\xb8\xa7 %llu \xe0\xb9\x80\xe0\xb8\x9f\xe0\xb8\xa3\xe0\xb8\xa1\xe0\xb9\x83\xe0\xb8\x99\xe0\xb9\x80\xe0\xb8\x8b\xe0\xb8\xaa\xe0\xb8\x8a\xe0\xb8\xb1\xe0\xb8\x99\xe0\xb8\x99\xe0\xb8\xb5\xe0\xb9\x89"},
    {"%s%sEnhancing %llu of %llu frames",
     "%s%s\xe0\xb8\x81\xe0\xb8\xb3\xe0\xb8\xa5\xe0\xb8\xb1\xe0\xb8\x87\xe0\xb9\x80\xe0\xb8\x9e\xe0\xb8\xb4\xe0\xb9\x88\xe0\xb8\xa1\xe0\xb8\x84\xe0\xb8\xb8\xe0\xb8\x93\xe0\xb8\xa0\xe0\xb8\xb2\xe0\xb8\x9e %llu \xe0\xb8\x88\xe0\xb8\xb2\xe0\xb8\x81 %llu \xe0\xb9\x80\xe0\xb8\x9f\xe0\xb8\xa3\xe0\xb8\xa1"},
    {"Turn on",
     "\xe0\xb9\x80\xe0\xb8\x9b\xe0\xb8\xb4\xe0\xb8\x94"},
    {"Open Diagnostics",
     "\xe0\xb9\x80\xe0\xb8\x9b\xe0\xb8\xb4\xe0\xb8\x94 \xe0\xb8\x81\xe0\xb8\xb2\xe0\xb8\xa3\xe0\xb8\xa7\xe0\xb8\xb4\xe0\xb8\x99\xe0\xb8\xb4\xe0\xb8\x88\xe0\xb8\x89\xe0\xb8\xb1\xe0\xb8\xa2"},
    {"Got it",
     "\xe0\xb9\x80\xe0\xb8\x82\xe0\xb9\x89\xe0\xb8\xb2\xe0\xb9\x83\xe0\xb8\x88\xe0\xb9\x81\xe0\xb8\xa5\xe0\xb9\x89\xe0\xb8\xa7"},
    {"Reset to default (%s)",
     "\xe0\xb8\xa3\xe0\xb8\xb5\xe0\xb9\x80\xe0\xb8\x8b\xe0\xb9\x87\xe0\xb8\x95\xe0\xb9\x80\xe0\xb8\x9b\xe0\xb9\x87\xe0\xb8\x99\xe0\xb8\x84\xe0\xb9\x88\xe0\xb8\xb2\xe0\xb9\x80\xe0\xb8\xa3\xe0\xb8\xb4\xe0\xb9\x88\xe0\xb8\xa1\xe0\xb8\x95\xe0\xb9\x89\xe0\xb8\x99 (%s)"},
    {"Custom",
     "\xe0\xb8\x81\xe0\xb8\xb3\xe0\xb8\xab\xe0\xb8\x99\xe0\xb8\x94\xe0\xb9\x80\xe0\xb8\xad\xe0\xb8\x87"},
    {"on",
     "\xe0\xb9\x80\xe0\xb8\x9b\xe0\xb8\xb4\xe0\xb8\x94"},
    {"off",
     "\xe0\xb8\x9b\xe0\xb8\xb4\xe0\xb8\x94"},
    {"Default",
     "\xe0\xb8\x84\xe0\xb9\x88\xe0\xb8\xb2\xe0\xb9\x80\xe0\xb8\xa3\xe0\xb8\xb4\xe0\xb9\x88\xe0\xb8\xa1\xe0\xb8\x95\xe0\xb9\x89\xe0\xb8\x99"},
    {"Natural",
     "\xe0\xb8\x98\xe0\xb8\xa3\xe0\xb8\xa3\xe0\xb8\xa1\xe0\xb8\x8a\xe0\xb8\xb2\xe0\xb8\x95\xe0\xb8\xb4"},
    {"Cinematic",
     "\xe0\xb8\xa0\xe0\xb8\xb2\xe0\xb8\x9e\xe0\xb8\xa2\xe0\xb8\x99\xe0\xb8\x95\xe0\xb8\xa3\xe0\xb9\x8c"},
    {"Style",
     "\xe0\xb8\xaa\xe0\xb9\x84\xe0\xb8\x95\xe0\xb8\xa5\xe0\xb9\x8c"},
    {"Default = the runtime's own choice; Natural and Cinematic force that look explicitly.",
     "\xe0\xb8\x84\xe0\xb9\x88\xe0\xb8\xb2\xe0\xb9\x80\xe0\xb8\xa3\xe0\xb8\xb4\xe0\xb9\x88\xe0\xb8\xa1\xe0\xb8\x95\xe0\xb9\x89\xe0\xb8\x99 = \xe0\xb8\x95\xe0\xb8\xb1\xe0\xb8\xa7\xe0\xb9\x80\xe0\xb8\xa5\xe0\xb8\xb7\xe0\xb8\xad\xe0\xb8\x81\xe0\xb8\x82\xe0\xb8\xad\xe0\xb8\x87\xe0\xb8\xa3\xe0\xb8\xb1\xe0\xb8\x99\xe0\xb9\x84\xe0\xb8\x97\xe0\xb8\xa1\xe0\xb9\x8c\xe0\xb9\x80\xe0\xb8\xad\xe0\xb8\x87 \xe0\xb8\x98\xe0\xb8\xa3\xe0\xb8\xa3\xe0\xb8\xa1\xe0\xb8\x8a\xe0\xb8\xb2\xe0\xb8\x95\xe0\xb8\xb4 \xe0\xb9\x81\xe0\xb8\xa5\xe0\xb8\xb0 \xe0\xb8\xa0\xe0\xb8\xb2\xe0\xb8\x9e\xe0\xb8\xa2\xe0\xb8\x99\xe0\xb8\x95\xe0\xb8\xa3\xe0\xb9\x8c \xe0\xb8\x9a\xe0\xb8\xb1\xe0\xb8\x87\xe0\xb8\x84\xe0\xb8\xb1\xe0\xb8\x9a\xe0\xb9\x83\xe0\xb8\x8a\xe0\xb9\x89\xe0\xb8\xa5\xe0\xb8\xb8\xe0\xb8\x84\xe0\xb8\x99\xe0\xb8\xb1\xe0\xb9\x89\xe0\xb8\x99\xe0\xb9\x82\xe0\xb8\x94\xe0\xb8\xa2\xe0\xb8\x95\xe0\xb8\xa3\xe0\xb8\x87"},
    {"Local tone",
     "\xe0\xb9\x82\xe0\xb8\x97\xe0\xb8\x99\xe0\xb9\x80\xe0\xb8\x89\xe0\xb8\x9e\xe0\xb8\xb2\xe0\xb8\xb0\xe0\xb8\x97\xe0\xb8\xb5\xe0\xb9\x88"},
    {"Tone strength of the neural pass region by region.",
     "\xe0\xb8\x84\xe0\xb8\xa7\xe0\xb8\xb2\xe0\xb8\xa1\xe0\xb9\x81\xe0\xb8\xa3\xe0\xb8\x87\xe0\xb8\x82\xe0\xb8\xad\xe0\xb8\x87\xe0\xb9\x82\xe0\xb8\x97\xe0\xb8\x99\xe0\xb8\x88\xe0\xb8\xb2\xe0\xb8\x81\xe0\xb8\x9e\xe0\xb8\xb2\xe0\xb8\xaa\xe0\xb8\x99\xe0\xb8\xb4\xe0\xb8\xa7\xe0\xb8\xa3\xe0\xb8\xb1\xe0\xb8\xa5\xe0\xb9\x81\xe0\xb8\xa2\xe0\xb8\x81\xe0\xb8\x95\xe0\xb8\xb2\xe0\xb8\xa1\xe0\xb9\x81\xe0\xb8\x95\xe0\xb9\x88\xe0\xb8\xa5\xe0\xb8\xb0\xe0\xb8\x9a\xe0\xb8\xa3\xe0\xb8\xb4\xe0\xb9\x80\xe0\xb8\xa7\xe0\xb8\x93"},
    {"Structure",
     "\xe0\xb9\x82\xe0\xb8\x84\xe0\xb8\xa3\xe0\xb8\x87\xe0\xb8\xaa\xe0\xb8\xa3\xe0\xb9\x89\xe0\xb8\xb2\xe0\xb8\x87"},
    {"Strength of the neural pass on fine structure and detail.  It changes what the model makes and restarts it; Fine detail below reshapes what it made, live.",
     "\xe0\xb8\x84\xe0\xb8\xa7\xe0\xb8\xb2\xe0\xb8\xa1\xe0\xb9\x81\xe0\xb8\xa3\xe0\xb8\x87\xe0\xb8\x82\xe0\xb8\xad\xe0\xb8\x87\xe0\xb8\x9e\xe0\xb8\xb2\xe0\xb8\xaa\xe0\xb8\x99\xe0\xb8\xb4\xe0\xb8\xa7\xe0\xb8\xa3\xe0\xb8\xb1\xe0\xb8\xa5\xe0\xb8\x95\xe0\xb9\x88\xe0\xb8\xad\xe0\xb9\x82\xe0\xb8\x84\xe0\xb8\xa3\xe0\xb8\x87\xe0\xb8\xaa\xe0\xb8\xa3\xe0\xb9\x89\xe0\xb8\xb2\xe0\xb8\x87\xe0\xb9\x81\xe0\xb8\xa5\xe0\xb8\xb0\xe0\xb8\xa3\xe0\xb8\xb2\xe0\xb8\xa2\xe0\xb8\xa5\xe0\xb8\xb0\xe0\xb9\x80\xe0\xb8\xad\xe0\xb8\xb5\xe0\xb8\xa2\xe0\xb8\x94\xe0\xb9\x80\xe0\xb8\xa5\xe0\xb9\x87\xe0\xb8\x81\xe0\xb9\x86 \xe0\xb9\x80\xe0\xb8\x9b\xe0\xb8\xa5\xe0\xb8\xb5\xe0\xb9\x88\xe0\xb8\xa2\xe0\xb8\x99\xe0\xb8\xaa\xe0\xb8\xb4\xe0\xb9\x88\xe0\xb8\x87\xe0\xb8\x97\xe0\xb8\xb5\xe0\xb9\x88\xe0\xb9\x82\xe0\xb8\xa1\xe0\xb9\x80\xe0\xb8\x94\xe0\xb8\xa5\xe0\xb8\xaa\xe0\xb8\xa3\xe0\xb9\x89\xe0\xb8\xb2\xe0\xb8\x87\xe0\xb9\x81\xe0\xb8\xa5\xe0\xb8\xb0\xe0\xb9\x80\xe0\xb8\xa3\xe0\xb8\xb4\xe0\xb9\x88\xe0\xb8\xa1\xe0\xb9\x82\xe0\xb8\xa1\xe0\xb9\x80\xe0\xb8\x94\xe0\xb8\xa5\xe0\xb9\x83\xe0\xb8\xab\xe0\xb8\xa1\xe0\xb9\x88 \xe0\xb8\xaa\xe0\xb9\x88\xe0\xb8\xa7\xe0\xb8\x99 \xe0\xb8\xa3\xe0\xb8\xb2\xe0\xb8\xa2\xe0\xb8\xa5\xe0\xb8\xb0\xe0\xb9\x80\xe0\xb8\xad\xe0\xb8\xb5\xe0\xb8\xa2\xe0\xb8\x94\xe0\xb9\x80\xe0\xb8\xa5\xe0\xb9\x87\xe0\xb8\x81 \xe0\xb8\x94\xe0\xb9\x89\xe0\xb8\xb2\xe0\xb8\x99\xe0\xb8\xa5\xe0\xb9\x88\xe0\xb8\xb2\xe0\xb8\x87\xe0\xb8\x88\xe0\xb8\xb0\xe0\xb8\x9b\xe0\xb8\xa3\xe0\xb8\xb1\xe0\xb8\x9a\xe0\xb8\xaa\xe0\xb8\xb4\xe0\xb9\x88\xe0\xb8\x87\xe0\xb8\x97\xe0\xb8\xb5\xe0\xb9\x88\xe0\xb8\xaa\xe0\xb8\xa3\xe0\xb9\x89\xe0\xb8\xb2\xe0\xb8\x87\xe0\xb9\x81\xe0\xb8\xa5\xe0\xb9\x89\xe0\xb8\xa7\xe0\xb9\x81\xe0\xb8\x9a\xe0\xb8\x9a\xe0\xb8\xaa\xe0\xb8\x94"},
    {"sent as 1.00: higher values are ignored",
     "\xe0\xb8\xaa\xe0\xb9\x88\xe0\xb8\x87\xe0\xb9\x80\xe0\xb8\x9b\xe0\xb9\x87\xe0\xb8\x99 1.00: \xe0\xb8\x84\xe0\xb9\x88\xe0\xb8\xb2\xe0\xb8\x97\xe0\xb8\xb5\xe0\xb9\x88\xe0\xb8\xaa\xe0\xb8\xb9\xe0\xb8\x87\xe0\xb8\x81\xe0\xb8\xa7\xe0\xb9\x88\xe0\xb8\xb2\xe0\xb8\x88\xe0\xb8\xb0\xe0\xb8\x96\xe0\xb8\xb9\xe0\xb8\x81\xe0\xb8\xa5\xe0\xb8\xb0\xe0\xb9\x80\xe0\xb8\xa7\xe0\xb9\x89\xe0\xb8\x99"},
    {"Character / skin",
     "\xe0\xb8\x95\xe0\xb8\xb1\xe0\xb8\xa7\xe0\xb8\xa5\xe0\xb8\xb0\xe0\xb8\x84\xe0\xb8\xa3 / \xe0\xb8\x9c\xe0\xb8\xb4\xe0\xb8\xa7"},
    {"How much the model reworks the skin of the people the Character mask finds: 0 is the least, 1 is stock.  Rough skin gains texture, smooth skin is evened out.",
     "\xe0\xb8\xa3\xe0\xb8\xb0\xe0\xb8\x94\xe0\xb8\xb1\xe0\xb8\x9a\xe0\xb8\x97\xe0\xb8\xb5\xe0\xb9\x88\xe0\xb9\x82\xe0\xb8\xa1\xe0\xb9\x80\xe0\xb8\x94\xe0\xb8\xa5\xe0\xb8\x9b\xe0\xb8\xa3\xe0\xb8\xb1\xe0\xb8\x9a\xe0\xb9\x81\xe0\xb8\x95\xe0\xb9\x88\xe0\xb8\x87\xe0\xb8\x9c\xe0\xb8\xb4\xe0\xb8\xa7\xe0\xb8\x82\xe0\xb8\xad\xe0\xb8\x87\xe0\xb8\x84\xe0\xb8\x99\xe0\xb8\x97\xe0\xb8\xb5\xe0\xb9\x88 \xe0\xb8\xa1\xe0\xb8\xb2\xe0\xb8\xaa\xe0\xb8\x81\xe0\xb9\x8c\xe0\xb8\x95\xe0\xb8\xb1\xe0\xb8\xa7\xe0\xb8\xa5\xe0\xb8\xb0\xe0\xb8\x84\xe0\xb8\xa3 \xe0\xb8\x9e\xe0\xb8\x9a: 0 \xe0\xb8\x84\xe0\xb8\xb7\xe0\xb8\xad\xe0\xb8\x99\xe0\xb9\x89\xe0\xb8\xad\xe0\xb8\xa2\xe0\xb8\x97\xe0\xb8\xb5\xe0\xb9\x88\xe0\xb8\xaa\xe0\xb8\xb8\xe0\xb8\x94 1 \xe0\xb8\x84\xe0\xb8\xb7\xe0\xb8\xad\xe0\xb8\x84\xe0\xb9\x88\xe0\xb8\xb2\xe0\xb9\x80\xe0\xb8\xa3\xe0\xb8\xb4\xe0\xb9\x88\xe0\xb8\xa1\xe0\xb8\x95\xe0\xb9\x89\xe0\xb8\x99 \xe0\xb8\x9c\xe0\xb8\xb4\xe0\xb8\xa7\xe0\xb8\xab\xe0\xb8\xa2\xe0\xb8\xb2\xe0\xb8\x9a\xe0\xb8\x88\xe0\xb8\xb0\xe0\xb9\x84\xe0\xb8\x94\xe0\xb9\x89\xe0\xb8\x9e\xe0\xb8\xb7\xe0\xb9\x89\xe0\xb8\x99\xe0\xb8\x9c\xe0\xb8\xb4\xe0\xb8\xa7\xe0\xb9\x80\xe0\xb8\x9e\xe0\xb8\xb4\xe0\xb9\x88\xe0\xb8\xa1 \xe0\xb8\x9c\xe0\xb8\xb4\xe0\xb8\xa7\xe0\xb9\x80\xe0\xb8\xa3\xe0\xb8\xb5\xe0\xb8\xa2\xe0\xb8\x9a\xe0\xb8\x88\xe0\xb8\xb0\xe0\xb8\x96\xe0\xb8\xb9\xe0\xb8\x81\xe0\xb8\x9b\xe0\xb8\xa3\xe0\xb8\xb1\xe0\xb8\x9a\xe0\xb9\x83\xe0\xb8\xab\xe0\xb9\x89\xe0\xb8\xaa\xe0\xb8\xa1\xe0\xb9\x88\xe0\xb8\xb3\xe0\xb9\x80\xe0\xb8\xaa\xe0\xb8\xa1\xe0\xb8\xad"},
    {"Needs the Character mask: without it the model finds no skin and ignores this setting.",
     "\xe0\xb8\x95\xe0\xb9\x89\xe0\xb8\xad\xe0\xb8\x87\xe0\xb9\x83\xe0\xb8\x8a\xe0\xb9\x89 \xe0\xb8\xa1\xe0\xb8\xb2\xe0\xb8\xaa\xe0\xb8\x81\xe0\xb9\x8c\xe0\xb8\x95\xe0\xb8\xb1\xe0\xb8\xa7\xe0\xb8\xa5\xe0\xb8\xb0\xe0\xb8\x84\xe0\xb8\xa3: \xe0\xb8\xab\xe0\xb8\xb2\xe0\xb8\x81\xe0\xb9\x84\xe0\xb8\xa1\xe0\xb9\x88\xe0\xb8\xa1\xe0\xb8\xb5 \xe0\xb9\x82\xe0\xb8\xa1\xe0\xb9\x80\xe0\xb8\x94\xe0\xb8\xa5\xe0\xb8\x88\xe0\xb8\xb0\xe0\xb9\x84\xe0\xb8\xa1\xe0\xb9\x88\xe0\xb8\x9e\xe0\xb8\x9a\xe0\xb8\x9c\xe0\xb8\xb4\xe0\xb8\xa7\xe0\xb9\x81\xe0\xb8\xa5\xe0\xb8\xb0\xe0\xb8\x88\xe0\xb8\xb0\xe0\xb9\x84\xe0\xb8\xa1\xe0\xb9\x88\xe0\xb8\xaa\xe0\xb8\x99\xe0\xb9\x83\xe0\xb8\x88\xe0\xb8\x81\xe0\xb8\xb2\xe0\xb8\xa3\xe0\xb8\x95\xe0\xb8\xb1\xe0\xb9\x89\xe0\xb8\x87\xe0\xb8\x84\xe0\xb9\x88\xe0\xb8\xb2\xe0\xb8\x99\xe0\xb8\xb5\xe0\xb9\x89"},
    {"%.2f (stock)",
     "%.2f (\xe0\xb8\x84\xe0\xb9\x88\xe0\xb8\xb2\xe0\xb9\x80\xe0\xb8\xa3\xe0\xb8\xb4\xe0\xb9\x88\xe0\xb8\xa1\xe0\xb8\x95\xe0\xb9\x89\xe0\xb8\x99)"},
    {"%.2f = Structure",
     "%.2f = \xe0\xb9\x82\xe0\xb8\x84\xe0\xb8\xa3\xe0\xb8\x87\xe0\xb8\xaa\xe0\xb8\xa3\xe0\xb9\x89\xe0\xb8\xb2\xe0\xb8\x87"},
    {"Character mask",
     "\xe0\xb8\xa1\xe0\xb8\xb2\xe0\xb8\xaa\xe0\xb8\x81\xe0\xb9\x8c\xe0\xb8\x95\xe0\xb8\xb1\xe0\xb8\xa7\xe0\xb8\xa5\xe0\xb8\xb0\xe0\xb8\x84\xe0\xb8\xa3"},
    {"Lets the runtime find people, so Character / skin applies to their skin.  It also changes the rest of the picture slightly: brightness by about 2 percent on game frames.",
     "\xe0\xb9\x83\xe0\xb8\xab\xe0\xb9\x89\xe0\xb8\xa3\xe0\xb8\xb1\xe0\xb8\x99\xe0\xb9\x84\xe0\xb8\x97\xe0\xb8\xa1\xe0\xb9\x8c\xe0\xb8\x84\xe0\xb9\x89\xe0\xb8\x99\xe0\xb8\xab\xe0\xb8\xb2\xe0\xb8\x84\xe0\xb8\x99 \xe0\xb9\x80\xe0\xb8\x9e\xe0\xb8\xb7\xe0\xb9\x88\xe0\xb8\xad\xe0\xb9\x83\xe0\xb8\xab\xe0\xb9\x89 \xe0\xb8\x95\xe0\xb8\xb1\xe0\xb8\xa7\xe0\xb8\xa5\xe0\xb8\xb0\xe0\xb8\x84\xe0\xb8\xa3 / \xe0\xb8\x9c\xe0\xb8\xb4\xe0\xb8\xa7 \xe0\xb8\xa1\xe0\xb8\xb5\xe0\xb8\x9c\xe0\xb8\xa5\xe0\xb8\x81\xe0\xb8\xb1\xe0\xb8\x9a\xe0\xb8\x9c\xe0\xb8\xb4\xe0\xb8\xa7\xe0\xb8\x82\xe0\xb8\xad\xe0\xb8\x87\xe0\xb8\x9e\xe0\xb8\xa7\xe0\xb8\x81\xe0\xb9\x80\xe0\xb8\x82\xe0\xb8\xb2 \xe0\xb9\x81\xe0\xb8\xa5\xe0\xb8\xb0\xe0\xb8\xa2\xe0\xb8\xb1\xe0\xb8\x87\xe0\xb9\x80\xe0\xb8\x9b\xe0\xb8\xa5\xe0\xb8\xb5\xe0\xb9\x88\xe0\xb8\xa2\xe0\xb8\x99\xe0\xb8\xaa\xe0\xb9\x88\xe0\xb8\xa7\xe0\xb8\x99\xe0\xb8\xad\xe0\xb8\xb7\xe0\xb9\x88\xe0\xb8\x99\xe0\xb8\x82\xe0\xb8\xad\xe0\xb8\x87\xe0\xb8\xa0\xe0\xb8\xb2\xe0\xb8\x9e\xe0\xb9\x80\xe0\xb8\xa5\xe0\xb9\x87\xe0\xb8\x81\xe0\xb8\x99\xe0\xb9\x89\xe0\xb8\xad\xe0\xb8\xa2: \xe0\xb8\x84\xe0\xb8\xa7\xe0\xb8\xb2\xe0\xb8\xa1\xe0\xb8\xaa\xe0\xb8\xa7\xe0\xb9\x88\xe0\xb8\xb2\xe0\xb8\x87\xe0\xb8\x9b\xe0\xb8\xa3\xe0\xb8\xb0\xe0\xb8\xa1\xe0\xb8\xb2\xe0\xb8\x93 2 \xe0\xb9\x80\xe0\xb8\x9b\xe0\xb8\xad\xe0\xb8\xa3\xe0\xb9\x8c\xe0\xb9\x80\xe0\xb8\x8b\xe0\xb9\x87\xe0\xb8\x99\xe0\xb8\x95\xe0\xb9\x8c\xe0\xb9\x83\xe0\xb8\x99\xe0\xb9\x80\xe0\xb8\x9f\xe0\xb8\xa3\xe0\xb8\xa1\xe0\xb9\x80\xe0\xb8\x81\xe0\xb8\xa1"},
    {"Independent skin",
     "\xe0\xb8\x9c\xe0\xb8\xb4\xe0\xb8\xa7\xe0\xb8\xad\xe0\xb8\xb4\xe0\xb8\xaa\xe0\xb8\xa3\xe0\xb8\xb0"},
    {"With the Character mask on, skin keeps its Character / skin setting when Structure changes, in every stack pass.  Structure is then sent at most 1, because above 1 the model ignores Character / skin; below 1 it still reaches faces through the model itself.  Off sends both as they are, as before rc11.",
     "\xe0\xb9\x80\xe0\xb8\xa1\xe0\xb8\xb7\xe0\xb9\x88\xe0\xb8\xad\xe0\xb9\x80\xe0\xb8\x9b\xe0\xb8\xb4\xe0\xb8\x94 \xe0\xb8\xa1\xe0\xb8\xb2\xe0\xb8\xaa\xe0\xb8\x81\xe0\xb9\x8c\xe0\xb8\x95\xe0\xb8\xb1\xe0\xb8\xa7\xe0\xb8\xa5\xe0\xb8\xb0\xe0\xb8\x84\xe0\xb8\xa3 \xe0\xb8\x9c\xe0\xb8\xb4\xe0\xb8\xa7\xe0\xb8\x88\xe0\xb8\xb0\xe0\xb8\x84\xe0\xb8\x87\xe0\xb8\x84\xe0\xb9\x88\xe0\xb8\xb2 \xe0\xb8\x95\xe0\xb8\xb1\xe0\xb8\xa7\xe0\xb8\xa5\xe0\xb8\xb0\xe0\xb8\x84\xe0\xb8\xa3 / \xe0\xb8\x9c\xe0\xb8\xb4\xe0\xb8\xa7 \xe0\xb8\x82\xe0\xb8\xad\xe0\xb8\x87\xe0\xb8\x95\xe0\xb8\xb1\xe0\xb8\xa7\xe0\xb9\x80\xe0\xb8\xad\xe0\xb8\x87\xe0\xb9\x84\xe0\xb8\xa7\xe0\xb9\x89\xe0\xb9\x80\xe0\xb8\xa1\xe0\xb8\xb7\xe0\xb9\x88\xe0\xb8\xad \xe0\xb9\x82\xe0\xb8\x84\xe0\xb8\xa3\xe0\xb8\x87\xe0\xb8\xaa\xe0\xb8\xa3\xe0\xb9\x89\xe0\xb8\xb2\xe0\xb8\x87 \xe0\xb9\x80\xe0\xb8\x9b\xe0\xb8\xa5\xe0\xb8\xb5\xe0\xb9\x88\xe0\xb8\xa2\xe0\xb8\x99 \xe0\xb9\x83\xe0\xb8\x99\xe0\xb8\x97\xe0\xb8\xb8\xe0\xb8\x81\xe0\xb8\x9e\xe0\xb8\xb2\xe0\xb8\xaa\xe0\xb8\x97\xe0\xb8\xb5\xe0\xb9\x88\xe0\xb8\x8b\xe0\xb9\x89\xe0\xb8\xad\xe0\xb8\x99 \xe0\xb8\x88\xe0\xb8\xb2\xe0\xb8\x81\xe0\xb8\x99\xe0\xb8\xb1\xe0\xb9\x89\xe0\xb8\x99 \xe0\xb9\x82\xe0\xb8\x84\xe0\xb8\xa3\xe0\xb8\x87\xe0\xb8\xaa\xe0\xb8\xa3\xe0\xb9\x89\xe0\xb8\xb2\xe0\xb8\x87 \xe0\xb8\x88\xe0\xb8\xb0\xe0\xb8\x96\xe0\xb8\xb9\xe0\xb8\x81\xe0\xb8\xaa\xe0\xb9\x88\xe0\xb8\x87\xe0\xb9\x84\xe0\xb8\xa1\xe0\xb9\x88\xe0\xb9\x80\xe0\xb8\x81\xe0\xb8\xb4\xe0\xb8\x99 1 \xe0\xb9\x80\xe0\xb8\x9e\xe0\xb8\xa3\xe0\xb8\xb2\xe0\xb8\xb0\xe0\xb9\x80\xe0\xb8\xa1\xe0\xb8\xb7\xe0\xb9\x88\xe0\xb8\xad\xe0\xb9\x80\xe0\xb8\x81\xe0\xb8\xb4\xe0\xb8\x99 1 \xe0\xb9\x82\xe0\xb8\xa1\xe0\xb9\x80\xe0\xb8\x94\xe0\xb8\xa5\xe0\xb8\x88\xe0\xb8\xb0\xe0\xb9\x84\xe0\xb8\xa1\xe0\xb9\x88\xe0\xb8\xaa\xe0\xb8\x99\xe0\xb9\x83\xe0\xb8\x88 \xe0\xb8\x95\xe0\xb8\xb1\xe0\xb8\xa7\xe0\xb8\xa5\xe0\xb8\xb0\xe0\xb8\x84\xe0\xb8\xa3 / \xe0\xb8\x9c\xe0\xb8\xb4\xe0\xb8\xa7 \xe0\xb8\xaa\xe0\xb9\x88\xe0\xb8\xa7\xe0\xb8\x99\xe0\xb8\x95\xe0\xb9\x88\xe0\xb8\xb3\xe0\xb8\x81\xe0\xb8\xa7\xe0\xb9\x88\xe0\xb8\xb2 1 \xe0\xb8\xa2\xe0\xb8\xb1\xe0\xb8\x87\xe0\xb8\xaa\xe0\xb9\x88\xe0\xb8\x87\xe0\xb8\x9c\xe0\xb8\xa5\xe0\xb8\x95\xe0\xb9\x88\xe0\xb8\xad\xe0\xb9\x83\xe0\xb8\x9a\xe0\xb8\xab\xe0\xb8\x99\xe0\xb9\x89\xe0\xb8\xb2\xe0\xb8\x9c\xe0\xb9\x88\xe0\xb8\xb2\xe0\xb8\x99\xe0\xb8\x95\xe0\xb8\xb1\xe0\xb8\xa7\xe0\xb9\x82\xe0\xb8\xa1\xe0\xb9\x80\xe0\xb8\x94\xe0\xb8\xa5\xe0\xb9\x80\xe0\xb8\xad\xe0\xb8\x87 \xe0\xb8\x9b\xe0\xb8\xb4\xe0\xb8\x94 \xe0\xb8\x88\xe0\xb8\xb0\xe0\xb8\xaa\xe0\xb9\x88\xe0\xb8\x87\xe0\xb8\x97\xe0\xb8\xb1\xe0\xb9\x89\xe0\xb8\x87\xe0\xb8\xaa\xe0\xb8\xad\xe0\xb8\x87\xe0\xb8\x84\xe0\xb9\x88\xe0\xb8\xb2\xe0\xb8\x95\xe0\xb8\xb2\xe0\xb8\xa1\xe0\xb9\x80\xe0\xb8\x94\xe0\xb8\xb4\xe0\xb8\xa1 \xe0\xb9\x80\xe0\xb8\xab\xe0\xb8\xa1\xe0\xb8\xb7\xe0\xb8\xad\xe0\xb8\x99\xe0\xb8\x81\xe0\xb9\x88\xe0\xb8\xad\xe0\xb8\x99 rc11"},
    {"UI correction",
     "\xe0\xb9\x81\xe0\xb8\x81\xe0\xb9\x89\xe0\xb9\x84\xe0\xb8\x82 UI"},
    {"The NR runtime's UI correction.  Leave it off unless HUD elements look wrong with Neural Rendering on.",
     "\xe0\xb8\x81\xe0\xb8\xb2\xe0\xb8\xa3\xe0\xb9\x81\xe0\xb8\x81\xe0\xb9\x89\xe0\xb9\x84\xe0\xb8\x82 UI \xe0\xb8\x82\xe0\xb8\xad\xe0\xb8\x87\xe0\xb8\xa3\xe0\xb8\xb1\xe0\xb8\x99\xe0\xb9\x84\xe0\xb8\x97\xe0\xb8\xa1\xe0\xb9\x8c NR \xe0\xb8\x9b\xe0\xb8\xa5\xe0\xb9\x88\xe0\xb8\xad\xe0\xb8\xa2\xe0\xb8\x9b\xe0\xb8\xb4\xe0\xb8\x94\xe0\xb9\x84\xe0\xb8\xa7\xe0\xb9\x89 \xe0\xb9\x80\xe0\xb8\xa7\xe0\xb9\x89\xe0\xb8\x99\xe0\xb9\x81\xe0\xb8\x95\xe0\xb9\x88\xe0\xb8\xad\xe0\xb8\x87\xe0\xb8\x84\xe0\xb9\x8c\xe0\xb8\x9b\xe0\xb8\xa3\xe0\xb8\xb0\xe0\xb8\x81\xe0\xb8\xad\xe0\xb8\x9a HUD \xe0\xb8\x94\xe0\xb8\xb9\xe0\xb8\x9c\xe0\xb8\xb4\xe0\xb8\x94\xe0\xb8\x9b\xe0\xb8\x81\xe0\xb8\x95\xe0\xb8\xb4\xe0\xb9\x80\xe0\xb8\xa1\xe0\xb8\xb7\xe0\xb9\x88\xe0\xb8\xad\xe0\xb9\x80\xe0\xb8\x9b\xe0\xb8\xb4\xe0\xb8\x94 Neural Rendering"},
    {"Preset #1",
     "\xe0\xb8\x9e\xe0\xb8\xa3\xe0\xb8\xb5\xe0\xb9\x80\xe0\xb8\x8b\xe0\xb9\x87\xe0\xb8\x95 #1"},
    {"Preset #2",
     "\xe0\xb8\x9e\xe0\xb8\xa3\xe0\xb8\xb5\xe0\xb9\x80\xe0\xb8\x8b\xe0\xb9\x87\xe0\xb8\x95 #2"},
    {"Preset #3",
     "\xe0\xb8\x9e\xe0\xb8\xa3\xe0\xb8\xb5\xe0\xb9\x80\xe0\xb8\x8b\xe0\xb9\x87\xe0\xb8\x95 #3"},
    {"Preset",
     "\xe0\xb8\x9e\xe0\xb8\xa3\xe0\xb8\xb5\xe0\xb9\x80\xe0\xb8\x8b\xe0\xb9\x87\xe0\xb8\x95"},
    {"Render-preset hint passed to the NR runtime; Default lets the runtime choose.",
     "\xe0\xb8\x84\xe0\xb8\xb3\xe0\xb9\x81\xe0\xb8\x99\xe0\xb8\xb0\xe0\xb8\x99\xe0\xb8\xb3\xe0\xb8\x9e\xe0\xb8\xa3\xe0\xb8\xb5\xe0\xb9\x80\xe0\xb8\x8b\xe0\xb9\x87\xe0\xb8\x95\xe0\xb8\x81\xe0\xb8\xb2\xe0\xb8\xa3\xe0\xb9\x80\xe0\xb8\xa3\xe0\xb8\x99\xe0\xb9\x80\xe0\xb8\x94\xe0\xb8\xad\xe0\xb8\xa3\xe0\xb9\x8c\xe0\xb8\x97\xe0\xb8\xb5\xe0\xb9\x88\xe0\xb8\xaa\xe0\xb9\x88\xe0\xb8\x87\xe0\xb9\x83\xe0\xb8\xab\xe0\xb9\x89\xe0\xb8\xa3\xe0\xb8\xb1\xe0\xb8\x99\xe0\xb9\x84\xe0\xb8\x97\xe0\xb8\xa1\xe0\xb9\x8c NR \xe0\xb8\x84\xe0\xb9\x88\xe0\xb8\xb2\xe0\xb9\x80\xe0\xb8\xa3\xe0\xb8\xb4\xe0\xb9\x88\xe0\xb8\xa1\xe0\xb8\x95\xe0\xb9\x89\xe0\xb8\x99 \xe0\xb9\x83\xe0\xb8\xab\xe0\xb9\x89\xe0\xb8\xa3\xe0\xb8\xb1\xe0\xb8\x99\xe0\xb9\x84\xe0\xb8\x97\xe0\xb8\xa1\xe0\xb9\x8c\xe0\xb9\x80\xe0\xb8\xa5\xe0\xb8\xb7\xe0\xb8\xad\xe0\xb8\x81\xe0\xb9\x80\xe0\xb8\xad\xe0\xb8\x87"},
    {"Inert while Adjust NR's look is off.",
     "\xe0\xb8\x88\xe0\xb8\xb0\xe0\xb9\x84\xe0\xb8\xa1\xe0\xb9\x88\xe0\xb8\xa1\xe0\xb8\xb5\xe0\xb8\x9c\xe0\xb8\xa5\xe0\xb8\x82\xe0\xb8\x93\xe0\xb8\xb0\xe0\xb8\x97\xe0\xb8\xb5\xe0\xb9\x88\xe0\xb8\x95\xe0\xb8\xb1\xe0\xb8\xa7\xe0\xb8\x9b\xe0\xb8\xa3\xe0\xb8\xb1\xe0\xb8\x9a\xe0\xb8\xab\xe0\xb8\x99\xe0\xb9\x89\xe0\xb8\xb2\xe0\xb8\x95\xe0\xb8\xb2\xe0\xb8\x9b\xe0\xb8\xb4\xe0\xb8\x94\xe0\xb8\xad\xe0\xb8\xa2\xe0\xb8\xb9\xe0\xb9\x88"},
    {"Adjust NR's look",
     "\xe0\xb8\x9b\xe0\xb8\xa3\xe0\xb8\xb1\xe0\xb8\x9a\xe0\xb8\xab\xe0\xb8\x99\xe0\xb9\x89\xe0\xb8\xb2\xe0\xb8\x95\xe0\xb8\xb2\xe0\xb8\x82\xe0\xb8\xad\xe0\xb8\x87 NR"},
    {"Reshapes what Neural Rendering returned, live: how far it brightens, darkens and recolours, by tonal range and by scale.  Off leaves its output exactly as it is.",
     "\xe0\xb8\x9b\xe0\xb8\xa3\xe0\xb8\xb1\xe0\xb8\x9a\xe0\xb8\x9c\xe0\xb8\xa5\xe0\xb8\x97\xe0\xb8\xb5\xe0\xb9\x88\xe0\xb9\x84\xe0\xb8\x94\xe0\xb9\x89\xe0\xb8\x88\xe0\xb8\xb2\xe0\xb8\x81 Neural Rendering \xe0\xb9\x81\xe0\xb8\x9a\xe0\xb8\x9a\xe0\xb8\xaa\xe0\xb8\x94: \xe0\xb8\xa3\xe0\xb8\xb0\xe0\xb8\x94\xe0\xb8\xb1\xe0\xb8\x9a\xe0\xb8\x81\xe0\xb8\xb2\xe0\xb8\xa3\xe0\xb9\x80\xe0\xb8\x9e\xe0\xb8\xb4\xe0\xb9\x88\xe0\xb8\xa1\xe0\xb8\xaa\xe0\xb8\xa7\xe0\xb9\x88\xe0\xb8\xb2\xe0\xb8\x87 \xe0\xb8\xa5\xe0\xb8\x94\xe0\xb8\xaa\xe0\xb8\xa7\xe0\xb9\x88\xe0\xb8\xb2\xe0\xb8\x87 \xe0\xb9\x81\xe0\xb8\xa5\xe0\xb8\xb0\xe0\xb9\x80\xe0\xb8\x9b\xe0\xb8\xa5\xe0\xb8\xb5\xe0\xb9\x88\xe0\xb8\xa2\xe0\xb8\x99\xe0\xb8\xaa\xe0\xb8\xb5 \xe0\xb9\x81\xe0\xb8\xa2\xe0\xb8\x81\xe0\xb8\x95\xe0\xb8\xb2\xe0\xb8\xa1\xe0\xb8\x8a\xe0\xb9\x88\xe0\xb8\xa7\xe0\xb8\x87\xe0\xb9\x82\xe0\xb8\x97\xe0\xb8\x99\xe0\xb9\x81\xe0\xb8\xa5\xe0\xb8\xb0\xe0\xb8\x95\xe0\xb8\xb2\xe0\xb8\xa1\xe0\xb8\xaa\xe0\xb9\x80\xe0\xb8\x81\xe0\xb8\xa5 \xe0\xb8\x9b\xe0\xb8\xb4\xe0\xb8\x94 \xe0\xb8\x88\xe0\xb8\xb0\xe0\xb8\x84\xe0\xb8\x87\xe0\xb9\x80\xe0\xb8\xad\xe0\xb8\xb2\xe0\xb8\x95\xe0\xb9\x8c\xe0\xb8\x9e\xe0\xb8\xb8\xe0\xb8\x95\xe0\xb9\x84\xe0\xb8\xa7\xe0\xb9\x89\xe0\xb8\x95\xe0\xb8\xb2\xe0\xb8\xa1\xe0\xb9\x80\xe0\xb8\x94\xe0\xb8\xb4\xe0\xb8\xa1"},
    {"unavailable this session: ReShade.log says why",
     "\xe0\xb9\x83\xe0\xb8\x8a\xe0\xb9\x89\xe0\xb9\x84\xe0\xb8\xa1\xe0\xb9\x88\xe0\xb9\x84\xe0\xb8\x94\xe0\xb9\x89\xe0\xb9\x83\xe0\xb8\x99\xe0\xb9\x80\xe0\xb8\x8b\xe0\xb8\xaa\xe0\xb8\x8a\xe0\xb8\xb1\xe0\xb8\x99\xe0\xb8\x99\xe0\xb8\xb5\xe0\xb9\x89: \xe0\xb8\x94\xe0\xb8\xb9\xe0\xb8\xaa\xe0\xb8\xb2\xe0\xb9\x80\xe0\xb8\xab\xe0\xb8\x95\xe0\xb8\xb8\xe0\xb9\x83\xe0\xb8\x99 ReShade.log"},
    {"Edit strength",
     "\xe0\xb8\x84\xe0\xb8\xa7\xe0\xb8\xb2\xe0\xb8\xa1\xe0\xb9\x81\xe0\xb8\xa3\xe0\xb8\x87\xe0\xb8\x81\xe0\xb8\xb2\xe0\xb8\xa3\xe0\xb9\x81\xe0\xb8\x81\xe0\xb9\x89\xe0\xb9\x84\xe0\xb8\x82"},
    {"Scales the whole change Neural Rendering made, in stops: 0 takes it away, 1 keeps it, 2 doubles it.  Strength steers the model; this reshapes its result.",
     "\xe0\xb8\x9b\xe0\xb8\xa3\xe0\xb8\xb1\xe0\xb8\x9a\xe0\xb8\xaa\xe0\xb9\x80\xe0\xb8\x81\xe0\xb8\xa5\xe0\xb8\x81\xe0\xb8\xb2\xe0\xb8\xa3\xe0\xb9\x80\xe0\xb8\x9b\xe0\xb8\xa5\xe0\xb8\xb5\xe0\xb9\x88\xe0\xb8\xa2\xe0\xb8\x99\xe0\xb9\x81\xe0\xb8\x9b\xe0\xb8\xa5\xe0\xb8\x87\xe0\xb8\x97\xe0\xb8\xb1\xe0\xb9\x89\xe0\xb8\x87\xe0\xb8\xab\xe0\xb8\xa1\xe0\xb8\x94\xe0\xb8\x97\xe0\xb8\xb5\xe0\xb9\x88 Neural Rendering \xe0\xb8\x97\xe0\xb8\xb3 \xe0\xb8\xab\xe0\xb8\x99\xe0\xb9\x88\xe0\xb8\xa7\xe0\xb8\xa2\xe0\xb8\xaa\xe0\xb8\x95\xe0\xb9\x87\xe0\xb8\xad\xe0\xb8\x9b: 0 \xe0\xb9\x80\xe0\xb8\xad\xe0\xb8\xb2\xe0\xb8\xad\xe0\xb8\xad\xe0\xb8\x81 1 \xe0\xb8\x84\xe0\xb8\x87\xe0\xb9\x84\xe0\xb8\xa7\xe0\xb9\x89 2 \xe0\xb9\x80\xe0\xb8\x9e\xe0\xb8\xb4\xe0\xb9\x88\xe0\xb8\xa1\xe0\xb9\x80\xe0\xb8\x9b\xe0\xb9\x87\xe0\xb8\x99\xe0\xb8\xaa\xe0\xb8\xad\xe0\xb8\x87\xe0\xb9\x80\xe0\xb8\x97\xe0\xb9\x88\xe0\xb8\xb2 \xe0\xb8\x84\xe0\xb8\xa7\xe0\xb8\xb2\xe0\xb8\xa1\xe0\xb9\x81\xe0\xb8\xa3\xe0\xb8\x87 \xe0\xb8\x84\xe0\xb8\xa7\xe0\xb8\x9a\xe0\xb8\x84\xe0\xb8\xb8\xe0\xb8\xa1\xe0\xb9\x82\xe0\xb8\xa1\xe0\xb9\x80\xe0\xb8\x94\xe0\xb8\xa5 \xe0\xb8\xaa\xe0\xb9\x88\xe0\xb8\xa7\xe0\xb8\x99\xe0\xb8\x84\xe0\xb9\x88\xe0\xb8\xb2\xe0\xb8\x99\xe0\xb8\xb5\xe0\xb9\x89\xe0\xb8\x9b\xe0\xb8\xa3\xe0\xb8\xb1\xe0\xb8\x9a\xe0\xb8\x9c\xe0\xb8\xa5\xe0\xb8\xa5\xe0\xb8\xb1\xe0\xb8\x9e\xe0\xb8\x98\xe0\xb9\x8c"},
    {"Brightening",
     "\xe0\xb8\x81\xe0\xb8\xb2\xe0\xb8\xa3\xe0\xb9\x80\xe0\xb8\x9e\xe0\xb8\xb4\xe0\xb9\x88\xe0\xb8\xa1\xe0\xb8\xaa\xe0\xb8\xa7\xe0\xb9\x88\xe0\xb8\xb2\xe0\xb8\x87"},
    {"How much of the model's brightening is kept: 0 drops it, 2 doubles it.",
     "\xe0\xb8\x84\xe0\xb8\x87\xe0\xb8\x81\xe0\xb8\xb2\xe0\xb8\xa3\xe0\xb9\x80\xe0\xb8\x9e\xe0\xb8\xb4\xe0\xb9\x88\xe0\xb8\xa1\xe0\xb8\xaa\xe0\xb8\xa7\xe0\xb9\x88\xe0\xb8\xb2\xe0\xb8\x87\xe0\xb8\x82\xe0\xb8\xad\xe0\xb8\x87\xe0\xb9\x82\xe0\xb8\xa1\xe0\xb9\x80\xe0\xb8\x94\xe0\xb8\xa5\xe0\xb9\x84\xe0\xb8\xa7\xe0\xb9\x89\xe0\xb9\x80\xe0\xb8\x97\xe0\xb9\x88\xe0\xb8\xb2\xe0\xb9\x83\xe0\xb8\x94: 0 \xe0\xb9\x80\xe0\xb8\xad\xe0\xb8\xb2\xe0\xb8\xad\xe0\xb8\xad\xe0\xb8\x81 2 \xe0\xb9\x80\xe0\xb8\x9e\xe0\xb8\xb4\xe0\xb9\x88\xe0\xb8\xa1\xe0\xb9\x80\xe0\xb8\x9b\xe0\xb9\x87\xe0\xb8\x99\xe0\xb8\xaa\xe0\xb8\xad\xe0\xb8\x87\xe0\xb9\x80\xe0\xb8\x97\xe0\xb9\x88\xe0\xb8\xb2"},
    {"Darkening",
     "\xe0\xb8\x81\xe0\xb8\xb2\xe0\xb8\xa3\xe0\xb8\xa5\xe0\xb8\x94\xe0\xb8\xaa\xe0\xb8\xa7\xe0\xb9\x88\xe0\xb8\xb2\xe0\xb8\x87"},
    {"How much of the model's darkening is kept, the dark halos it can leave around bright objects included.",
     "\xe0\xb8\x84\xe0\xb8\x87\xe0\xb8\x81\xe0\xb8\xb2\xe0\xb8\xa3\xe0\xb8\xa5\xe0\xb8\x94\xe0\xb8\xaa\xe0\xb8\xa7\xe0\xb9\x88\xe0\xb8\xb2\xe0\xb8\x87\xe0\xb8\x82\xe0\xb8\xad\xe0\xb8\x87\xe0\xb9\x82\xe0\xb8\xa1\xe0\xb9\x80\xe0\xb8\x94\xe0\xb8\xa5\xe0\xb9\x84\xe0\xb8\xa7\xe0\xb9\x89\xe0\xb9\x80\xe0\xb8\x97\xe0\xb9\x88\xe0\xb8\xb2\xe0\xb9\x83\xe0\xb8\x94 \xe0\xb8\xa3\xe0\xb8\xa7\xe0\xb8\xa1\xe0\xb8\x96\xe0\xb8\xb6\xe0\xb8\x87\xe0\xb8\xae\xe0\xb8\xb2\xe0\xb9\x82\xe0\xb8\xa5\xe0\xb8\xa1\xe0\xb8\xb7\xe0\xb8\x94\xe0\xb8\x97\xe0\xb8\xb5\xe0\xb9\x88\xe0\xb8\xad\xe0\xb8\xb2\xe0\xb8\x88\xe0\xb9\x80\xe0\xb8\x81\xe0\xb8\xb4\xe0\xb8\x94\xe0\xb8\xa3\xe0\xb8\xad\xe0\xb8\x9a\xe0\xb8\xa7\xe0\xb8\xb1\xe0\xb8\x95\xe0\xb8\x96\xe0\xb8\xb8\xe0\xb8\xaa\xe0\xb8\xa7\xe0\xb9\x88\xe0\xb8\xb2\xe0\xb8\x87"},
    {"Colour",
     "\xe0\xb8\xaa\xe0\xb8\xb5"},
    {"How far the model moves colours toward or away from grey: 0 keeps the game's saturation, 2 doubles the change.",
     "\xe0\xb9\x82\xe0\xb8\xa1\xe0\xb9\x80\xe0\xb8\x94\xe0\xb8\xa5\xe0\xb8\x82\xe0\xb8\xa2\xe0\xb8\xb1\xe0\xb8\x9a\xe0\xb8\xaa\xe0\xb8\xb5\xe0\xb9\x80\xe0\xb8\x82\xe0\xb9\x89\xe0\xb8\xb2\xe0\xb8\xab\xe0\xb8\xb2\xe0\xb8\xab\xe0\xb8\xa3\xe0\xb8\xb7\xe0\xb8\xad\xe0\xb8\xad\xe0\xb8\xad\xe0\xb8\x81\xe0\xb8\x88\xe0\xb8\xb2\xe0\xb8\x81\xe0\xb8\xaa\xe0\xb8\xb5\xe0\xb9\x80\xe0\xb8\x97\xe0\xb8\xb2\xe0\xb8\xa1\xe0\xb8\xb2\xe0\xb8\x81\xe0\xb9\x80\xe0\xb8\x9e\xe0\xb8\xb5\xe0\xb8\xa2\xe0\xb8\x87\xe0\xb9\x83\xe0\xb8\x94: 0 \xe0\xb8\x84\xe0\xb8\x87\xe0\xb8\x84\xe0\xb8\xa7\xe0\xb8\xb2\xe0\xb8\xa1\xe0\xb8\xad\xe0\xb8\xb4\xe0\xb9\x88\xe0\xb8\xa1\xe0\xb8\xaa\xe0\xb8\xb5\xe0\xb8\x82\xe0\xb8\xad\xe0\xb8\x87\xe0\xb9\x80\xe0\xb8\x81\xe0\xb8\xa1 2 \xe0\xb9\x80\xe0\xb8\x9e\xe0\xb8\xb4\xe0\xb9\x88\xe0\xb8\xa1\xe0\xb8\x81\xe0\xb8\xb2\xe0\xb8\xa3\xe0\xb9\x80\xe0\xb8\x9b\xe0\xb8\xa5\xe0\xb8\xb5\xe0\xb9\x88\xe0\xb8\xa2\xe0\xb8\x99\xe0\xb9\x81\xe0\xb8\x9b\xe0\xb8\xa5\xe0\xb8\x87\xe0\xb9\x80\xe0\xb8\x9b\xe0\xb9\x87\xe0\xb8\x99\xe0\xb8\xaa\xe0\xb8\xad\xe0\xb8\x87\xe0\xb9\x80\xe0\xb8\x97\xe0\xb9\x88\xe0\xb8\xb2"},
    {"Hue shift",
     "\xe0\xb8\x81\xe0\xb8\xb2\xe0\xb8\xa3\xe0\xb9\x80\xe0\xb8\xa5\xe0\xb8\xb7\xe0\xb9\x88\xe0\xb8\xad\xe0\xb8\x99\xe0\xb9\x80\xe0\xb8\x89\xe0\xb8\x94\xe0\xb8\xaa\xe0\xb8\xb5"},
    {"How far the model turns hues (its tint): 0 keeps the game's hues.",
     "\xe0\xb9\x82\xe0\xb8\xa1\xe0\xb9\x80\xe0\xb8\x94\xe0\xb8\xa5\xe0\xb8\xab\xe0\xb8\xa1\xe0\xb8\xb8\xe0\xb8\x99\xe0\xb9\x80\xe0\xb8\x89\xe0\xb8\x94\xe0\xb8\xaa\xe0\xb8\xb5\xe0\xb8\xa1\xe0\xb8\xb2\xe0\xb8\x81\xe0\xb9\x80\xe0\xb8\x9e\xe0\xb8\xb5\xe0\xb8\xa2\xe0\xb8\x87\xe0\xb9\x83\xe0\xb8\x94 (\xe0\xb9\x82\xe0\xb8\x97\xe0\xb8\x99\xe0\xb8\xaa\xe0\xb8\xb5\xe0\xb8\x97\xe0\xb8\xb5\xe0\xb9\x88\xe0\xb8\x95\xe0\xb8\xb4\xe0\xb8\x94\xe0\xb8\xa1\xe0\xb8\xb2): 0 \xe0\xb8\x84\xe0\xb8\x87\xe0\xb9\x80\xe0\xb8\x89\xe0\xb8\x94\xe0\xb8\xaa\xe0\xb8\xb5\xe0\xb8\x82\xe0\xb8\xad\xe0\xb8\x87\xe0\xb9\x80\xe0\xb8\x81\xe0\xb8\xa1"},
    {"Shadows",
     "\xe0\xb9\x80\xe0\xb8\x87\xe0\xb8\xb2"},
    {"Scales the change where the game's image is dark.",
     "\xe0\xb8\x9b\xe0\xb8\xa3\xe0\xb8\xb1\xe0\xb8\x9a\xe0\xb8\xaa\xe0\xb9\x80\xe0\xb8\x81\xe0\xb8\xa5\xe0\xb8\x81\xe0\xb8\xb2\xe0\xb8\xa3\xe0\xb9\x80\xe0\xb8\x9b\xe0\xb8\xa5\xe0\xb8\xb5\xe0\xb9\x88\xe0\xb8\xa2\xe0\xb8\x99\xe0\xb9\x81\xe0\xb8\x9b\xe0\xb8\xa5\xe0\xb8\x87\xe0\xb9\x83\xe0\xb8\x99\xe0\xb8\xaa\xe0\xb9\x88\xe0\xb8\xa7\xe0\xb8\x99\xe0\xb8\x97\xe0\xb8\xb5\xe0\xb9\x88\xe0\xb8\xa0\xe0\xb8\xb2\xe0\xb8\x9e\xe0\xb8\x82\xe0\xb8\xad\xe0\xb8\x87\xe0\xb9\x80\xe0\xb8\x81\xe0\xb8\xa1\xe0\xb8\xa1\xe0\xb8\xb7\xe0\xb8\x94"},
    {"Midtones",
     "\xe0\xb9\x82\xe0\xb8\x97\xe0\xb8\x99\xe0\xb8\x81\xe0\xb8\xa5\xe0\xb8\xb2\xe0\xb8\x87"},
    {"Scales the change in the game's midtones.",
     "\xe0\xb8\x9b\xe0\xb8\xa3\xe0\xb8\xb1\xe0\xb8\x9a\xe0\xb8\xaa\xe0\xb9\x80\xe0\xb8\x81\xe0\xb8\xa5\xe0\xb8\x81\xe0\xb8\xb2\xe0\xb8\xa3\xe0\xb9\x80\xe0\xb8\x9b\xe0\xb8\xa5\xe0\xb8\xb5\xe0\xb9\x88\xe0\xb8\xa2\xe0\xb8\x99\xe0\xb9\x81\xe0\xb8\x9b\xe0\xb8\xa5\xe0\xb8\x87\xe0\xb9\x83\xe0\xb8\x99\xe0\xb9\x82\xe0\xb8\x97\xe0\xb8\x99\xe0\xb8\x81\xe0\xb8\xa5\xe0\xb8\xb2\xe0\xb8\x87\xe0\xb8\x82\xe0\xb8\xad\xe0\xb8\x87\xe0\xb9\x80\xe0\xb8\x81\xe0\xb8\xa1"},
    {"Highlights",
     "\xe0\xb9\x84\xe0\xb8\xae\xe0\xb9\x84\xe0\xb8\xa5\xe0\xb8\x95\xe0\xb9\x8c"},
    {"Scales the change where the game's image is bright.",
     "\xe0\xb8\x9b\xe0\xb8\xa3\xe0\xb8\xb1\xe0\xb8\x9a\xe0\xb8\xaa\xe0\xb9\x80\xe0\xb8\x81\xe0\xb8\xa5\xe0\xb8\x81\xe0\xb8\xb2\xe0\xb8\xa3\xe0\xb9\x80\xe0\xb8\x9b\xe0\xb8\xa5\xe0\xb8\xb5\xe0\xb9\x88\xe0\xb8\xa2\xe0\xb8\x99\xe0\xb9\x81\xe0\xb8\x9b\xe0\xb8\xa5\xe0\xb8\x87\xe0\xb9\x83\xe0\xb8\x99\xe0\xb8\xaa\xe0\xb9\x88\xe0\xb8\xa7\xe0\xb8\x99\xe0\xb8\x97\xe0\xb8\xb5\xe0\xb9\x88\xe0\xb8\xa0\xe0\xb8\xb2\xe0\xb8\x9e\xe0\xb8\x82\xe0\xb8\xad\xe0\xb8\x87\xe0\xb9\x80\xe0\xb8\x81\xe0\xb8\xa1\xe0\xb8\xaa\xe0\xb8\xa7\xe0\xb9\x88\xe0\xb8\xb2\xe0\xb8\x87"},
    {"Max brightening",
     "\xe0\xb9\x80\xe0\xb8\x9e\xe0\xb8\xb4\xe0\xb9\x88\xe0\xb8\xa1\xe0\xb8\xaa\xe0\xb8\xa7\xe0\xb9\x88\xe0\xb8\xb2\xe0\xb8\x87\xe0\xb8\xaa\xe0\xb8\xb9\xe0\xb8\x87\xe0\xb8\xaa\xe0\xb8\xb8\xe0\xb8\x94"},
    {"%.2f stops",
     "%.2f \xe0\xb8\xaa\xe0\xb8\x95\xe0\xb9\x87\xe0\xb8\xad\xe0\xb8\x9b"},
    {"A soft ceiling on how far the model may brighten a pixel; 0 is no ceiling.",
     "\xe0\xb9\x80\xe0\xb8\x9e\xe0\xb8\x94\xe0\xb8\xb2\xe0\xb8\x99\xe0\xb9\x81\xe0\xb8\x9a\xe0\xb8\x9a\xe0\xb8\x99\xe0\xb8\xb8\xe0\xb9\x88\xe0\xb8\xa1\xe0\xb8\xaa\xe0\xb8\xb3\xe0\xb8\xab\xe0\xb8\xa3\xe0\xb8\xb1\xe0\xb8\x9a\xe0\xb8\x81\xe0\xb8\xb2\xe0\xb8\xa3\xe0\xb9\x80\xe0\xb8\x9e\xe0\xb8\xb4\xe0\xb9\x88\xe0\xb8\xa1\xe0\xb8\xaa\xe0\xb8\xa7\xe0\xb9\x88\xe0\xb8\xb2\xe0\xb8\x87\xe0\xb8\x9e\xe0\xb8\xb4\xe0\xb8\x81\xe0\xb9\x80\xe0\xb8\x8b\xe0\xb8\xa5\xe0\xb8\x82\xe0\xb8\xad\xe0\xb8\x87\xe0\xb9\x82\xe0\xb8\xa1\xe0\xb9\x80\xe0\xb8\x94\xe0\xb8\xa5 0 \xe0\xb8\x84\xe0\xb8\xb7\xe0\xb8\xad\xe0\xb9\x84\xe0\xb8\xa1\xe0\xb9\x88\xe0\xb8\xa1\xe0\xb8\xb5\xe0\xb9\x80\xe0\xb8\x9e\xe0\xb8\x94\xe0\xb8\xb2\xe0\xb8\x99"},
    {"Max darkening",
     "\xe0\xb8\xa5\xe0\xb8\x94\xe0\xb8\xaa\xe0\xb8\xa7\xe0\xb9\x88\xe0\xb8\xb2\xe0\xb8\x87\xe0\xb8\xaa\xe0\xb8\xb9\xe0\xb8\x87\xe0\xb8\xaa\xe0\xb8\xb8\xe0\xb8\x94"},
    {"A soft floor on how far the model may darken a pixel; 0 is no floor.",
     "\xe0\xb8\x82\xe0\xb8\xb5\xe0\xb8\x94\xe0\xb8\xa5\xe0\xb9\x88\xe0\xb8\xb2\xe0\xb8\x87\xe0\xb9\x81\xe0\xb8\x9a\xe0\xb8\x9a\xe0\xb8\x99\xe0\xb8\xb8\xe0\xb9\x88\xe0\xb8\xa1\xe0\xb8\xaa\xe0\xb8\xb3\xe0\xb8\xab\xe0\xb8\xa3\xe0\xb8\xb1\xe0\xb8\x9a\xe0\xb8\x81\xe0\xb8\xb2\xe0\xb8\xa3\xe0\xb8\xa5\xe0\xb8\x94\xe0\xb8\xaa\xe0\xb8\xa7\xe0\xb9\x88\xe0\xb8\xb2\xe0\xb8\x87\xe0\xb8\x9e\xe0\xb8\xb4\xe0\xb8\x81\xe0\xb9\x80\xe0\xb8\x8b\xe0\xb8\xa5\xe0\xb8\x82\xe0\xb8\xad\xe0\xb8\x87\xe0\xb9\x82\xe0\xb8\xa1\xe0\xb9\x80\xe0\xb8\x94\xe0\xb8\xa5 0 \xe0\xb8\x84\xe0\xb8\xb7\xe0\xb8\xad\xe0\xb9\x84\xe0\xb8\xa1\xe0\xb9\x88\xe0\xb8\xa1\xe0\xb8\xb5\xe0\xb8\x82\xe0\xb8\xb5\xe0\xb8\x94\xe0\xb8\xa5\xe0\xb9\x88\xe0\xb8\xb2\xe0\xb8\x87"},
    {"Max colour change",
     "\xe0\xb9\x80\xe0\xb8\x9b\xe0\xb8\xa5\xe0\xb8\xb5\xe0\xb9\x88\xe0\xb8\xa2\xe0\xb8\x99\xe0\xb8\xaa\xe0\xb8\xb5\xe0\xb8\xaa\xe0\xb8\xb9\xe0\xb8\x87\xe0\xb8\xaa\xe0\xb8\xb8\xe0\xb8\x94"},
    {"A soft limit on how far the model may move a colour; 0 is no limit.",
     "\xe0\xb8\x82\xe0\xb8\xb5\xe0\xb8\x94\xe0\xb8\x88\xe0\xb8\xb3\xe0\xb8\x81\xe0\xb8\xb1\xe0\xb8\x94\xe0\xb9\x81\xe0\xb8\x9a\xe0\xb8\x9a\xe0\xb8\x99\xe0\xb8\xb8\xe0\xb9\x88\xe0\xb8\xa1\xe0\xb8\xaa\xe0\xb8\xb3\xe0\xb8\xab\xe0\xb8\xa3\xe0\xb8\xb1\xe0\xb8\x9a\xe0\xb8\x81\xe0\xb8\xb2\xe0\xb8\xa3\xe0\xb9\x80\xe0\xb8\x9b\xe0\xb8\xa5\xe0\xb8\xb5\xe0\xb9\x88\xe0\xb8\xa2\xe0\xb8\x99\xe0\xb8\xaa\xe0\xb8\xb5\xe0\xb8\x82\xe0\xb8\xad\xe0\xb8\x87\xe0\xb9\x82\xe0\xb8\xa1\xe0\xb9\x80\xe0\xb8\x94\xe0\xb8\xa5 0 \xe0\xb8\x84\xe0\xb8\xb7\xe0\xb8\xad\xe0\xb9\x84\xe0\xb8\xa1\xe0\xb9\x88\xe0\xb8\x88\xe0\xb8\xb3\xe0\xb8\x81\xe0\xb8\xb1\xe0\xb8\x94"},
    {"Large-scale tone",
     "\xe0\xb9\x82\xe0\xb8\x97\xe0\xb8\x99\xe0\xb8\xaa\xe0\xb9\x80\xe0\xb8\x81\xe0\xb8\xa5\xe0\xb9\x83\xe0\xb8\xab\xe0\xb8\x8d\xe0\xb9\x88"},
    {"Scales the model's broad lighting change; Fine detail scales the small-scale one.",
     "\xe0\xb8\x9b\xe0\xb8\xa3\xe0\xb8\xb1\xe0\xb8\x9a\xe0\xb8\xaa\xe0\xb9\x80\xe0\xb8\x81\xe0\xb8\xa5\xe0\xb8\x81\xe0\xb8\xb2\xe0\xb8\xa3\xe0\xb9\x80\xe0\xb8\x9b\xe0\xb8\xa5\xe0\xb8\xb5\xe0\xb9\x88\xe0\xb8\xa2\xe0\xb8\x99\xe0\xb9\x81\xe0\xb8\xaa\xe0\xb8\x87\xe0\xb9\x83\xe0\xb8\x99\xe0\xb8\xa0\xe0\xb8\xb2\xe0\xb8\x9e\xe0\xb8\xa3\xe0\xb8\xa7\xe0\xb8\xa1\xe0\xb8\x82\xe0\xb8\xad\xe0\xb8\x87\xe0\xb9\x82\xe0\xb8\xa1\xe0\xb9\x80\xe0\xb8\x94\xe0\xb8\xa5 \xe0\xb8\xa3\xe0\xb8\xb2\xe0\xb8\xa2\xe0\xb8\xa5\xe0\xb8\xb0\xe0\xb9\x80\xe0\xb8\xad\xe0\xb8\xb5\xe0\xb8\xa2\xe0\xb8\x94\xe0\xb9\x80\xe0\xb8\xa5\xe0\xb9\x87\xe0\xb8\x81 \xe0\xb8\x9b\xe0\xb8\xa3\xe0\xb8\xb1\xe0\xb8\x9a\xe0\xb8\xaa\xe0\xb9\x80\xe0\xb8\x81\xe0\xb8\xa5\xe0\xb8\x81\xe0\xb8\xb2\xe0\xb8\xa3\xe0\xb9\x80\xe0\xb8\x9b\xe0\xb8\xa5\xe0\xb8\xb5\xe0\xb9\x88\xe0\xb8\xa2\xe0\xb8\x99\xe0\xb9\x81\xe0\xb8\x9b\xe0\xb8\xa5\xe0\xb8\x87\xe0\xb8\x82\xe0\xb8\x99\xe0\xb8\xb2\xe0\xb8\x94\xe0\xb9\x80\xe0\xb8\xa5\xe0\xb9\x87\xe0\xb8\x81"},
    {"Fine detail",
     "\xe0\xb8\xa3\xe0\xb8\xb2\xe0\xb8\xa2\xe0\xb8\xa5\xe0\xb8\xb0\xe0\xb9\x80\xe0\xb8\xad\xe0\xb8\xb5\xe0\xb8\xa2\xe0\xb8\x94\xe0\xb9\x80\xe0\xb8\xa5\xe0\xb9\x87\xe0\xb8\x81"},
    {"Scales the model's small-scale change, live.  Structure changes what the model makes and restarts it; this reshapes what it made.",
     "\xe0\xb8\x9b\xe0\xb8\xa3\xe0\xb8\xb1\xe0\xb8\x9a\xe0\xb8\xaa\xe0\xb9\x80\xe0\xb8\x81\xe0\xb8\xa5\xe0\xb8\x81\xe0\xb8\xb2\xe0\xb8\xa3\xe0\xb9\x80\xe0\xb8\x9b\xe0\xb8\xa5\xe0\xb8\xb5\xe0\xb9\x88\xe0\xb8\xa2\xe0\xb8\x99\xe0\xb9\x81\xe0\xb8\x9b\xe0\xb8\xa5\xe0\xb8\x87\xe0\xb8\x82\xe0\xb8\x99\xe0\xb8\xb2\xe0\xb8\x94\xe0\xb9\x80\xe0\xb8\xa5\xe0\xb9\x87\xe0\xb8\x81\xe0\xb8\x82\xe0\xb8\xad\xe0\xb8\x87\xe0\xb9\x82\xe0\xb8\xa1\xe0\xb9\x80\xe0\xb8\x94\xe0\xb8\xa5\xe0\xb9\x81\xe0\xb8\x9a\xe0\xb8\x9a\xe0\xb8\xaa\xe0\xb8\x94 \xe0\xb9\x82\xe0\xb8\x84\xe0\xb8\xa3\xe0\xb8\x87\xe0\xb8\xaa\xe0\xb8\xa3\xe0\xb9\x89\xe0\xb8\xb2\xe0\xb8\x87 \xe0\xb9\x80\xe0\xb8\x9b\xe0\xb8\xa5\xe0\xb8\xb5\xe0\xb9\x88\xe0\xb8\xa2\xe0\xb8\x99\xe0\xb8\xaa\xe0\xb8\xb4\xe0\xb9\x88\xe0\xb8\x87\xe0\xb8\x97\xe0\xb8\xb5\xe0\xb9\x88\xe0\xb9\x82\xe0\xb8\xa1\xe0\xb9\x80\xe0\xb8\x94\xe0\xb8\xa5\xe0\xb8\xaa\xe0\xb8\xa3\xe0\xb9\x89\xe0\xb8\xb2\xe0\xb8\x87\xe0\xb9\x81\xe0\xb8\xa5\xe0\xb8\xb0\xe0\xb9\x80\xe0\xb8\xa3\xe0\xb8\xb4\xe0\xb9\x88\xe0\xb8\xa1\xe0\xb9\x82\xe0\xb8\xa1\xe0\xb9\x80\xe0\xb8\x94\xe0\xb8\xa5\xe0\xb9\x83\xe0\xb8\xab\xe0\xb8\xa1\xe0\xb9\x88 \xe0\xb8\xaa\xe0\xb9\x88\xe0\xb8\xa7\xe0\xb8\x99\xe0\xb8\x84\xe0\xb9\x88\xe0\xb8\xb2\xe0\xb8\x99\xe0\xb8\xb5\xe0\xb9\x89\xe0\xb8\x9b\xe0\xb8\xa3\xe0\xb8\xb1\xe0\xb8\x9a\xe0\xb8\xaa\xe0\xb8\xb4\xe0\xb9\x88\xe0\xb8\x87\xe0\xb8\x97\xe0\xb8\xb5\xe0\xb9\x88\xe0\xb8\xaa\xe0\xb8\xa3\xe0\xb9\x89\xe0\xb8\xb2\xe0\xb8\x87\xe0\xb9\x81\xe0\xb8\xa5\xe0\xb9\x89\xe0\xb8\xa7"},
    {"Detail radius",
     "\xe0\xb8\xa3\xe0\xb8\xb1\xe0\xb8\xa8\xe0\xb8\xa1\xe0\xb8\xb5\xe0\xb8\xa3\xe0\xb8\xb2\xe0\xb8\xa2\xe0\xb8\xa5\xe0\xb8\xb0\xe0\xb9\x80\xe0\xb8\xad\xe0\xb8\xb5\xe0\xb8\xa2\xe0\xb8\x94"},
    {"Where broad ends and fine begins, as a share of the image height.",
     "\xe0\xb8\x88\xe0\xb8\xb8\xe0\xb8\x94\xe0\xb9\x81\xe0\xb8\x9a\xe0\xb9\x88\xe0\xb8\x87\xe0\xb8\xa3\xe0\xb8\xb0\xe0\xb8\xab\xe0\xb8\xa7\xe0\xb9\x88\xe0\xb8\xb2\xe0\xb8\x87\xe0\xb8\xaa\xe0\xb9\x80\xe0\xb8\x81\xe0\xb8\xa5\xe0\xb9\x83\xe0\xb8\xab\xe0\xb8\x8d\xe0\xb9\x88\xe0\xb8\x81\xe0\xb8\xb1\xe0\xb8\x9a\xe0\xb8\xa3\xe0\xb8\xb2\xe0\xb8\xa2\xe0\xb8\xa5\xe0\xb8\xb0\xe0\xb9\x80\xe0\xb8\xad\xe0\xb8\xb5\xe0\xb8\xa2\xe0\xb8\x94\xe0\xb9\x80\xe0\xb8\xa5\xe0\xb9\x87\xe0\xb8\x81 \xe0\xb9\x80\xe0\xb8\x9b\xe0\xb9\x87\xe0\xb8\x99\xe0\xb8\xaa\xe0\xb8\xb1\xe0\xb8\x94\xe0\xb8\xaa\xe0\xb9\x88\xe0\xb8\xa7\xe0\xb8\x99\xe0\xb8\x82\xe0\xb8\xad\xe0\xb8\x87\xe0\xb8\x84\xe0\xb8\xa7\xe0\xb8\xb2\xe0\xb8\xa1\xe0\xb8\xaa\xe0\xb8\xb9\xe0\xb8\x87\xe0\xb8\xa0\xe0\xb8\xb2\xe0\xb8\x9e"},
    {"Halo suppression",
     "\xe0\xb8\xa5\xe0\xb8\x94\xe0\xb8\xae\xe0\xb8\xb2\xe0\xb9\x82\xe0\xb8\xa5"},
    {"Reduces the dark halos Neural Rendering can leave next to bright objects.  Darkening spread evenly over a surface, and a shadow beside a dark object, are left alone.  A larger Detail radius reaches wider halos.",
     "\xe0\xb8\xa5\xe0\xb8\x94\xe0\xb8\xae\xe0\xb8\xb2\xe0\xb9\x82\xe0\xb8\xa5\xe0\xb8\xa1\xe0\xb8\xb7\xe0\xb8\x94\xe0\xb8\x97\xe0\xb8\xb5\xe0\xb9\x88 Neural Rendering \xe0\xb8\xad\xe0\xb8\xb2\xe0\xb8\x88\xe0\xb8\x97\xe0\xb8\xb4\xe0\xb9\x89\xe0\xb8\x87\xe0\xb9\x84\xe0\xb8\xa7\xe0\xb9\x89\xe0\xb8\x82\xe0\xb9\x89\xe0\xb8\xb2\xe0\xb8\x87\xe0\xb8\xa7\xe0\xb8\xb1\xe0\xb8\x95\xe0\xb8\x96\xe0\xb8\xb8\xe0\xb8\xaa\xe0\xb8\xa7\xe0\xb9\x88\xe0\xb8\xb2\xe0\xb8\x87 \xe0\xb8\x81\xe0\xb8\xb2\xe0\xb8\xa3\xe0\xb8\xa5\xe0\xb8\x94\xe0\xb8\xaa\xe0\xb8\xa7\xe0\xb9\x88\xe0\xb8\xb2\xe0\xb8\x87\xe0\xb8\x97\xe0\xb8\xb5\xe0\xb9\x88\xe0\xb8\x81\xe0\xb8\xa3\xe0\xb8\xb0\xe0\xb8\x88\xe0\xb8\xb2\xe0\xb8\xa2\xe0\xb8\x97\xe0\xb8\xb1\xe0\xb9\x88\xe0\xb8\xa7\xe0\xb8\x9e\xe0\xb8\xb7\xe0\xb9\x89\xe0\xb8\x99\xe0\xb8\x9c\xe0\xb8\xb4\xe0\xb8\xa7\xe0\xb9\x80\xe0\xb8\x97\xe0\xb9\x88\xe0\xb8\xb2\xe0\xb9\x86 \xe0\xb8\x81\xe0\xb8\xb1\xe0\xb8\x99 \xe0\xb9\x81\xe0\xb8\xa5\xe0\xb8\xb0\xe0\xb9\x80\xe0\xb8\x87\xe0\xb8\xb2\xe0\xb8\x82\xe0\xb9\x89\xe0\xb8\xb2\xe0\xb8\x87\xe0\xb8\xa7\xe0\xb8\xb1\xe0\xb8\x95\xe0\xb8\x96\xe0\xb8\xb8\xe0\xb8\xa1\xe0\xb8\xb7\xe0\xb8\x94\xe0\xb8\x88\xe0\xb8\xb0\xe0\xb9\x84\xe0\xb8\xa1\xe0\xb9\x88\xe0\xb8\x96\xe0\xb8\xb9\xe0\xb8\x81\xe0\xb9\x81\xe0\xb8\x95\xe0\xb8\xb0\xe0\xb8\x95\xe0\xb9\x89\xe0\xb8\xad\xe0\xb8\x87 \xe0\xb8\xa3\xe0\xb8\xb1\xe0\xb8\xa8\xe0\xb8\xa1\xe0\xb8\xb5\xe0\xb8\xa3\xe0\xb8\xb2\xe0\xb8\xa2\xe0\xb8\xa5\xe0\xb8\xb0\xe0\xb9\x80\xe0\xb8\xad\xe0\xb8\xb5\xe0\xb8\xa2\xe0\xb8\x94 \xe0\xb8\x97\xe0\xb8\xb5\xe0\xb9\x88\xe0\xb9\x83\xe0\xb8\xab\xe0\xb8\x8d\xe0\xb9\x88\xe0\xb8\x82\xe0\xb8\xb6\xe0\xb9\x89\xe0\xb8\x99\xe0\xb8\x88\xe0\xb8\xb0\xe0\xb8\x84\xe0\xb8\xa3\xe0\xb8\xad\xe0\xb8\x9a\xe0\xb8\x84\xe0\xb8\xa5\xe0\xb8\xb8\xe0\xb8\xa1\xe0\xb8\xae\xe0\xb8\xb2\xe0\xb9\x82\xe0\xb8\xa5\xe0\xb8\x97\xe0\xb8\xb5\xe0\xb9\x88\xe0\xb8\x81\xe0\xb8\xa7\xe0\xb9\x89\xe0\xb8\xb2\xe0\xb8\x87\xe0\xb8\x82\xe0\xb8\xb6\xe0\xb9\x89\xe0\xb8\x99"},
    {"Off",
     "\xe0\xb8\x9b\xe0\xb8\xb4\xe0\xb8\x94"},
    {"Static",
     "\xe0\xb8\x99\xe0\xb8\xb4\xe0\xb9\x88\xe0\xb8\x87"},
    {"Motion",
     "\xe0\xb9\x80\xe0\xb8\x84\xe0\xb8\xa5\xe0\xb8\xb7\xe0\xb9\x88\xe0\xb8\xad\xe0\xb8\x99\xe0\xb9\x84\xe0\xb8\xab\xe0\xb8\xa7"},
    {"Stabilize",
     "\xe0\xb8\x97\xe0\xb8\xb3\xe0\xb9\x83\xe0\xb8\xab\xe0\xb9\x89\xe0\xb9\x80\xe0\xb8\xaa\xe0\xb8\x96\xe0\xb8\xb5\xe0\xb8\xa2\xe0\xb8\xa3"},
    {"Smooths the model's broad change over time.  Static suits still views; Motion follows the game's motion vectors.  Either adds a little lag to lighting changes.",
     "\xe0\xb8\x97\xe0\xb8\xb3\xe0\xb9\x83\xe0\xb8\xab\xe0\xb9\x89\xe0\xb8\x81\xe0\xb8\xb2\xe0\xb8\xa3\xe0\xb9\x80\xe0\xb8\x9b\xe0\xb8\xa5\xe0\xb8\xb5\xe0\xb9\x88\xe0\xb8\xa2\xe0\xb8\x99\xe0\xb9\x81\xe0\xb8\x9b\xe0\xb8\xa5\xe0\xb8\x87\xe0\xb8\xa0\xe0\xb8\xb2\xe0\xb8\x9e\xe0\xb8\xa3\xe0\xb8\xa7\xe0\xb8\xa1\xe0\xb8\x82\xe0\xb8\xad\xe0\xb8\x87\xe0\xb9\x82\xe0\xb8\xa1\xe0\xb9\x80\xe0\xb8\x94\xe0\xb8\xa5\xe0\xb8\x99\xe0\xb8\xb8\xe0\xb9\x88\xe0\xb8\xa1\xe0\xb8\x99\xe0\xb8\xa7\xe0\xb8\xa5\xe0\xb8\x95\xe0\xb8\xb2\xe0\xb8\xa1\xe0\xb9\x80\xe0\xb8\xa7\xe0\xb8\xa5\xe0\xb8\xb2 \xe0\xb8\x99\xe0\xb8\xb4\xe0\xb9\x88\xe0\xb8\x87 \xe0\xb9\x80\xe0\xb8\xab\xe0\xb8\xa1\xe0\xb8\xb2\xe0\xb8\xb0\xe0\xb8\x81\xe0\xb8\xb1\xe0\xb8\x9a\xe0\xb8\xa0\xe0\xb8\xb2\xe0\xb8\x9e\xe0\xb8\x97\xe0\xb8\xb5\xe0\xb9\x88\xe0\xb9\x84\xe0\xb8\xa1\xe0\xb9\x88\xe0\xb9\x80\xe0\xb8\x84\xe0\xb8\xa5\xe0\xb8\xb7\xe0\xb9\x88\xe0\xb8\xad\xe0\xb8\x99\xe0\xb9\x84\xe0\xb8\xab\xe0\xb8\xa7 \xe0\xb9\x80\xe0\xb8\x84\xe0\xb8\xa5\xe0\xb8\xb7\xe0\xb9\x88\xe0\xb8\xad\xe0\xb8\x99\xe0\xb9\x84\xe0\xb8\xab\xe0\xb8\xa7 \xe0\xb9\x83\xe0\xb8\x8a\xe0\xb9\x89\xe0\xb9\x82\xe0\xb8\xa1\xe0\xb8\x8a\xe0\xb8\xb1\xe0\xb8\x99\xe0\xb9\x80\xe0\xb8\xa7\xe0\xb8\x81\xe0\xb9\x80\xe0\xb8\x95\xe0\xb8\xad\xe0\xb8\xa3\xe0\xb9\x8c\xe0\xb8\x82\xe0\xb8\xad\xe0\xb8\x87\xe0\xb9\x80\xe0\xb8\x81\xe0\xb8\xa1 \xe0\xb8\x97\xe0\xb8\xb1\xe0\xb9\x89\xe0\xb8\x87\xe0\xb8\xaa\xe0\xb8\xad\xe0\xb8\x87\xe0\xb9\x81\xe0\xb8\x9a\xe0\xb8\x9a\xe0\xb8\x97\xe0\xb8\xb3\xe0\xb9\x83\xe0\xb8\xab\xe0\xb9\x89\xe0\xb8\x81\xe0\xb8\xb2\xe0\xb8\xa3\xe0\xb9\x80\xe0\xb8\x9b\xe0\xb8\xa5\xe0\xb8\xb5\xe0\xb9\x88\xe0\xb8\xa2\xe0\xb8\x99\xe0\xb9\x81\xe0\xb8\xaa\xe0\xb8\x87\xe0\xb8\x8a\xe0\xb9\x89\xe0\xb8\xb2\xe0\xb8\xa5\xe0\xb8\x87\xe0\xb9\x80\xe0\xb8\xa5\xe0\xb9\x87\xe0\xb8\x81\xe0\xb8\x99\xe0\xb9\x89\xe0\xb8\xad\xe0\xb8\xa2"},
    {"Stabilize time",
     "\xe0\xb9\x80\xe0\xb8\xa7\xe0\xb8\xa5\xe0\xb8\xb2\xe0\xb8\x97\xe0\xb8\xb3\xe0\xb9\x83\xe0\xb8\xab\xe0\xb9\x89\xe0\xb9\x80\xe0\xb8\xaa\xe0\xb8\x96\xe0\xb8\xb5\xe0\xb8\xa2\xe0\xb8\xa3"},
    {"%.0f ms",
     "%.0f ms"},
    {"How long the smoothing remembers: longer is steadier and slower to follow a lighting change.",
     "\xe0\xb8\xa3\xe0\xb8\xb0\xe0\xb8\xa2\xe0\xb8\xb0\xe0\xb9\x80\xe0\xb8\xa7\xe0\xb8\xa5\xe0\xb8\xb2\xe0\xb8\x97\xe0\xb8\xb5\xe0\xb9\x88\xe0\xb8\x81\xe0\xb8\xb2\xe0\xb8\xa3\xe0\xb8\x97\xe0\xb8\xb3\xe0\xb9\x83\xe0\xb8\xab\xe0\xb9\x89\xe0\xb8\x99\xe0\xb8\xb8\xe0\xb9\x88\xe0\xb8\xa1\xe0\xb8\x99\xe0\xb8\xa7\xe0\xb8\xa5\xe0\xb8\x88\xe0\xb8\x94\xe0\xb8\x88\xe0\xb8\xb3: \xe0\xb8\xa2\xe0\xb8\xb4\xe0\xb9\x88\xe0\xb8\x87\xe0\xb8\x99\xe0\xb8\xb2\xe0\xb8\x99\xe0\xb8\xa2\xe0\xb8\xb4\xe0\xb9\x88\xe0\xb8\x87\xe0\xb8\x99\xe0\xb8\xb4\xe0\xb9\x88\xe0\xb8\x87 \xe0\xb9\x81\xe0\xb8\x95\xe0\xb9\x88\xe0\xb8\x95\xe0\xb8\xb2\xe0\xb8\xa1\xe0\xb8\x81\xe0\xb8\xb2\xe0\xb8\xa3\xe0\xb9\x80\xe0\xb8\x9b\xe0\xb8\xa5\xe0\xb8\xb5\xe0\xb9\x88\xe0\xb8\xa2\xe0\xb8\x99\xe0\xb9\x81\xe0\xb8\xaa\xe0\xb8\x87\xe0\xb8\x8a\xe0\xb9\x89\xe0\xb8\xb2\xe0\xb8\xa5\xe0\xb8\x87"},
    {"Stabilize detail",
     "\xe0\xb8\x97\xe0\xb8\xb3\xe0\xb9\x83\xe0\xb8\xab\xe0\xb9\x89\xe0\xb8\xa3\xe0\xb8\xb2\xe0\xb8\xa2\xe0\xb8\xa5\xe0\xb8\xb0\xe0\xb9\x80\xe0\xb8\xad\xe0\xb8\xb5\xe0\xb8\xa2\xe0\xb8\x94\xe0\xb9\x80\xe0\xb8\xaa\xe0\xb8\x96\xe0\xb8\xb5\xe0\xb8\xa2\xe0\xb8\xa3"},
    {"Smooths the small-scale change too, not only the broad one.",
     "\xe0\xb8\x97\xe0\xb8\xb3\xe0\xb9\x83\xe0\xb8\xab\xe0\xb9\x89\xe0\xb8\x81\xe0\xb8\xb2\xe0\xb8\xa3\xe0\xb9\x80\xe0\xb8\x9b\xe0\xb8\xa5\xe0\xb8\xb5\xe0\xb9\x88\xe0\xb8\xa2\xe0\xb8\x99\xe0\xb9\x81\xe0\xb8\x9b\xe0\xb8\xa5\xe0\xb8\x87\xe0\xb8\x82\xe0\xb8\x99\xe0\xb8\xb2\xe0\xb8\x94\xe0\xb9\x80\xe0\xb8\xa5\xe0\xb9\x87\xe0\xb8\x81\xe0\xb8\x99\xe0\xb8\xb8\xe0\xb9\x88\xe0\xb8\xa1\xe0\xb8\x99\xe0\xb8\xa7\xe0\xb8\xa5\xe0\xb8\x94\xe0\xb9\x89\xe0\xb8\xa7\xe0\xb8\xa2 \xe0\xb9\x84\xe0\xb8\xa1\xe0\xb9\x88\xe0\xb9\x83\xe0\xb8\x8a\xe0\xb9\x88\xe0\xb9\x80\xe0\xb8\x89\xe0\xb8\x9e\xe0\xb8\xb2\xe0\xb8\xb0\xe0\xb8\xa0\xe0\xb8\xb2\xe0\xb8\x9e\xe0\xb8\xa3\xe0\xb8\xa7\xe0\xb8\xa1"},
    {"Runs Neural Rendering on the game's image before DLSS upscales it (pre-SR), against the game's own depth and motion.  The right choice for games whose DLSS renders below the display resolution.  Games that upscale with Ray Reconstruction keep running after it: its input is still noisy.",
     "\xe0\xb9\x83\xe0\xb8\x8a\xe0\xb9\x89 Neural Rendering \xe0\xb8\x81\xe0\xb8\xb1\xe0\xb8\x9a\xe0\xb8\xa0\xe0\xb8\xb2\xe0\xb8\x9e\xe0\xb8\x82\xe0\xb8\xad\xe0\xb8\x87\xe0\xb9\x80\xe0\xb8\x81\xe0\xb8\xa1\xe0\xb8\x81\xe0\xb9\x88\xe0\xb8\xad\xe0\xb8\x99 DLSS \xe0\xb8\xad\xe0\xb8\xb1\xe0\xb8\x9b\xe0\xb8\xaa\xe0\xb9\x80\xe0\xb8\x81\xe0\xb8\xa5 (pre-SR) \xe0\xb9\x82\xe0\xb8\x94\xe0\xb8\xa2\xe0\xb9\x83\xe0\xb8\x8a\xe0\xb9\x89\xe0\xb8\x84\xe0\xb8\xa7\xe0\xb8\xb2\xe0\xb8\xa1\xe0\xb8\xa5\xe0\xb8\xb6\xe0\xb8\x81\xe0\xb9\x81\xe0\xb8\xa5\xe0\xb8\xb0\xe0\xb8\x81\xe0\xb8\xb2\xe0\xb8\xa3\xe0\xb9\x80\xe0\xb8\x84\xe0\xb8\xa5\xe0\xb8\xb7\xe0\xb9\x88\xe0\xb8\xad\xe0\xb8\x99\xe0\xb9\x84\xe0\xb8\xab\xe0\xb8\xa7\xe0\xb8\x82\xe0\xb8\xad\xe0\xb8\x87\xe0\xb9\x80\xe0\xb8\x81\xe0\xb8\xa1 \xe0\xb9\x80\xe0\xb8\xab\xe0\xb8\xa1\xe0\xb8\xb2\xe0\xb8\xb0\xe0\xb8\x81\xe0\xb8\xb1\xe0\xb8\x9a\xe0\xb9\x80\xe0\xb8\x81\xe0\xb8\xa1\xe0\xb8\x97\xe0\xb8\xb5\xe0\xb9\x88 DLSS \xe0\xb9\x80\xe0\xb8\xa3\xe0\xb8\x99\xe0\xb9\x80\xe0\xb8\x94\xe0\xb8\xad\xe0\xb8\xa3\xe0\xb9\x8c\xe0\xb8\x95\xe0\xb9\x88\xe0\xb8\xb3\xe0\xb8\x81\xe0\xb8\xa7\xe0\xb9\x88\xe0\xb8\xb2\xe0\xb8\x84\xe0\xb8\xa7\xe0\xb8\xb2\xe0\xb8\xa1\xe0\xb8\xa5\xe0\xb8\xb0\xe0\xb9\x80\xe0\xb8\xad\xe0\xb8\xb5\xe0\xb8\xa2\xe0\xb8\x94\xe0\xb8\xab\xe0\xb8\x99\xe0\xb9\x89\xe0\xb8\xb2\xe0\xb8\x88\xe0\xb8\xad \xe0\xb9\x80\xe0\xb8\x81\xe0\xb8\xa1\xe0\xb8\x97\xe0\xb8\xb5\xe0\xb9\x88\xe0\xb8\xad\xe0\xb8\xb1\xe0\xb8\x9b\xe0\xb8\xaa\xe0\xb9\x80\xe0\xb8\x81\xe0\xb8\xa5\xe0\xb8\x94\xe0\xb9\x89\xe0\xb8\xa7\xe0\xb8\xa2 Ray Reconstruction \xe0\xb8\x88\xe0\xb8\xb0\xe0\xb8\xa2\xe0\xb8\xb1\xe0\xb8\x87\xe0\xb8\x97\xe0\xb8\xb3\xe0\xb8\x87\xe0\xb8\xb2\xe0\xb8\x99\xe0\xb8\xab\xe0\xb8\xa5\xe0\xb8\xb1\xe0\xb8\x87\xe0\xb8\x81\xe0\xb8\xb2\xe0\xb8\xa3\xe0\xb8\xad\xe0\xb8\xb1\xe0\xb8\x9b\xe0\xb8\xaa\xe0\xb9\x80\xe0\xb8\x81\xe0\xb8\xa5 \xe0\xb9\x80\xe0\xb8\x9e\xe0\xb8\xa3\xe0\xb8\xb2\xe0\xb8\xb0\xe0\xb8\xad\xe0\xb8\xb4\xe0\xb8\x99\xe0\xb8\x9e\xe0\xb8\xb8\xe0\xb8\x95\xe0\xb8\xa2\xe0\xb8\xb1\xe0\xb8\x87\xe0\xb8\xa1\xe0\xb8\xb5\xe0\xb8\x99\xe0\xb8\xad\xe0\xb8\xa2\xe0\xb8\xaa\xe0\xb9\x8c"},
    {"Runs Neural Rendering again on its own result: a stronger effect, and each extra pass costs the GPU time of one more pass.  Every pass keeps its own history (Chained history, under Fixes).",
     "\xe0\xb9\x83\xe0\xb8\x8a\xe0\xb9\x89 Neural Rendering \xe0\xb8\x8b\xe0\xb9\x89\xe0\xb8\xb3\xe0\xb8\x81\xe0\xb8\xb1\xe0\xb8\x9a\xe0\xb8\x9c\xe0\xb8\xa5\xe0\xb8\xa5\xe0\xb8\xb1\xe0\xb8\x9e\xe0\xb8\x98\xe0\xb9\x8c\xe0\xb8\x82\xe0\xb8\xad\xe0\xb8\x87\xe0\xb8\x95\xe0\xb8\xb1\xe0\xb8\xa7\xe0\xb9\x80\xe0\xb8\xad\xe0\xb8\x87: \xe0\xb9\x84\xe0\xb8\x94\xe0\xb9\x89\xe0\xb9\x80\xe0\xb8\xad\xe0\xb8\x9f\xe0\xb9\x80\xe0\xb8\x9f\xe0\xb8\x81\xe0\xb8\x95\xe0\xb9\x8c\xe0\xb8\x97\xe0\xb8\xb5\xe0\xb9\x88\xe0\xb9\x81\xe0\xb8\xa3\xe0\xb8\x87\xe0\xb8\x82\xe0\xb8\xb6\xe0\xb9\x89\xe0\xb8\x99 \xe0\xb9\x81\xe0\xb8\xa5\xe0\xb8\xb0\xe0\xb9\x81\xe0\xb8\x95\xe0\xb9\x88\xe0\xb8\xa5\xe0\xb8\xb0\xe0\xb8\x9e\xe0\xb8\xb2\xe0\xb8\xaa\xe0\xb8\x97\xe0\xb8\xb5\xe0\xb9\x88\xe0\xb9\x80\xe0\xb8\x9e\xe0\xb8\xb4\xe0\xb9\x88\xe0\xb8\xa1\xe0\xb8\x88\xe0\xb8\xb0\xe0\xb9\x83\xe0\xb8\x8a\xe0\xb9\x89\xe0\xb9\x80\xe0\xb8\xa7\xe0\xb8\xa5\xe0\xb8\xb2 GPU \xe0\xb9\x80\xe0\xb8\x97\xe0\xb9\x88\xe0\xb8\xb2\xe0\xb8\x81\xe0\xb8\xb1\xe0\xb8\x9a\xe0\xb8\xad\xe0\xb8\xb5\xe0\xb8\x81\xe0\xb8\xab\xe0\xb8\x99\xe0\xb8\xb6\xe0\xb9\x88\xe0\xb8\x87\xe0\xb8\x9e\xe0\xb8\xb2\xe0\xb8\xaa \xe0\xb9\x81\xe0\xb8\x95\xe0\xb9\x88\xe0\xb8\xa5\xe0\xb8\xb0\xe0\xb8\x9e\xe0\xb8\xb2\xe0\xb8\xaa\xe0\xb9\x80\xe0\xb8\x81\xe0\xb9\x87\xe0\xb8\x9a\xe0\xb8\x9b\xe0\xb8\xa3\xe0\xb8\xb0\xe0\xb8\xa7\xe0\xb8\xb1\xe0\xb8\x95\xe0\xb8\xb4\xe0\xb8\x82\xe0\xb8\xad\xe0\xb8\x87\xe0\xb8\x95\xe0\xb8\xb1\xe0\xb8\xa7\xe0\xb9\x80\xe0\xb8\xad\xe0\xb8\x87 (\xe0\xb8\x9b\xe0\xb8\xa3\xe0\xb8\xb0\xe0\xb8\xa7\xe0\xb8\xb1\xe0\xb8\x95\xe0\xb8\xb4\xe0\xb8\x95\xe0\xb9\x88\xe0\xb8\xad\xe0\xb9\x80\xe0\xb8\x99\xe0\xb8\xb7\xe0\xb9\x88\xe0\xb8\xad\xe0\xb8\x87 \xe0\xb9\x83\xe0\xb8\x99\xe0\xb8\xaa\xe0\xb9\x88\xe0\xb8\xa7\xe0\xb8\x99 \xe0\xb8\x81\xe0\xb8\xb2\xe0\xb8\xa3\xe0\xb9\x81\xe0\xb8\x81\xe0\xb9\x89\xe0\xb9\x84\xe0\xb8\x82)"},
    {"Pass %u",
     "\xe0\xb8\x9e\xe0\xb8\xb2\xe0\xb8\xaa %u"},
    {"HDR transfer",
     "\xe0\xb8\x81\xe0\xb8\xb2\xe0\xb8\xa3\xe0\xb8\x96\xe0\xb9\x88\xe0\xb8\xb2\xe0\xb8\xa2\xe0\xb9\x82\xe0\xb8\xad\xe0\xb8\x99 HDR"},
    {"Color",
     "\xe0\xb8\xaa\xe0\xb8\xb5"},
    {"Same as pass 1",
     "\xe0\xb9\x80\xe0\xb8\xab\xe0\xb8\xa1\xe0\xb8\xb7\xe0\xb8\xad\xe0\xb8\x99\xe0\xb8\x9e\xe0\xb8\xb2\xe0\xb8\xaa 1"},
    {"This pass steers the model with pass 1's Look settings.  Off gives it its own, below.",
     "\xe0\xb8\x9e\xe0\xb8\xb2\xe0\xb8\xaa\xe0\xb8\x99\xe0\xb8\xb5\xe0\xb9\x89\xe0\xb8\x84\xe0\xb8\xa7\xe0\xb8\x9a\xe0\xb8\x84\xe0\xb8\xb8\xe0\xb8\xa1\xe0\xb9\x82\xe0\xb8\xa1\xe0\xb9\x80\xe0\xb8\x94\xe0\xb8\xa5\xe0\xb8\x94\xe0\xb9\x89\xe0\xb8\xa7\xe0\xb8\xa2\xe0\xb8\x81\xe0\xb8\xb2\xe0\xb8\xa3\xe0\xb8\x95\xe0\xb8\xb1\xe0\xb9\x89\xe0\xb8\x87\xe0\xb8\x84\xe0\xb9\x88\xe0\xb8\xb2\xe0\xb8\xa5\xe0\xb8\xb8\xe0\xb8\x84\xe0\xb8\x82\xe0\xb8\xad\xe0\xb8\x87\xe0\xb8\x9e\xe0\xb8\xb2\xe0\xb8\xaa 1 \xe0\xb8\x9b\xe0\xb8\xb4\xe0\xb8\x94 \xe0\xb8\x88\xe0\xb8\xb0\xe0\xb9\x83\xe0\xb8\xab\xe0\xb9\x89\xe0\xb8\x9e\xe0\xb8\xb2\xe0\xb8\xaa\xe0\xb8\x99\xe0\xb8\xb5\xe0\xb9\x89\xe0\xb8\xa1\xe0\xb8\xb5\xe0\xb8\x81\xe0\xb8\xb2\xe0\xb8\xa3\xe0\xb8\x95\xe0\xb8\xb1\xe0\xb9\x89\xe0\xb8\x87\xe0\xb8\x84\xe0\xb9\x88\xe0\xb8\xb2\xe0\xb8\x82\xe0\xb8\xad\xe0\xb8\x87\xe0\xb8\x95\xe0\xb8\xb1\xe0\xb8\xa7\xe0\xb9\x80\xe0\xb8\xad\xe0\xb8\x87\xe0\xb8\x94\xe0\xb9\x89\xe0\xb8\xb2\xe0\xb8\x99\xe0\xb8\xa5\xe0\xb9\x88\xe0\xb8\xb2\xe0\xb8\x87"},
    {"The working resolution as a share of the full one.  Lower costs less GPU time.",
     "\xe0\xb8\x84\xe0\xb8\xa7\xe0\xb8\xb2\xe0\xb8\xa1\xe0\xb8\xa5\xe0\xb8\xb0\xe0\xb9\x80\xe0\xb8\xad\xe0\xb8\xb5\xe0\xb8\xa2\xe0\xb8\x94\xe0\xb8\x97\xe0\xb8\xb5\xe0\xb9\x88\xe0\xb9\x83\xe0\xb8\x8a\xe0\xb9\x89\xe0\xb8\x87\xe0\xb8\xb2\xe0\xb8\x99\xe0\xb9\x80\xe0\xb8\x9b\xe0\xb9\x87\xe0\xb8\x99\xe0\xb8\xaa\xe0\xb8\xb1\xe0\xb8\x94\xe0\xb8\xaa\xe0\xb9\x88\xe0\xb8\xa7\xe0\xb8\x99\xe0\xb8\x82\xe0\xb8\xad\xe0\xb8\x87\xe0\xb8\x84\xe0\xb8\xa7\xe0\xb8\xb2\xe0\xb8\xa1\xe0\xb8\xa5\xe0\xb8\xb0\xe0\xb9\x80\xe0\xb8\xad\xe0\xb8\xb5\xe0\xb8\xa2\xe0\xb8\x94\xe0\xb9\x80\xe0\xb8\x95\xe0\xb9\x87\xe0\xb8\xa1 \xe0\xb8\xa2\xe0\xb8\xb4\xe0\xb9\x88\xe0\xb8\x87\xe0\xb8\x95\xe0\xb9\x88\xe0\xb8\xb3\xe0\xb8\xa2\xe0\xb8\xb4\xe0\xb9\x88\xe0\xb8\x87\xe0\xb9\x83\xe0\xb8\x8a\xe0\xb9\x89\xe0\xb9\x80\xe0\xb8\xa7\xe0\xb8\xa5\xe0\xb8\xb2 GPU \xe0\xb8\x99\xe0\xb9\x89\xe0\xb8\xad\xe0\xb8\xa2"},
    {"Resolution scale",
     "\xe0\xb8\xaa\xe0\xb9\x80\xe0\xb8\x81\xe0\xb8\xa5\xe0\xb8\x84\xe0\xb8\xa7\xe0\xb8\xb2\xe0\xb8\xa1\xe0\xb8\xa5\xe0\xb8\xb0\xe0\xb9\x80\xe0\xb8\xad\xe0\xb8\xb5\xe0\xb8\xa2\xe0\xb8\x94"},
    {"follows the game (Match game)",
     "\xe0\xb8\x95\xe0\xb8\xb2\xe0\xb8\xa1\xe0\xb9\x80\xe0\xb8\x81\xe0\xb8\xa1 (\xe0\xb8\x95\xe0\xb8\xb2\xe0\xb8\xa1\xe0\xb9\x80\xe0\xb8\x81\xe0\xb8\xa1)"},
    {"Classic",
     "\xe0\xb8\x84\xe0\xb8\xa5\xe0\xb8\xb2\xe0\xb8\xaa\xe0\xb8\xaa\xe0\xb8\xb4\xe0\xb8\x81"},
    {"Edge-aware",
     "\xe0\xb8\x95\xe0\xb8\xb2\xe0\xb8\xa1\xe0\xb8\x82\xe0\xb8\xad\xe0\xb8\x9a"},
    {"Upsampling",
     "\xe0\xb8\xad\xe0\xb8\xb1\xe0\xb8\x9b\xe0\xb9\x81\xe0\xb8\x8b\xe0\xb8\xa1\xe0\xb8\x9b\xe0\xb8\xa5\xe0\xb8\xb4\xe0\xb8\x87"},
    {"How Neural Rendering's change reaches the screen when it works below the output resolution (no effect at 100%).  Edge-aware keeps the change on the edges it belongs to; Classic is the upsampling of earlier versions.",
     "\xe0\xb8\xa7\xe0\xb8\xb4\xe0\xb8\x98\xe0\xb8\xb5\xe0\xb8\x97\xe0\xb8\xb5\xe0\xb9\x88\xe0\xb8\x81\xe0\xb8\xb2\xe0\xb8\xa3\xe0\xb9\x80\xe0\xb8\x9b\xe0\xb8\xa5\xe0\xb8\xb5\xe0\xb9\x88\xe0\xb8\xa2\xe0\xb8\x99\xe0\xb9\x81\xe0\xb8\x9b\xe0\xb8\xa5\xe0\xb8\x87\xe0\xb8\x82\xe0\xb8\xad\xe0\xb8\x87 Neural Rendering \xe0\xb9\x84\xe0\xb8\x9b\xe0\xb8\x96\xe0\xb8\xb6\xe0\xb8\x87\xe0\xb8\xab\xe0\xb8\x99\xe0\xb9\x89\xe0\xb8\xb2\xe0\xb8\x88\xe0\xb8\xad\xe0\xb9\x80\xe0\xb8\xa1\xe0\xb8\xb7\xe0\xb9\x88\xe0\xb8\xad\xe0\xb8\x97\xe0\xb8\xb3\xe0\xb8\x87\xe0\xb8\xb2\xe0\xb8\x99\xe0\xb8\x95\xe0\xb9\x88\xe0\xb8\xb3\xe0\xb8\x81\xe0\xb8\xa7\xe0\xb9\x88\xe0\xb8\xb2\xe0\xb8\x84\xe0\xb8\xa7\xe0\xb8\xb2\xe0\xb8\xa1\xe0\xb8\xa5\xe0\xb8\xb0\xe0\xb9\x80\xe0\xb8\xad\xe0\xb8\xb5\xe0\xb8\xa2\xe0\xb8\x94\xe0\xb9\x80\xe0\xb8\xad\xe0\xb8\xb2\xe0\xb8\x95\xe0\xb9\x8c\xe0\xb8\x9e\xe0\xb8\xb8\xe0\xb8\x95 (\xe0\xb9\x84\xe0\xb8\xa1\xe0\xb9\x88\xe0\xb8\xa1\xe0\xb8\xb5\xe0\xb8\x9c\xe0\xb8\xa5\xe0\xb8\x97\xe0\xb8\xb5\xe0\xb9\x88 100%) \xe0\xb8\x95\xe0\xb8\xb2\xe0\xb8\xa1\xe0\xb8\x82\xe0\xb8\xad\xe0\xb8\x9a \xe0\xb8\x84\xe0\xb8\x87\xe0\xb8\x81\xe0\xb8\xb2\xe0\xb8\xa3\xe0\xb9\x80\xe0\xb8\x9b\xe0\xb8\xa5\xe0\xb8\xb5\xe0\xb9\x88\xe0\xb8\xa2\xe0\xb8\x99\xe0\xb9\x81\xe0\xb8\x9b\xe0\xb8\xa5\xe0\xb8\x87\xe0\xb9\x84\xe0\xb8\xa7\xe0\xb9\x89\xe0\xb8\x9a\xe0\xb8\x99\xe0\xb8\x82\xe0\xb8\xad\xe0\xb8\x9a\xe0\xb8\x97\xe0\xb8\xb5\xe0\xb9\x88\xe0\xb8\x96\xe0\xb8\xb9\xe0\xb8\x81\xe0\xb8\x95\xe0\xb9\x89\xe0\xb8\xad\xe0\xb8\x87 \xe0\xb8\x84\xe0\xb8\xa5\xe0\xb8\xb2\xe0\xb8\xaa\xe0\xb8\xaa\xe0\xb8\xb4\xe0\xb8\x81 \xe0\xb8\x84\xe0\xb8\xb7\xe0\xb8\xad\xe0\xb8\xad\xe0\xb8\xb1\xe0\xb8\x9b\xe0\xb9\x81\xe0\xb8\x8b\xe0\xb8\xa1\xe0\xb8\x9b\xe0\xb8\xa5\xe0\xb8\xb4\xe0\xb8\x87\xe0\xb8\x82\xe0\xb8\xad\xe0\xb8\x87\xe0\xb9\x80\xe0\xb8\xa7\xe0\xb8\xad\xe0\xb8\xa3\xe0\xb9\x8c\xe0\xb8\x8a\xe0\xb8\xb1\xe0\xb8\x99\xe0\xb8\x81\xe0\xb9\x88\xe0\xb8\xad\xe0\xb8\x99\xe0\xb8\xab\xe0\xb8\x99\xe0\xb9\x89\xe0\xb8\xb2"},
    {"Working at",
     "\xe0\xb8\x97\xe0\xb8\xb3\xe0\xb8\x87\xe0\xb8\xb2\xe0\xb8\x99\xe0\xb8\x97\xe0\xb8\xb5\xe0\xb9\x88"},
    {"Auto (recommended)",
     "\xe0\xb8\xad\xe0\xb8\xb1\xe0\xb8\x95\xe0\xb9\x82\xe0\xb8\x99\xe0\xb8\xa1\xe0\xb8\xb1\xe0\xb8\x95\xe0\xb8\xb4 (\xe0\xb9\x81\xe0\xb8\x99\xe0\xb8\xb0\xe0\xb8\x99\xe0\xb8\xb3)"},
    {"Classic (manual)",
     "\xe0\xb8\x84\xe0\xb8\xa5\xe0\xb8\xb2\xe0\xb8\xaa\xe0\xb8\xaa\xe0\xb8\xb4\xe0\xb8\x81 (\xe0\xb8\x81\xe0\xb8\xb3\xe0\xb8\xab\xe0\xb8\x99\xe0\xb8\x94\xe0\xb9\x80\xe0\xb8\xad\xe0\xb8\x87)"},
    {"Anchored (manual)",
     "\xe0\xb8\xa2\xe0\xb8\xb6\xe0\xb8\x94\xe0\xb8\x84\xe0\xb9\x88\xe0\xb8\xb2 (\xe0\xb8\x81\xe0\xb8\xb3\xe0\xb8\xab\xe0\xb8\x99\xe0\xb8\x94\xe0\xb9\x80\xe0\xb8\xad\xe0\xb8\x87)"},
    {"Display (fixed)",
     "\xe0\xb8\x88\xe0\xb8\xad\xe0\xb9\x81\xe0\xb8\xaa\xe0\xb8\x94\xe0\xb8\x87\xe0\xb8\x9c\xe0\xb8\xa5 (\xe0\xb8\x84\xe0\xb8\x87\xe0\xb8\x97\xe0\xb8\xb5\xe0\xb9\x88)"},
    {"How the game's HDR image is prepared for Neural Rendering and brought back.  Auto is right for nearly every game.",
     "\xe0\xb8\xa7\xe0\xb8\xb4\xe0\xb8\x98\xe0\xb8\xb5\xe0\xb9\x80\xe0\xb8\x95\xe0\xb8\xa3\xe0\xb8\xb5\xe0\xb8\xa2\xe0\xb8\xa1\xe0\xb8\xa0\xe0\xb8\xb2\xe0\xb8\x9e HDR \xe0\xb8\x82\xe0\xb8\xad\xe0\xb8\x87\xe0\xb9\x80\xe0\xb8\x81\xe0\xb8\xa1\xe0\xb8\xaa\xe0\xb8\xb3\xe0\xb8\xab\xe0\xb8\xa3\xe0\xb8\xb1\xe0\xb8\x9a Neural Rendering \xe0\xb9\x81\xe0\xb8\xa5\xe0\xb8\xb0\xe0\xb9\x81\xe0\xb8\x9b\xe0\xb8\xa5\xe0\xb8\x87\xe0\xb8\x81\xe0\xb8\xa5\xe0\xb8\xb1\xe0\xb8\x9a \xe0\xb8\xad\xe0\xb8\xb1\xe0\xb8\x95\xe0\xb9\x82\xe0\xb8\x99\xe0\xb8\xa1\xe0\xb8\xb1\xe0\xb8\x95\xe0\xb8\xb4 \xe0\xb9\x80\xe0\xb8\xab\xe0\xb8\xa1\xe0\xb8\xb2\xe0\xb8\xb0\xe0\xb8\x81\xe0\xb8\xb1\xe0\xb8\x9a\xe0\xb9\x80\xe0\xb8\x81\xe0\xb8\xa1\xe0\xb9\x80\xe0\xb8\x81\xe0\xb8\xb7\xe0\xb8\xad\xe0\xb8\x9a\xe0\xb8\x97\xe0\xb8\xb1\xe0\xb9\x89\xe0\xb8\x87\xe0\xb8\xab\xe0\xb8\xa1\xe0\xb8\x94"},
    {"Scaling now",
     "\xe0\xb8\xaa\xe0\xb9\x80\xe0\xb8\x81\xe0\xb8\xa5\xe0\xb8\x9b\xe0\xb8\xb1\xe0\xb8\x88\xe0\xb8\x88\xe0\xb8\xb8\xe0\xb8\x9a\xe0\xb8\xb1\xe0\xb8\x99"},
    {"fixed, %.0f nits per unit",
     "\xe0\xb8\x84\xe0\xb8\x87\xe0\xb8\x97\xe0\xb8\xb5\xe0\xb9\x88 %.0f nits \xe0\xb8\x95\xe0\xb9\x88\xe0\xb8\xad\xe0\xb8\xab\xe0\xb8\x99\xe0\xb9\x88\xe0\xb8\xa7\xe0\xb8\xa2"},
    {"GPU autoscale, governor %s",
     "GPU \xe0\xb8\x9b\xe0\xb8\xa3\xe0\xb8\xb1\xe0\xb8\x9a\xe0\xb8\xaa\xe0\xb9\x80\xe0\xb8\x81\xe0\xb8\xa5\xe0\xb8\xad\xe0\xb8\xb1\xe0\xb8\x95\xe0\xb9\x82\xe0\xb8\x99\xe0\xb8\xa1\xe0\xb8\xb1\xe0\xb8\x95\xe0\xb8\xb4, \xe0\xb8\x95\xe0\xb8\xb1\xe0\xb8\xa7\xe0\xb8\x84\xe0\xb8\xa7\xe0\xb8\x9a\xe0\xb8\x84\xe0\xb8\xb8\xe0\xb8\xa1 %s"},
    {"off (raw candidate)",
     "\xe0\xb8\x9b\xe0\xb8\xb4\xe0\xb8\x94 (\xe0\xb8\x84\xe0\xb9\x88\xe0\xb8\xb2\xe0\xb8\x94\xe0\xb8\xb4\xe0\xb8\x9a)"},
    {"slew",
     "\xe0\xb8\x88\xe0\xb8\xb3\xe0\xb8\x81\xe0\xb8\xb1\xe0\xb8\x94\xe0\xb8\xad\xe0\xb8\xb1\xe0\xb8\x95\xe0\xb8\xa3\xe0\xb8\xb2"},
    {"Proxy anchor (nits)",
     "\xe0\xb8\x88\xe0\xb8\xb8\xe0\xb8\x94\xe0\xb8\xa2\xe0\xb8\xb6\xe0\xb8\x94\xe0\xb8\x9e\xe0\xb8\xa3\xe0\xb9\x87\xe0\xb8\xad\xe0\xb8\x81\xe0\xb8\x8b\xe0\xb8\xb5 (nits)"},
    {"Used only for calibrated absolute HDR. Relative HDR uses the current frame's GPU-derived scale.",
     "\xe0\xb9\x83\xe0\xb8\x8a\xe0\xb9\x89\xe0\xb9\x80\xe0\xb8\x89\xe0\xb8\x9e\xe0\xb8\xb2\xe0\xb8\xb0\xe0\xb8\x81\xe0\xb8\xb1\xe0\xb8\x9a HDR \xe0\xb9\x81\xe0\xb8\x9a\xe0\xb8\x9a\xe0\xb8\xaa\xe0\xb8\xb1\xe0\xb8\xa1\xe0\xb8\x9a\xe0\xb8\xb9\xe0\xb8\xa3\xe0\xb8\x93\xe0\xb9\x8c\xe0\xb8\x97\xe0\xb8\xb5\xe0\xb9\x88\xe0\xb8\x9b\xe0\xb8\xa3\xe0\xb8\xb1\xe0\xb8\x9a\xe0\xb9\x80\xe0\xb8\x97\xe0\xb8\xb5\xe0\xb8\xa2\xe0\xb8\x9a\xe0\xb9\x81\xe0\xb8\xa5\xe0\xb9\x89\xe0\xb8\xa7 HDR \xe0\xb9\x81\xe0\xb8\x9a\xe0\xb8\x9a\xe0\xb8\xaa\xe0\xb8\xb1\xe0\xb8\xa1\xe0\xb8\x9e\xe0\xb8\xb1\xe0\xb8\x97\xe0\xb8\x98\xe0\xb9\x8c\xe0\xb9\x83\xe0\xb8\x8a\xe0\xb9\x89\xe0\xb8\xaa\xe0\xb9\x80\xe0\xb8\x81\xe0\xb8\xa5\xe0\xb8\x97\xe0\xb8\xb5\xe0\xb9\x88 GPU \xe0\xb8\x84\xe0\xb8\xb3\xe0\xb8\x99\xe0\xb8\xa7\xe0\xb8\x93\xe0\xb8\x88\xe0\xb8\xb2\xe0\xb8\x81\xe0\xb9\x80\xe0\xb8\x9f\xe0\xb8\xa3\xe0\xb8\xa1\xe0\xb8\x9b\xe0\xb8\xb1\xe0\xb8\x88\xe0\xb8\x88\xe0\xb8\xb8\xe0\xb8\x9a\xe0\xb8\xb1\xe0\xb8\x99"},
    {"Source interpretation",
     "\xe0\xb8\x81\xe0\xb8\xb2\xe0\xb8\xa3\xe0\xb8\x95\xe0\xb8\xb5\xe0\xb8\x84\xe0\xb8\xa7\xe0\xb8\xb2\xe0\xb8\xa1\xe0\xb9\x81\xe0\xb8\xab\xe0\xb8\xa5\xe0\xb9\x88\xe0\xb8\x87\xe0\xb8\xa0\xe0\xb8\xb2\xe0\xb8\x9e"},
    {"Auto (format evidence)",
     "\xe0\xb8\xad\xe0\xb8\xb1\xe0\xb8\x95\xe0\xb9\x82\xe0\xb8\x99\xe0\xb8\xa1\xe0\xb8\xb1\xe0\xb8\x95\xe0\xb8\xb4 (\xe0\xb8\x95\xe0\xb8\xb2\xe0\xb8\xa1\xe0\xb8\x9f\xe0\xb8\xad\xe0\xb8\xa3\xe0\xb9\x8c\xe0\xb9\x81\xe0\xb8\xa1\xe0\xb8\x95)"},
    {"SDR / relative",
     "SDR / \xe0\xb8\xaa\xe0\xb8\xb1\xe0\xb8\xa1\xe0\xb8\x9e\xe0\xb8\xb1\xe0\xb8\x97\xe0\xb8\x98\xe0\xb9\x8c"},
    {"Linear",
     "\xe0\xb9\x80\xe0\xb8\x8a\xe0\xb8\xb4\xe0\xb8\x87\xe0\xb9\x80\xe0\xb8\xaa\xe0\xb9\x89\xe0\xb8\x99"},
    {"PQ / 10,000 nits",
     "PQ / 10,000 nits"},
    {"Encoding",
     "\xe0\xb8\x81\xe0\xb8\xb2\xe0\xb8\xa3\xe0\xb9\x80\xe0\xb8\x82\xe0\xb9\x89\xe0\xb8\xb2\xe0\xb8\xa3\xe0\xb8\xab\xe0\xb8\xb1\xe0\xb8\xaa"},
    {"What the game's image is.  Auto reads it from the image format; override only an engine that declares its format wrongly.",
     "\xe0\xb8\x8a\xe0\xb8\x99\xe0\xb8\xb4\xe0\xb8\x94\xe0\xb8\x82\xe0\xb8\xad\xe0\xb8\x87\xe0\xb8\xa0\xe0\xb8\xb2\xe0\xb8\x9e\xe0\xb9\x80\xe0\xb8\x81\xe0\xb8\xa1 \xe0\xb8\xad\xe0\xb8\xb1\xe0\xb8\x95\xe0\xb9\x82\xe0\xb8\x99\xe0\xb8\xa1\xe0\xb8\xb1\xe0\xb8\x95\xe0\xb8\xb4 \xe0\xb8\xad\xe0\xb9\x88\xe0\xb8\xb2\xe0\xb8\x99\xe0\xb8\x88\xe0\xb8\xb2\xe0\xb8\x81\xe0\xb8\x9f\xe0\xb8\xad\xe0\xb8\xa3\xe0\xb9\x8c\xe0\xb9\x81\xe0\xb8\xa1\xe0\xb8\x95\xe0\xb8\x82\xe0\xb8\xad\xe0\xb8\x87\xe0\xb8\xa0\xe0\xb8\xb2\xe0\xb8\x9e \xe0\xb9\x83\xe0\xb8\xab\xe0\xb9\x89\xe0\xb9\x80\xe0\xb8\x9b\xe0\xb8\xa5\xe0\xb8\xb5\xe0\xb9\x88\xe0\xb8\xa2\xe0\xb8\x99\xe0\xb9\x80\xe0\xb8\x89\xe0\xb8\x9e\xe0\xb8\xb2\xe0\xb8\xb0\xe0\xb9\x80\xe0\xb8\xad\xe0\xb8\x99\xe0\xb8\x88\xe0\xb8\xb4\xe0\xb8\x99\xe0\xb8\x97\xe0\xb8\xb5\xe0\xb9\x88\xe0\xb8\x9b\xe0\xb8\xa3\xe0\xb8\xb0\xe0\xb8\x81\xe0\xb8\xb2\xe0\xb8\xa8\xe0\xb8\x9f\xe0\xb8\xad\xe0\xb8\xa3\xe0\xb9\x8c\xe0\xb9\x81\xe0\xb8\xa1\xe0\xb8\x95\xe0\xb8\x9c\xe0\xb8\xb4\xe0\xb8\x94"},
    {"Linear unit (nits)",
     "\xe0\xb8\xab\xe0\xb8\x99\xe0\xb9\x88\xe0\xb8\xa7\xe0\xb8\xa2\xe0\xb9\x80\xe0\xb8\x8a\xe0\xb8\xb4\xe0\xb8\x87\xe0\xb9\x80\xe0\xb8\xaa\xe0\xb9\x89\xe0\xb8\x99 (nits)"},
    {"Nits per 1.0 of a linear source: 0 keeps it relative (GPU autoscale); a positive value marks it calibrated/absolute.",
     "nits \xe0\xb8\x95\xe0\xb9\x88\xe0\xb8\xad\xe0\xb8\x84\xe0\xb9\x88\xe0\xb8\xb2 1.0 \xe0\xb8\x82\xe0\xb8\xad\xe0\xb8\x87\xe0\xb9\x81\xe0\xb8\xab\xe0\xb8\xa5\xe0\xb9\x88\xe0\xb8\x87\xe0\xb9\x80\xe0\xb8\x8a\xe0\xb8\xb4\xe0\xb8\x87\xe0\xb9\x80\xe0\xb8\xaa\xe0\xb9\x89\xe0\xb8\x99: 0 \xe0\xb8\x84\xe0\xb8\x87\xe0\xb9\x80\xe0\xb8\x9b\xe0\xb9\x87\xe0\xb8\x99\xe0\xb9\x81\xe0\xb8\x9a\xe0\xb8\x9a\xe0\xb8\xaa\xe0\xb8\xb1\xe0\xb8\xa1\xe0\xb8\x9e\xe0\xb8\xb1\xe0\xb8\x97\xe0\xb8\x98\xe0\xb9\x8c (GPU \xe0\xb8\x9b\xe0\xb8\xa3\xe0\xb8\xb1\xe0\xb8\x9a\xe0\xb8\xaa\xe0\xb9\x80\xe0\xb8\x81\xe0\xb8\xa5\xe0\xb8\xad\xe0\xb8\xb1\xe0\xb8\x95\xe0\xb9\x82\xe0\xb8\x99\xe0\xb8\xa1\xe0\xb8\xb1\xe0\xb8\x95\xe0\xb8\xb4) \xe0\xb8\x84\xe0\xb9\x88\xe0\xb8\xb2\xe0\xb8\x9a\xe0\xb8\xa7\xe0\xb8\x81\xe0\xb8\xa3\xe0\xb8\xb0\xe0\xb8\x9a\xe0\xb8\xb8\xe0\xb8\xa7\xe0\xb9\x88\xe0\xb8\xb2\xe0\xb8\x9b\xe0\xb8\xa3\xe0\xb8\xb1\xe0\xb8\x9a\xe0\xb9\x80\xe0\xb8\x97\xe0\xb8\xb5\xe0\xb8\xa2\xe0\xb8\x9a\xe0\xb9\x81\xe0\xb8\xa5\xe0\xb9\x89\xe0\xb8\xa7/\xe0\xb8\xaa\xe0\xb8\xb1\xe0\xb8\xa1\xe0\xb8\x9a\xe0\xb8\xb9\xe0\xb8\xa3\xe0\xb8\x93\xe0\xb9\x8c"},
    {"Auto",
     "\xe0\xb8\xad\xe0\xb8\xb1\xe0\xb8\x95\xe0\xb9\x82\xe0\xb8\x99\xe0\xb8\xa1\xe0\xb8\xb1\xe0\xb8\x95\xe0\xb8\xb4"},
    {"BT.709",
     "BT.709"},
    {"BT.2020",
     "BT.2020"},
    {"AP1 (ACEScg)",
     "AP1 (ACEScg)"},
    {"Primaries",
     "\xe0\xb9\x84\xe0\xb8\x9e\xe0\xb8\xa3\xe0\xb8\xa1\xe0\xb8\xb2\xe0\xb8\xa3\xe0\xb8\xb5"},
    {"Advisory label only - the neural model works in wide gamut and no conversion is applied.",
     "\xe0\xb9\x80\xe0\xb8\x9b\xe0\xb9\x87\xe0\xb8\x99\xe0\xb8\x9b\xe0\xb9\x89\xe0\xb8\xb2\xe0\xb8\xa2\xe0\xb8\x81\xe0\xb8\xb3\xe0\xb8\x81\xe0\xb8\xb1\xe0\xb8\x9a\xe0\xb9\x80\xe0\xb8\x9e\xe0\xb8\xb7\xe0\xb9\x88\xe0\xb8\xad\xe0\xb8\x82\xe0\xb9\x89\xe0\xb8\xad\xe0\xb8\xa1\xe0\xb8\xb9\xe0\xb8\xa5\xe0\xb9\x80\xe0\xb8\x97\xe0\xb9\x88\xe0\xb8\xb2\xe0\xb8\x99\xe0\xb8\xb1\xe0\xb9\x89\xe0\xb8\x99 - \xe0\xb9\x82\xe0\xb8\xa1\xe0\xb9\x80\xe0\xb8\x94\xe0\xb8\xa5\xe0\xb8\x99\xe0\xb8\xb4\xe0\xb8\xa7\xe0\xb8\xa3\xe0\xb8\xb1\xe0\xb8\xa5\xe0\xb8\x97\xe0\xb8\xb3\xe0\xb8\x87\xe0\xb8\xb2\xe0\xb8\x99\xe0\xb9\x83\xe0\xb8\x99\xe0\xb8\x82\xe0\xb8\xad\xe0\xb8\x9a\xe0\xb9\x80\xe0\xb8\x82\xe0\xb8\x95\xe0\xb8\xaa\xe0\xb8\xb5\xe0\xb8\x81\xe0\xb8\xa7\xe0\xb9\x89\xe0\xb8\xb2\xe0\xb8\x87\xe0\xb9\x81\xe0\xb8\xa5\xe0\xb8\xb0\xe0\xb9\x84\xe0\xb8\xa1\xe0\xb9\x88\xe0\xb8\xa1\xe0\xb8\xb5\xe0\xb8\x81\xe0\xb8\xb2\xe0\xb8\xa3\xe0\xb9\x81\xe0\xb8\x9b\xe0\xb8\xa5\xe0\xb8\x87\xe0\xb8\xaa\xe0\xb8\xb5"},
    {"PQ calibration",
     "\xe0\xb8\x81\xe0\xb8\xb2\xe0\xb8\xa3\xe0\xb8\x9b\xe0\xb8\xa3\xe0\xb8\xb1\xe0\xb8\x9a\xe0\xb9\x80\xe0\xb8\x97\xe0\xb8\xb5\xe0\xb8\xa2\xe0\xb8\x9a PQ"},
    {"Extra scene-linear gain for PQ sources (classic and Auto over absolute units).  1 = the 203-nit BT.2408 reference; the pre-v6 default was 2.5375 and migrated configs keep it.",
     "\xe0\xb9\x80\xe0\xb8\x81\xe0\xb8\x99\xe0\xb9\x80\xe0\xb8\x8a\xe0\xb8\xb4\xe0\xb8\x87\xe0\xb9\x80\xe0\xb8\xaa\xe0\xb9\x89\xe0\xb8\x99\xe0\xb8\x82\xe0\xb8\xad\xe0\xb8\x87\xe0\xb8\x89\xe0\xb8\xb2\xe0\xb8\x81\xe0\xb9\x80\xe0\xb8\x9e\xe0\xb8\xb4\xe0\xb9\x88\xe0\xb8\xa1\xe0\xb9\x80\xe0\xb8\x95\xe0\xb8\xb4\xe0\xb8\xa1\xe0\xb8\xaa\xe0\xb8\xb3\xe0\xb8\xab\xe0\xb8\xa3\xe0\xb8\xb1\xe0\xb8\x9a\xe0\xb9\x81\xe0\xb8\xab\xe0\xb8\xa5\xe0\xb9\x88\xe0\xb8\x87 PQ (\xe0\xb8\x84\xe0\xb8\xa5\xe0\xb8\xb2\xe0\xb8\xaa\xe0\xb8\xaa\xe0\xb8\xb4\xe0\xb8\x81 \xe0\xb9\x81\xe0\xb8\xa5\xe0\xb8\xb0 \xe0\xb8\xad\xe0\xb8\xb1\xe0\xb8\x95\xe0\xb9\x82\xe0\xb8\x99\xe0\xb8\xa1\xe0\xb8\xb1\xe0\xb8\x95\xe0\xb8\xb4 \xe0\xb8\x9a\xe0\xb8\x99\xe0\xb8\xab\xe0\xb8\x99\xe0\xb9\x88\xe0\xb8\xa7\xe0\xb8\xa2\xe0\xb8\xaa\xe0\xb8\xb1\xe0\xb8\xa1\xe0\xb8\x9a\xe0\xb8\xb9\xe0\xb8\xa3\xe0\xb8\x93\xe0\xb9\x8c) 1 = \xe0\xb8\x84\xe0\xb9\x88\xe0\xb8\xb2\xe0\xb8\xad\xe0\xb9\x89\xe0\xb8\xb2\xe0\xb8\x87\xe0\xb8\xad\xe0\xb8\xb4\xe0\xb8\x87 BT.2408 \xe0\xb8\x97\xe0\xb8\xb5\xe0\xb9\x88 203 nits \xe0\xb8\x84\xe0\xb9\x88\xe0\xb8\xb2\xe0\xb9\x80\xe0\xb8\xa3\xe0\xb8\xb4\xe0\xb9\x88\xe0\xb8\xa1\xe0\xb8\x95\xe0\xb9\x89\xe0\xb8\x99\xe0\xb8\x81\xe0\xb9\x88\xe0\xb8\xad\xe0\xb8\x99 v6 \xe0\xb8\x84\xe0\xb8\xb7\xe0\xb8\xad 2.5375 \xe0\xb9\x81\xe0\xb8\xa5\xe0\xb8\xb0\xe0\xb8\x81\xe0\xb8\xb2\xe0\xb8\xa3\xe0\xb8\x95\xe0\xb8\xb1\xe0\xb9\x89\xe0\xb8\x87\xe0\xb8\x84\xe0\xb9\x88\xe0\xb8\xb2\xe0\xb8\x97\xe0\xb8\xb5\xe0\xb9\x88\xe0\xb8\xa2\xe0\xb9\x89\xe0\xb8\xb2\xe0\xb8\xa2\xe0\xb8\xa1\xe0\xb8\xb2\xe0\xb8\x88\xe0\xb8\xb0\xe0\xb8\x84\xe0\xb8\x87\xe0\xb8\x84\xe0\xb9\x88\xe0\xb8\xb2\xe0\xb8\x99\xe0\xb8\xb1\xe0\xb9\x89\xe0\xb8\x99\xe0\xb9\x84\xe0\xb8\xa7\xe0\xb9\x89"},
    {"Scene white scale",
     "\xe0\xb8\xaa\xe0\xb9\x80\xe0\xb8\x81\xe0\xb8\xa5\xe0\xb9\x84\xe0\xb8\xa7\xe0\xb8\x95\xe0\xb9\x8c\xe0\xb8\x82\xe0\xb8\xad\xe0\xb8\x87\xe0\xb8\x89\xe0\xb8\xb2\xe0\xb8\x81"},
    {"Always",
     "\xe0\xb9\x80\xe0\xb8\xaa\xe0\xb8\xa1\xe0\xb8\xad"},
    {"Dark pedestal removal",
     "\xe0\xb8\x81\xe0\xb8\xb2\xe0\xb8\xa3\xe0\xb8\xa5\xe0\xb8\x9a\xe0\xb8\x90\xe0\xb8\xb2\xe0\xb8\x99\xe0\xb8\xa1\xe0\xb8\xb7\xe0\xb8\x94"},
    {"Float-HDR games: whether the dark lift the model adds in near-black areas is removed; HDR Transfer Strength sets how much.  Auto skips the removal where the game's brightness is relative (Kingdom Come Deliverance II, Alan Wake 2, GTA V): there it reads shadow noise as a lift and darkens shadows block by block, which flickers.  Always removes it in every HDR game, as releases up to rc7 did.",
     "\xe0\xb9\x80\xe0\xb8\x81\xe0\xb8\xa1 float-HDR: \xe0\xb8\x88\xe0\xb8\xb0\xe0\xb8\xa5\xe0\xb8\x9a\xe0\xb8\x81\xe0\xb8\xb2\xe0\xb8\xa3\xe0\xb8\xa2\xe0\xb8\x81\xe0\xb8\xaa\xe0\xb9\x88\xe0\xb8\xa7\xe0\xb8\x99\xe0\xb8\xa1\xe0\xb8\xb7\xe0\xb8\x94\xe0\xb8\x97\xe0\xb8\xb5\xe0\xb9\x88\xe0\xb9\x82\xe0\xb8\xa1\xe0\xb9\x80\xe0\xb8\x94\xe0\xb8\xa5\xe0\xb9\x80\xe0\xb8\x9e\xe0\xb8\xb4\xe0\xb9\x88\xe0\xb8\xa1\xe0\xb9\x83\xe0\xb8\x99\xe0\xb8\x9a\xe0\xb8\xa3\xe0\xb8\xb4\xe0\xb9\x80\xe0\xb8\xa7\xe0\xb8\x93\xe0\xb9\x80\xe0\xb8\x81\xe0\xb8\xb7\xe0\xb8\xad\xe0\xb8\x9a\xe0\xb8\x94\xe0\xb8\xb3\xe0\xb8\xab\xe0\xb8\xa3\xe0\xb8\xb7\xe0\xb8\xad\xe0\xb9\x84\xe0\xb8\xa1\xe0\xb9\x88 \xe0\xb9\x82\xe0\xb8\x94\xe0\xb8\xa2\xe0\xb8\x81\xe0\xb8\xb2\xe0\xb8\xa3\xe0\xb8\x96\xe0\xb9\x88\xe0\xb8\xb2\xe0\xb8\xa2\xe0\xb9\x82\xe0\xb8\xad\xe0\xb8\x99 HDR \xe0\xb8\x81\xe0\xb8\xb3\xe0\xb8\xab\xe0\xb8\x99\xe0\xb8\x94\xe0\xb8\x9b\xe0\xb8\xa3\xe0\xb8\xb4\xe0\xb8\xa1\xe0\xb8\xb2\xe0\xb8\x93  \xe0\xb8\xad\xe0\xb8\xb1\xe0\xb8\x95\xe0\xb9\x82\xe0\xb8\x99\xe0\xb8\xa1\xe0\xb8\xb1\xe0\xb8\x95\xe0\xb8\xb4\xe0\xb8\x88\xe0\xb8\xb0\xe0\xb8\x82\xe0\xb9\x89\xe0\xb8\xb2\xe0\xb8\xa1\xe0\xb8\x81\xe0\xb8\xb2\xe0\xb8\xa3\xe0\xb8\xa5\xe0\xb8\x9a\xe0\xb9\x80\xe0\xb8\xa1\xe0\xb8\xb7\xe0\xb9\x88\xe0\xb8\xad\xe0\xb8\x84\xe0\xb8\xa7\xe0\xb8\xb2\xe0\xb8\xa1\xe0\xb8\xaa\xe0\xb8\xa7\xe0\xb9\x88\xe0\xb8\xb2\xe0\xb8\x87\xe0\xb8\x82\xe0\xb8\xad\xe0\xb8\x87\xe0\xb9\x80\xe0\xb8\x81\xe0\xb8\xa1\xe0\xb9\x80\xe0\xb8\x9b\xe0\xb9\x87\xe0\xb8\x99\xe0\xb8\x84\xe0\xb9\x88\xe0\xb8\xb2\xe0\xb8\xaa\xe0\xb8\xb1\xe0\xb8\xa1\xe0\xb8\x9e\xe0\xb8\xb1\xe0\xb8\x97\xe0\xb8\x98\xe0\xb9\x8c (Kingdom Come Deliverance II, Alan Wake 2, GTA V): \xe0\xb8\x97\xe0\xb8\xb5\xe0\xb9\x88\xe0\xb8\x99\xe0\xb8\xb1\xe0\xb9\x88\xe0\xb8\x99\xe0\xb8\xa1\xe0\xb8\xb1\xe0\xb8\x99\xe0\xb9\x80\xe0\xb8\x82\xe0\xb9\x89\xe0\xb8\xb2\xe0\xb9\x83\xe0\xb8\x88\xe0\xb8\xaa\xe0\xb8\xb1\xe0\xb8\x8d\xe0\xb8\x8d\xe0\xb8\xb2\xe0\xb8\x93\xe0\xb8\xa3\xe0\xb8\x9a\xe0\xb8\x81\xe0\xb8\xa7\xe0\xb8\x99\xe0\xb9\x83\xe0\xb8\x99\xe0\xb9\x80\xe0\xb8\x87\xe0\xb8\xb2\xe0\xb8\xa7\xe0\xb9\x88\xe0\xb8\xb2\xe0\xb9\x80\xe0\xb8\x9b\xe0\xb9\x87\xe0\xb8\x99\xe0\xb8\x81\xe0\xb8\xb2\xe0\xb8\xa3\xe0\xb8\xa2\xe0\xb8\x81\xe0\xb9\x81\xe0\xb8\xa5\xe0\xb8\xb0\xe0\xb8\x97\xe0\xb8\xb3\xe0\xb9\x83\xe0\xb8\xab\xe0\xb9\x89\xe0\xb9\x80\xe0\xb8\x87\xe0\xb8\xb2\xe0\xb8\xa1\xe0\xb8\xb7\xe0\xb8\x94\xe0\xb8\xa5\xe0\xb8\x87\xe0\xb8\x97\xe0\xb8\xb5\xe0\xb8\xa5\xe0\xb8\xb0\xe0\xb8\x9a\xe0\xb8\xa5\xe0\xb9\x87\xe0\xb8\xad\xe0\xb8\x81 \xe0\xb8\x8b\xe0\xb8\xb6\xe0\xb9\x88\xe0\xb8\x87\xe0\xb8\x97\xe0\xb8\xb3\xe0\xb9\x83\xe0\xb8\xab\xe0\xb9\x89\xe0\xb8\x81\xe0\xb8\xb0\xe0\xb8\x9e\xe0\xb8\xa3\xe0\xb8\xb4\xe0\xb8\x9a  \xe0\xb9\x80\xe0\xb8\xaa\xe0\xb8\xa1\xe0\xb8\xad\xe0\xb8\x88\xe0\xb8\xb0\xe0\xb8\xa5\xe0\xb8\x9a\xe0\xb9\x83\xe0\xb8\x99\xe0\xb8\x97\xe0\xb8\xb8\xe0\xb8\x81\xe0\xb9\x80\xe0\xb8\x81\xe0\xb8\xa1 HDR \xe0\xb9\x80\xe0\xb8\xab\xe0\xb8\xa1\xe0\xb8\xb7\xe0\xb8\xad\xe0\xb8\x99\xe0\xb8\xa3\xe0\xb8\xb8\xe0\xb9\x88\xe0\xb8\x99\xe0\xb8\x88\xe0\xb8\x99\xe0\xb8\x96\xe0\xb8\xb6\xe0\xb8\x87 rc7"},
    {"Chroma clamp",
     "\xe0\xb8\x88\xe0\xb8\xb3\xe0\xb8\x81\xe0\xb8\xb1\xe0\xb8\x94\xe0\xb9\x82\xe0\xb8\x84\xe0\xb8\xa3\xe0\xb8\xa1\xe0\xb8\xb2"},
    {"Bound of the chroma part of the neural transfer, in stops either side of the luma gain.  1.00 keeps the validated default; the luma gain itself stays bounded to +/-2 stops.",
     "\xe0\xb8\x82\xe0\xb8\xad\xe0\xb8\x9a\xe0\xb9\x80\xe0\xb8\x82\xe0\xb8\x95\xe0\xb8\x82\xe0\xb8\xad\xe0\xb8\x87\xe0\xb8\xaa\xe0\xb9\x88\xe0\xb8\xa7\xe0\xb8\x99\xe0\xb9\x82\xe0\xb8\x84\xe0\xb8\xa3\xe0\xb8\xa1\xe0\xb8\xb2\xe0\xb9\x83\xe0\xb8\x99\xe0\xb8\x81\xe0\xb8\xb2\xe0\xb8\xa3\xe0\xb8\x96\xe0\xb9\x88\xe0\xb8\xb2\xe0\xb8\xa2\xe0\xb9\x82\xe0\xb8\xad\xe0\xb8\x99\xe0\xb8\x99\xe0\xb8\xb4\xe0\xb8\xa7\xe0\xb8\xa3\xe0\xb8\xb1\xe0\xb8\xa5 \xe0\xb8\xab\xe0\xb8\x99\xe0\xb9\x88\xe0\xb8\xa7\xe0\xb8\xa2\xe0\xb8\xaa\xe0\xb8\x95\xe0\xb9\x87\xe0\xb8\xad\xe0\xb8\x9b\xe0\xb8\x97\xe0\xb8\xb1\xe0\xb9\x89\xe0\xb8\x87\xe0\xb8\xaa\xe0\xb8\xad\xe0\xb8\x87\xe0\xb8\x82\xe0\xb9\x89\xe0\xb8\xb2\xe0\xb8\x87\xe0\xb8\x82\xe0\xb8\xad\xe0\xb8\x87\xe0\xb9\x80\xe0\xb8\x81\xe0\xb8\x99\xe0\xb8\xa5\xe0\xb8\xb9\xe0\xb8\xa1\xe0\xb8\xb2 1.00 \xe0\xb8\x84\xe0\xb8\x87\xe0\xb8\x84\xe0\xb9\x88\xe0\xb8\xb2\xe0\xb9\x80\xe0\xb8\xa3\xe0\xb8\xb4\xe0\xb9\x88\xe0\xb8\xa1\xe0\xb8\x95\xe0\xb9\x89\xe0\xb8\x99\xe0\xb8\x97\xe0\xb8\xb5\xe0\xb9\x88\xe0\xb8\x95\xe0\xb8\xa3\xe0\xb8\xa7\xe0\xb8\x88\xe0\xb8\xaa\xe0\xb8\xad\xe0\xb8\x9a\xe0\xb9\x81\xe0\xb8\xa5\xe0\xb9\x89\xe0\xb8\xa7 \xe0\xb9\x80\xe0\xb8\x81\xe0\xb8\x99\xe0\xb8\xa5\xe0\xb8\xb9\xe0\xb8\xa1\xe0\xb8\xb2\xe0\xb9\x80\xe0\xb8\xad\xe0\xb8\x87\xe0\xb8\x96\xe0\xb8\xb9\xe0\xb8\x81\xe0\xb8\x88\xe0\xb8\xb3\xe0\xb8\x81\xe0\xb8\xb1\xe0\xb8\x94\xe0\xb8\x97\xe0\xb8\xb5\xe0\xb9\x88 +/-2 \xe0\xb8\xaa\xe0\xb8\x95\xe0\xb9\x87\xe0\xb8\xad\xe0\xb8\x9b"},
    {"Bounded ratio",
     "\xe0\xb8\xad\xe0\xb8\xb1\xe0\xb8\x95\xe0\xb8\xa3\xe0\xb8\xb2\xe0\xb8\xaa\xe0\xb9\x88\xe0\xb8\xa7\xe0\xb8\x99\xe0\xb8\x88\xe0\xb8\xb3\xe0\xb8\x81\xe0\xb8\xb1\xe0\xb8\x94"},
    {"Consistent (curve-aware)",
     "\xe0\xb8\xaa\xe0\xb8\xa1\xe0\xb9\x88\xe0\xb8\xb3\xe0\xb9\x80\xe0\xb8\xaa\xe0\xb8\xa1\xe0\xb8\xad (\xe0\xb8\x95\xe0\xb8\xb2\xe0\xb8\xa1\xe0\xb9\x80\xe0\xb8\xaa\xe0\xb9\x89\xe0\xb8\x99\xe0\xb9\x82\xe0\xb8\x84\xe0\xb9\x89\xe0\xb8\x87)"},
    {"Neural transfer",
     "\xe0\xb8\x81\xe0\xb8\xb2\xe0\xb8\xa3\xe0\xb8\x96\xe0\xb9\x88\xe0\xb8\xb2\xe0\xb8\xa2\xe0\xb9\x82\xe0\xb8\xad\xe0\xb8\x99\xe0\xb8\x99\xe0\xb8\xb4\xe0\xb8\xa7\xe0\xb8\xa3\xe0\xb8\xb1\xe0\xb8\xa5"},
    {"How the model's edit is carried back to HDR on the Display codec.  Bounded ratio applies the proxy-domain change as-is, which under-transfers brightness edits where the proxy curve bends.  Consistent also undoes the curve's gain change, damped where the curve is too flat to invert.  The model sees the same input either way.",
     "\xe0\xb8\xa7\xe0\xb8\xb4\xe0\xb8\x98\xe0\xb8\xb5\xe0\xb8\x99\xe0\xb8\xb3\xe0\xb8\x81\xe0\xb8\xb2\xe0\xb8\xa3\xe0\xb9\x81\xe0\xb8\x81\xe0\xb9\x89\xe0\xb9\x84\xe0\xb8\x82\xe0\xb8\x82\xe0\xb8\xad\xe0\xb8\x87\xe0\xb9\x82\xe0\xb8\xa1\xe0\xb9\x80\xe0\xb8\x94\xe0\xb8\xa5\xe0\xb8\x81\xe0\xb8\xa5\xe0\xb8\xb1\xe0\xb8\x9a\xe0\xb8\xaa\xe0\xb8\xb9\xe0\xb9\x88 HDR \xe0\xb8\x9a\xe0\xb8\x99\xe0\xb9\x82\xe0\xb8\x84\xe0\xb9\x80\xe0\xb8\x94\xe0\xb8\x81 \xe0\xb8\x88\xe0\xb8\xad\xe0\xb9\x81\xe0\xb8\xaa\xe0\xb8\x94\xe0\xb8\x87\xe0\xb8\x9c\xe0\xb8\xa5 \xe0\xb8\xad\xe0\xb8\xb1\xe0\xb8\x95\xe0\xb8\xa3\xe0\xb8\xb2\xe0\xb8\xaa\xe0\xb9\x88\xe0\xb8\xa7\xe0\xb8\x99\xe0\xb8\x88\xe0\xb8\xb3\xe0\xb8\x81\xe0\xb8\xb1\xe0\xb8\x94 \xe0\xb9\x83\xe0\xb8\x8a\xe0\xb9\x89\xe0\xb8\x81\xe0\xb8\xb2\xe0\xb8\xa3\xe0\xb9\x80\xe0\xb8\x9b\xe0\xb8\xa5\xe0\xb8\xb5\xe0\xb9\x88\xe0\xb8\xa2\xe0\xb8\x99\xe0\xb9\x81\xe0\xb8\x9b\xe0\xb8\xa5\xe0\xb8\x87\xe0\xb9\x83\xe0\xb8\x99\xe0\xb9\x82\xe0\xb8\x94\xe0\xb9\x80\xe0\xb8\xa1\xe0\xb8\x99\xe0\xb8\x9e\xe0\xb8\xa3\xe0\xb9\x87\xe0\xb8\xad\xe0\xb8\x81\xe0\xb8\x8b\xe0\xb8\xb5\xe0\xb8\x95\xe0\xb8\xb2\xe0\xb8\xa1\xe0\xb9\x80\xe0\xb8\x94\xe0\xb8\xb4\xe0\xb8\xa1 \xe0\xb8\x8b\xe0\xb8\xb6\xe0\xb9\x88\xe0\xb8\x87\xe0\xb8\x96\xe0\xb9\x88\xe0\xb8\xb2\xe0\xb8\xa2\xe0\xb9\x82\xe0\xb8\xad\xe0\xb8\x99\xe0\xb8\x81\xe0\xb8\xb2\xe0\xb8\xa3\xe0\xb9\x81\xe0\xb8\x81\xe0\xb9\x89\xe0\xb8\x84\xe0\xb8\xa7\xe0\xb8\xb2\xe0\xb8\xa1\xe0\xb8\xaa\xe0\xb8\xa7\xe0\xb9\x88\xe0\xb8\xb2\xe0\xb8\x87\xe0\xb9\x84\xe0\xb8\x94\xe0\xb9\x89\xe0\xb9\x84\xe0\xb8\xa1\xe0\xb9\x88\xe0\xb8\x84\xe0\xb8\xa3\xe0\xb8\x9a\xe0\xb9\x83\xe0\xb8\x99\xe0\xb8\x8a\xe0\xb9\x88\xe0\xb8\xa7\xe0\xb8\x87\xe0\xb8\x97\xe0\xb8\xb5\xe0\xb9\x88\xe0\xb9\x80\xe0\xb8\xaa\xe0\xb9\x89\xe0\xb8\x99\xe0\xb9\x82\xe0\xb8\x84\xe0\xb9\x89\xe0\xb8\x87\xe0\xb8\x9e\xe0\xb8\xa3\xe0\xb9\x87\xe0\xb8\xad\xe0\xb8\x81\xe0\xb8\x8b\xe0\xb8\xb5\xe0\xb9\x82\xe0\xb8\x84\xe0\xb9\x89\xe0\xb8\x87\xe0\xb8\x87\xe0\xb8\xad \xe0\xb8\xaa\xe0\xb8\xa1\xe0\xb9\x88\xe0\xb8\xb3\xe0\xb9\x80\xe0\xb8\xaa\xe0\xb8\xa1\xe0\xb8\xad \xe0\xb8\x88\xe0\xb8\xb0\xe0\xb8\x8a\xe0\xb8\x94\xe0\xb9\x80\xe0\xb8\x8a\xe0\xb8\xa2\xe0\xb8\x81\xe0\xb8\xb2\xe0\xb8\xa3\xe0\xb9\x80\xe0\xb8\x9b\xe0\xb8\xa5\xe0\xb8\xb5\xe0\xb9\x88\xe0\xb8\xa2\xe0\xb8\x99\xe0\xb9\x80\xe0\xb8\x81\xe0\xb8\x99\xe0\xb8\x82\xe0\xb8\xad\xe0\xb8\x87\xe0\xb9\x80\xe0\xb8\xaa\xe0\xb9\x89\xe0\xb8\x99\xe0\xb9\x82\xe0\xb8\x84\xe0\xb9\x89\xe0\xb8\x87\xe0\xb8\x94\xe0\xb9\x89\xe0\xb8\xa7\xe0\xb8\xa2 \xe0\xb9\x82\xe0\xb8\x94\xe0\xb8\xa2\xe0\xb8\xa5\xe0\xb8\x94\xe0\xb8\x97\xe0\xb8\xad\xe0\xb8\x99\xe0\xb9\x83\xe0\xb8\x99\xe0\xb8\x8a\xe0\xb9\x88\xe0\xb8\xa7\xe0\xb8\x87\xe0\xb8\x97\xe0\xb8\xb5\xe0\xb9\x88\xe0\xb9\x80\xe0\xb8\xaa\xe0\xb9\x89\xe0\xb8\x99\xe0\xb9\x82\xe0\xb8\x84\xe0\xb9\x89\xe0\xb8\x87\xe0\xb9\x81\xe0\xb8\x9a\xe0\xb8\x99\xe0\xb9\x80\xe0\xb8\x81\xe0\xb8\xb4\xe0\xb8\x99\xe0\xb8\x81\xe0\xb8\xa7\xe0\xb9\x88\xe0\xb8\xb2\xe0\xb8\x88\xe0\xb8\xb0\xe0\xb8\x81\xe0\xb8\xa5\xe0\xb8\xb1\xe0\xb8\x9a\xe0\xb8\x84\xe0\xb9\x88\xe0\xb8\xb2\xe0\xb9\x84\xe0\xb8\x94\xe0\xb9\x89 \xe0\xb9\x82\xe0\xb8\xa1\xe0\xb9\x80\xe0\xb8\x94\xe0\xb8\xa5\xe0\xb9\x84\xe0\xb8\x94\xe0\xb9\x89\xe0\xb8\xa3\xe0\xb8\xb1\xe0\xb8\x9a\xe0\xb8\xad\xe0\xb8\xb4\xe0\xb8\x99\xe0\xb8\x9e\xe0\xb8\xb8\xe0\xb8\x95\xe0\xb9\x80\xe0\xb8\x94\xe0\xb8\xb5\xe0\xb8\xa2\xe0\xb8\xa7\xe0\xb8\x81\xe0\xb8\xb1\xe0\xb8\x99\xe0\xb8\x97\xe0\xb8\xb1\xe0\xb9\x89\xe0\xb8\x87\xe0\xb8\xaa\xe0\xb8\xad\xe0\xb8\x87\xe0\xb9\x81\xe0\xb8\x9a\xe0\xb8\x9a"},
    {"Near-black colour guard",
     "\xe0\xb8\x9b\xe0\xb9\x89\xe0\xb8\xad\xe0\xb8\x87\xe0\xb8\x81\xe0\xb8\xb1\xe0\xb8\x99\xe0\xb8\xaa\xe0\xb8\xb5\xe0\xb9\x83\xe0\xb8\x81\xe0\xb8\xa5\xe0\xb9\x89\xe0\xb8\x94\xe0\xb8\xb3"},
    {"Divisor-codec HDR (Classic, and PQ or other absolute sources in Auto): where the model returns a near-black value under a bright original, keep the original's colour at the new brightness instead of amplifying the model's noise into green or grey specks.  Off is the previous math.",
     "HDR \xe0\xb9\x81\xe0\xb8\x9a\xe0\xb8\x9a\xe0\xb9\x82\xe0\xb8\x84\xe0\xb9\x80\xe0\xb8\x94\xe0\xb8\x81\xe0\xb8\x95\xe0\xb8\xb1\xe0\xb8\xa7\xe0\xb8\xab\xe0\xb8\xb2\xe0\xb8\xa3 (\xe0\xb8\x84\xe0\xb8\xa5\xe0\xb8\xb2\xe0\xb8\xaa\xe0\xb8\xaa\xe0\xb8\xb4\xe0\xb8\x81 \xe0\xb9\x81\xe0\xb8\xa5\xe0\xb8\xb0\xe0\xb9\x81\xe0\xb8\xab\xe0\xb8\xa5\xe0\xb9\x88\xe0\xb8\x87 PQ \xe0\xb8\xab\xe0\xb8\xa3\xe0\xb8\xb7\xe0\xb8\xad\xe0\xb9\x81\xe0\xb8\xab\xe0\xb8\xa5\xe0\xb9\x88\xe0\xb8\x87\xe0\xb8\xaa\xe0\xb8\xb1\xe0\xb8\xa1\xe0\xb8\x9a\xe0\xb8\xb9\xe0\xb8\xa3\xe0\xb8\x93\xe0\xb9\x8c\xe0\xb8\xad\xe0\xb8\xb7\xe0\xb9\x88\xe0\xb8\x99\xe0\xb9\x83\xe0\xb8\x99 \xe0\xb8\xad\xe0\xb8\xb1\xe0\xb8\x95\xe0\xb9\x82\xe0\xb8\x99\xe0\xb8\xa1\xe0\xb8\xb1\xe0\xb8\x95\xe0\xb8\xb4): \xe0\xb9\x80\xe0\xb8\xa1\xe0\xb8\xb7\xe0\xb9\x88\xe0\xb8\xad\xe0\xb9\x82\xe0\xb8\xa1\xe0\xb9\x80\xe0\xb8\x94\xe0\xb8\xa5\xe0\xb8\x84\xe0\xb8\xb7\xe0\xb8\x99\xe0\xb8\x84\xe0\xb9\x88\xe0\xb8\xb2\xe0\xb9\x83\xe0\xb8\x81\xe0\xb8\xa5\xe0\xb9\x89\xe0\xb8\x94\xe0\xb8\xb3\xe0\xb9\x83\xe0\xb8\x99\xe0\xb8\x88\xe0\xb8\xb8\xe0\xb8\x94\xe0\xb8\x97\xe0\xb8\xb5\xe0\xb9\x88\xe0\xb8\xa0\xe0\xb8\xb2\xe0\xb8\x9e\xe0\xb8\x95\xe0\xb9\x89\xe0\xb8\x99\xe0\xb8\x89\xe0\xb8\x9a\xe0\xb8\xb1\xe0\xb8\x9a\xe0\xb8\xaa\xe0\xb8\xa7\xe0\xb9\x88\xe0\xb8\xb2\xe0\xb8\x87 \xe0\xb8\x88\xe0\xb8\xb0\xe0\xb8\x84\xe0\xb8\x87\xe0\xb8\xaa\xe0\xb8\xb5\xe0\xb8\x82\xe0\xb8\xad\xe0\xb8\x87\xe0\xb8\x95\xe0\xb9\x89\xe0\xb8\x99\xe0\xb8\x89\xe0\xb8\x9a\xe0\xb8\xb1\xe0\xb8\x9a\xe0\xb9\x84\xe0\xb8\xa7\xe0\xb9\x89\xe0\xb8\x97\xe0\xb8\xb5\xe0\xb9\x88\xe0\xb8\x84\xe0\xb8\xa7\xe0\xb8\xb2\xe0\xb8\xa1\xe0\xb8\xaa\xe0\xb8\xa7\xe0\xb9\x88\xe0\xb8\xb2\xe0\xb8\x87\xe0\xb9\x83\xe0\xb8\xab\xe0\xb8\xa1\xe0\xb9\x88 \xe0\xb9\x81\xe0\xb8\x97\xe0\xb8\x99\xe0\xb8\x81\xe0\xb8\xb2\xe0\xb8\xa3\xe0\xb8\x82\xe0\xb8\xa2\xe0\xb8\xb2\xe0\xb8\xa2\xe0\xb8\x99\xe0\xb8\xad\xe0\xb8\xa2\xe0\xb8\xaa\xe0\xb9\x8c\xe0\xb8\x82\xe0\xb8\xad\xe0\xb8\x87\xe0\xb9\x82\xe0\xb8\xa1\xe0\xb9\x80\xe0\xb8\x94\xe0\xb8\xa5\xe0\xb8\x88\xe0\xb8\x99\xe0\xb9\x80\xe0\xb8\x9b\xe0\xb9\x87\xe0\xb8\x99\xe0\xb8\x88\xe0\xb8\xb8\xe0\xb8\x94\xe0\xb8\xaa\xe0\xb8\xb5\xe0\xb9\x80\xe0\xb8\x82\xe0\xb8\xb5\xe0\xb8\xa2\xe0\xb8\xa7\xe0\xb8\xab\xe0\xb8\xa3\xe0\xb8\xb7\xe0\xb8\xad\xe0\xb9\x80\xe0\xb8\x97\xe0\xb8\xb2 \xe0\xb8\x9b\xe0\xb8\xb4\xe0\xb8\x94 \xe0\xb8\x84\xe0\xb8\xb7\xe0\xb8\xad\xe0\xb8\x81\xe0\xb8\xb2\xe0\xb8\xa3\xe0\xb8\x84\xe0\xb8\xb3\xe0\xb8\x99\xe0\xb8\xa7\xe0\xb8\x93\xe0\xb9\x81\xe0\xb8\x9a\xe0\xb8\x9a\xe0\xb9\x80\xe0\xb8\x94\xe0\xb8\xb4\xe0\xb8\xa1"},
    {"v1 (frame meter)",
     "v1 (\xe0\xb8\xa7\xe0\xb8\xb1\xe0\xb8\x94\xe0\xb9\x81\xe0\xb8\xaa\xe0\xb8\x87\xe0\xb8\x88\xe0\xb8\xb2\xe0\xb8\x81\xe0\xb9\x80\xe0\xb8\x9f\xe0\xb8\xa3\xe0\xb8\xa1)"},
    {"v2 (game exposure)",
     "v2 (\xe0\xb8\x84\xe0\xb9\x88\xe0\xb8\xb2\xe0\xb9\x81\xe0\xb8\xaa\xe0\xb8\x87\xe0\xb8\x82\xe0\xb8\xad\xe0\xb8\x87\xe0\xb9\x80\xe0\xb8\x81\xe0\xb8\xa1)"},
    {"Brightness source",
     "\xe0\xb9\x81\xe0\xb8\xab\xe0\xb8\xa5\xe0\xb9\x88\xe0\xb8\x87\xe0\xb8\x84\xe0\xb8\xa7\xe0\xb8\xb2\xe0\xb8\xa1\xe0\xb8\xaa\xe0\xb8\xa7\xe0\xb9\x88\xe0\xb8\xb2\xe0\xb8\x87"},
    {"Where the brightness NR is fed at comes from on relative HDR sources.  v2 follows the game's own exposure (its DLSS exposure texture, or a pre-exposed buffer as it is), so NR's input holds still while the game's eye adaptation swings.  v1 meters each frame's content and adapts at its own rates, which can pulse slowly against the game's adaptation.  Auto uses v2 when the game provides an exposure texture and v1 otherwise: a pre-exposed buffer fed as it is lets a bright scene overload NR's input, and NR boils.  Calibrated/absolute sources ignore this.",
     "\xe0\xb8\x97\xe0\xb8\xb5\xe0\xb9\x88\xe0\xb8\xa1\xe0\xb8\xb2\xe0\xb8\x82\xe0\xb8\xad\xe0\xb8\x87\xe0\xb8\x84\xe0\xb8\xa7\xe0\xb8\xb2\xe0\xb8\xa1\xe0\xb8\xaa\xe0\xb8\xa7\xe0\xb9\x88\xe0\xb8\xb2\xe0\xb8\x87\xe0\xb8\x97\xe0\xb8\xb5\xe0\xb9\x88\xe0\xb8\xaa\xe0\xb9\x88\xe0\xb8\x87\xe0\xb9\x83\xe0\xb8\xab\xe0\xb9\x89 NR \xe0\xb8\xaa\xe0\xb8\xb3\xe0\xb8\xab\xe0\xb8\xa3\xe0\xb8\xb1\xe0\xb8\x9a\xe0\xb9\x81\xe0\xb8\xab\xe0\xb8\xa5\xe0\xb9\x88\xe0\xb8\x87 HDR \xe0\xb9\x81\xe0\xb8\x9a\xe0\xb8\x9a\xe0\xb8\xaa\xe0\xb8\xb1\xe0\xb8\xa1\xe0\xb8\x9e\xe0\xb8\xb1\xe0\xb8\x97\xe0\xb8\x98\xe0\xb9\x8c v2 \xe0\xb9\x83\xe0\xb8\x8a\xe0\xb9\x89\xe0\xb8\x84\xe0\xb9\x88\xe0\xb8\xb2\xe0\xb9\x81\xe0\xb8\xaa\xe0\xb8\x87\xe0\xb8\x82\xe0\xb8\xad\xe0\xb8\x87\xe0\xb9\x80\xe0\xb8\x81\xe0\xb8\xa1\xe0\xb9\x80\xe0\xb8\xad\xe0\xb8\x87 (\xe0\xb9\x80\xe0\xb8\x97\xe0\xb9\x87\xe0\xb8\x81\xe0\xb8\x8b\xe0\xb9\x8c\xe0\xb9\x80\xe0\xb8\x88\xe0\xb8\xad\xe0\xb8\xa3\xe0\xb9\x8c\xe0\xb8\x84\xe0\xb9\x88\xe0\xb8\xb2\xe0\xb9\x81\xe0\xb8\xaa\xe0\xb8\x87\xe0\xb8\x82\xe0\xb8\xad\xe0\xb8\x87 DLSS \xe0\xb8\xab\xe0\xb8\xa3\xe0\xb8\xb7\xe0\xb8\xad\xe0\xb8\x9a\xe0\xb8\xb1\xe0\xb8\x9f\xe0\xb9\x80\xe0\xb8\x9f\xe0\xb8\xad\xe0\xb8\xa3\xe0\xb9\x8c\xe0\xb8\x97\xe0\xb8\xb5\xe0\xb9\x88\xe0\xb8\x9b\xe0\xb8\xa3\xe0\xb8\xb1\xe0\xb8\x9a\xe0\xb8\x84\xe0\xb9\x88\xe0\xb8\xb2\xe0\xb9\x81\xe0\xb8\xaa\xe0\xb8\x87\xe0\xb9\x81\xe0\xb8\xa5\xe0\xb9\x89\xe0\xb8\xa7\xe0\xb8\x95\xe0\xb8\xb2\xe0\xb8\xa1\xe0\xb9\x80\xe0\xb8\x94\xe0\xb8\xb4\xe0\xb8\xa1) \xe0\xb8\xad\xe0\xb8\xb4\xe0\xb8\x99\xe0\xb8\x9e\xe0\xb8\xb8\xe0\xb8\x95\xe0\xb8\x82\xe0\xb8\xad\xe0\xb8\x87 NR \xe0\xb8\x88\xe0\xb8\xb6\xe0\xb8\x87\xe0\xb8\x99\xe0\xb8\xb4\xe0\xb9\x88\xe0\xb8\x87\xe0\xb8\x82\xe0\xb8\x93\xe0\xb8\xb0\xe0\xb8\x97\xe0\xb8\xb5\xe0\xb9\x88\xe0\xb8\x81\xe0\xb8\xb2\xe0\xb8\xa3\xe0\xb8\x9b\xe0\xb8\xa3\xe0\xb8\xb1\xe0\xb8\x9a\xe0\xb8\x95\xe0\xb8\xb1\xe0\xb8\xa7\xe0\xb8\x82\xe0\xb8\xad\xe0\xb8\x87\xe0\xb8\xaa\xe0\xb8\xb2\xe0\xb8\xa2\xe0\xb8\x95\xe0\xb8\xb2\xe0\xb9\x83\xe0\xb8\x99\xe0\xb9\x80\xe0\xb8\x81\xe0\xb8\xa1\xe0\xb9\x80\xe0\xb8\x9b\xe0\xb8\xa5\xe0\xb8\xb5\xe0\xb9\x88\xe0\xb8\xa2\xe0\xb8\x99\xe0\xb9\x84\xe0\xb8\x9b\xe0\xb8\xa1\xe0\xb8\xb2 v1 \xe0\xb8\xa7\xe0\xb8\xb1\xe0\xb8\x94\xe0\xb9\x81\xe0\xb8\xaa\xe0\xb8\x87\xe0\xb8\x88\xe0\xb8\xb2\xe0\xb8\x81\xe0\xb9\x80\xe0\xb8\x99\xe0\xb8\xb7\xe0\xb9\x89\xe0\xb8\xad\xe0\xb8\xab\xe0\xb8\xb2\xe0\xb9\x81\xe0\xb8\x95\xe0\xb9\x88\xe0\xb8\xa5\xe0\xb8\xb0\xe0\xb9\x80\xe0\xb8\x9f\xe0\xb8\xa3\xe0\xb8\xa1\xe0\xb9\x81\xe0\xb8\xa5\xe0\xb8\xb0\xe0\xb8\x9b\xe0\xb8\xa3\xe0\xb8\xb1\xe0\xb8\x9a\xe0\xb8\x95\xe0\xb8\xb1\xe0\xb8\xa7\xe0\xb8\x94\xe0\xb9\x89\xe0\xb8\xa7\xe0\xb8\xa2\xe0\xb8\xad\xe0\xb8\xb1\xe0\xb8\x95\xe0\xb8\xa3\xe0\xb8\xb2\xe0\xb8\x82\xe0\xb8\xad\xe0\xb8\x87\xe0\xb8\x95\xe0\xb8\xb1\xe0\xb8\xa7\xe0\xb9\x80\xe0\xb8\xad\xe0\xb8\x87 \xe0\xb8\x8b\xe0\xb8\xb6\xe0\xb9\x88\xe0\xb8\x87\xe0\xb8\xad\xe0\xb8\xb2\xe0\xb8\x88\xe0\xb8\x81\xe0\xb8\xa3\xe0\xb8\xb0\xe0\xb9\x80\xe0\xb8\x9e\xe0\xb8\xb7\xe0\xb9\x88\xe0\xb8\xad\xe0\xb8\xa1\xe0\xb8\x8a\xe0\xb9\x89\xe0\xb8\xb2\xe0\xb9\x86 \xe0\xb8\xaa\xe0\xb8\xa7\xe0\xb8\x99\xe0\xb8\x81\xe0\xb8\xb1\xe0\xb8\x9a\xe0\xb8\x81\xe0\xb8\xb2\xe0\xb8\xa3\xe0\xb8\x9b\xe0\xb8\xa3\xe0\xb8\xb1\xe0\xb8\x9a\xe0\xb8\x95\xe0\xb8\xb1\xe0\xb8\xa7\xe0\xb8\x82\xe0\xb8\xad\xe0\xb8\x87\xe0\xb9\x80\xe0\xb8\x81\xe0\xb8\xa1 \xe0\xb8\xad\xe0\xb8\xb1\xe0\xb8\x95\xe0\xb9\x82\xe0\xb8\x99\xe0\xb8\xa1\xe0\xb8\xb1\xe0\xb8\x95\xe0\xb8\xb4 \xe0\xb9\x83\xe0\xb8\x8a\xe0\xb9\x89 v2 \xe0\xb9\x80\xe0\xb8\xa1\xe0\xb8\xb7\xe0\xb9\x88\xe0\xb8\xad\xe0\xb9\x80\xe0\xb8\x81\xe0\xb8\xa1\xe0\xb8\xa1\xe0\xb8\xb5\xe0\xb9\x80\xe0\xb8\x97\xe0\xb9\x87\xe0\xb8\x81\xe0\xb8\x8b\xe0\xb9\x8c\xe0\xb9\x80\xe0\xb8\x88\xe0\xb8\xad\xe0\xb8\xa3\xe0\xb9\x8c\xe0\xb8\x84\xe0\xb9\x88\xe0\xb8\xb2\xe0\xb9\x81\xe0\xb8\xaa\xe0\xb8\x87 \xe0\xb9\x81\xe0\xb8\xa5\xe0\xb8\xb0\xe0\xb9\x83\xe0\xb8\x8a\xe0\xb9\x89 v1 \xe0\xb9\x83\xe0\xb8\x99\xe0\xb8\x81\xe0\xb8\xa3\xe0\xb8\x93\xe0\xb8\xb5\xe0\xb8\xad\xe0\xb8\xb7\xe0\xb9\x88\xe0\xb8\x99: \xe0\xb8\x9a\xe0\xb8\xb1\xe0\xb8\x9f\xe0\xb9\x80\xe0\xb8\x9f\xe0\xb8\xad\xe0\xb8\xa3\xe0\xb9\x8c\xe0\xb8\x97\xe0\xb8\xb5\xe0\xb9\x88\xe0\xb8\x9b\xe0\xb8\xa3\xe0\xb8\xb1\xe0\xb8\x9a\xe0\xb8\x84\xe0\xb9\x88\xe0\xb8\xb2\xe0\xb9\x81\xe0\xb8\xaa\xe0\xb8\x87\xe0\xb9\x81\xe0\xb8\xa5\xe0\xb9\x89\xe0\xb8\xa7\xe0\xb8\x8b\xe0\xb8\xb6\xe0\xb9\x88\xe0\xb8\x87\xe0\xb8\xaa\xe0\xb9\x88\xe0\xb8\x87\xe0\xb9\x84\xe0\xb8\x9b\xe0\xb8\x95\xe0\xb8\xb2\xe0\xb8\xa1\xe0\xb9\x80\xe0\xb8\x94\xe0\xb8\xb4\xe0\xb8\xa1\xe0\xb8\x88\xe0\xb8\xb0\xe0\xb8\x97\xe0\xb8\xb3\xe0\xb9\x83\xe0\xb8\xab\xe0\xb9\x89\xe0\xb8\x89\xe0\xb8\xb2\xe0\xb8\x81\xe0\xb8\xaa\xe0\xb8\xa7\xe0\xb9\x88\xe0\xb8\xb2\xe0\xb8\x87\xe0\xb9\x82\xe0\xb8\xab\xe0\xb8\xa5\xe0\xb8\x94\xe0\xb8\xad\xe0\xb8\xb4\xe0\xb8\x99\xe0\xb8\x9e\xe0\xb8\xb8\xe0\xb8\x95\xe0\xb8\x82\xe0\xb8\xad\xe0\xb8\x87 NR \xe0\xb9\x80\xe0\xb8\x81\xe0\xb8\xb4\xe0\xb8\x99 \xe0\xb9\x81\xe0\xb8\xa5\xe0\xb8\xb0\xe0\xb8\xa0\xe0\xb8\xb2\xe0\xb8\x9e\xe0\xb8\x82\xe0\xb8\xad\xe0\xb8\x87 NR \xe0\xb8\x88\xe0\xb8\xb0\xe0\xb9\x80\xe0\xb8\x94\xe0\xb8\xb7\xe0\xb8\xad\xe0\xb8\x94\xe0\xb8\x9e\xe0\xb8\xa5\xe0\xb9\x88\xe0\xb8\xb2\xe0\xb8\x99 \xe0\xb9\x81\xe0\xb8\xab\xe0\xb8\xa5\xe0\xb9\x88\xe0\xb8\x87\xe0\xb8\x97\xe0\xb8\xb5\xe0\xb9\x88\xe0\xb8\x9b\xe0\xb8\xa3\xe0\xb8\xb1\xe0\xb8\x9a\xe0\xb9\x80\xe0\xb8\x97\xe0\xb8\xb5\xe0\xb8\xa2\xe0\xb8\x9a\xe0\xb9\x81\xe0\xb8\xa5\xe0\xb9\x89\xe0\xb8\xa7/\xe0\xb8\xaa\xe0\xb8\xb1\xe0\xb8\xa1\xe0\xb8\x9a\xe0\xb8\xb9\xe0\xb8\xa3\xe0\xb8\x93\xe0\xb9\x8c\xe0\xb8\x88\xe0\xb8\xb0\xe0\xb9\x84\xe0\xb8\xa1\xe0\xb9\x88\xe0\xb9\x83\xe0\xb8\x8a\xe0\xb9\x89\xe0\xb8\x84\xe0\xb9\x88\xe0\xb8\xb2\xe0\xb8\x99\xe0\xb8\xb5\xe0\xb9\x89"},
    {"Off (raw per-frame)",
     "\xe0\xb8\x9b\xe0\xb8\xb4\xe0\xb8\x94 (\xe0\xb8\x84\xe0\xb9\x88\xe0\xb8\xb2\xe0\xb8\x94\xe0\xb8\xb4\xe0\xb8\x9a\xe0\xb8\x95\xe0\xb9\x88\xe0\xb8\xad\xe0\xb9\x80\xe0\xb8\x9f\xe0\xb8\xa3\xe0\xb8\xa1)"},
    {"Slew (v6.1.2)",
     "\xe0\xb8\x88\xe0\xb8\xb3\xe0\xb8\x81\xe0\xb8\xb1\xe0\xb8\x94\xe0\xb8\xad\xe0\xb8\xb1\xe0\xb8\x95\xe0\xb8\xa3\xe0\xb8\xb2 (v6.1.2)"},
    {"Stable (recommended)",
     "\xe0\xb9\x80\xe0\xb8\xaa\xe0\xb8\x96\xe0\xb8\xb5\xe0\xb8\xa2\xe0\xb8\xa3 (\xe0\xb9\x81\xe0\xb8\x99\xe0\xb8\xb0\xe0\xb8\x99\xe0\xb8\xb3)"},
    {"Normalization",
     "\xe0\xb8\x99\xe0\xb8\xad\xe0\xb8\xa3\xe0\xb9\x8c\xe0\xb8\xa1\xe0\xb8\xb1\xe0\xb8\xa5\xe0\xb9\x84\xe0\xb8\xa5\xe0\xb8\x8b\xe0\xb9\x8c"},
    {"How the same-frame autoscale candidate becomes the applied divisor.  Stable uses a continuous estimate, settles at fixed rates per second (fast when brightening toward clipping, slow when relaxing) and holds still inside a small band, so neither a flickering scene statistic nor a settings edit can pump the image.  Slew is the v6.1.2 per-frame limit; Off applies the raw candidate (v6.1.0).  Calibrated/absolute sources ignore all.",
     "\xe0\xb8\xa7\xe0\xb8\xb4\xe0\xb8\x98\xe0\xb8\xb5\xe0\xb8\x97\xe0\xb8\xb5\xe0\xb9\x88\xe0\xb8\x84\xe0\xb9\x88\xe0\xb8\xb2\xe0\xb8\x9b\xe0\xb8\xa3\xe0\xb8\xb1\xe0\xb8\x9a\xe0\xb8\xaa\xe0\xb9\x80\xe0\xb8\x81\xe0\xb8\xa5\xe0\xb8\xad\xe0\xb8\xb1\xe0\xb8\x95\xe0\xb9\x82\xe0\xb8\x99\xe0\xb8\xa1\xe0\xb8\xb1\xe0\xb8\x95\xe0\xb8\xb4\xe0\xb8\x82\xe0\xb8\xad\xe0\xb8\x87\xe0\xb9\x80\xe0\xb8\x9f\xe0\xb8\xa3\xe0\xb8\xa1\xe0\xb9\x80\xe0\xb8\x94\xe0\xb8\xb5\xe0\xb8\xa2\xe0\xb8\xa7\xe0\xb8\x81\xe0\xb8\xb1\xe0\xb8\x99\xe0\xb8\x81\xe0\xb8\xa5\xe0\xb8\xb2\xe0\xb8\xa2\xe0\xb9\x80\xe0\xb8\x9b\xe0\xb9\x87\xe0\xb8\x99\xe0\xb8\x95\xe0\xb8\xb1\xe0\xb8\xa7\xe0\xb8\xab\xe0\xb8\xb2\xe0\xb8\xa3\xe0\xb8\x97\xe0\xb8\xb5\xe0\xb9\x88\xe0\xb9\x83\xe0\xb8\x8a\xe0\xb9\x89\xe0\xb8\x88\xe0\xb8\xa3\xe0\xb8\xb4\xe0\xb8\x87 \xe0\xb9\x80\xe0\xb8\xaa\xe0\xb8\x96\xe0\xb8\xb5\xe0\xb8\xa2\xe0\xb8\xa3 \xe0\xb9\x83\xe0\xb8\x8a\xe0\xb9\x89\xe0\xb8\x81\xe0\xb8\xb2\xe0\xb8\xa3\xe0\xb8\x9b\xe0\xb8\xa3\xe0\xb8\xb0\xe0\xb8\xa1\xe0\xb8\xb2\xe0\xb8\x93\xe0\xb9\x81\xe0\xb8\x9a\xe0\xb8\x9a\xe0\xb8\x95\xe0\xb9\x88\xe0\xb8\xad\xe0\xb9\x80\xe0\xb8\x99\xe0\xb8\xb7\xe0\xb9\x88\xe0\xb8\xad\xe0\xb8\x87 \xe0\xb8\x9b\xe0\xb8\xa3\xe0\xb8\xb1\xe0\xb8\x9a\xe0\xb9\x80\xe0\xb8\x82\xe0\xb9\x89\xe0\xb8\xb2\xe0\xb8\xab\xe0\xb8\xb2\xe0\xb8\x94\xe0\xb9\x89\xe0\xb8\xa7\xe0\xb8\xa2\xe0\xb8\xad\xe0\xb8\xb1\xe0\xb8\x95\xe0\xb8\xa3\xe0\xb8\xb2\xe0\xb8\x84\xe0\xb8\x87\xe0\xb8\x97\xe0\xb8\xb5\xe0\xb9\x88\xe0\xb8\x95\xe0\xb9\x88\xe0\xb8\xad\xe0\xb8\xa7\xe0\xb8\xb4\xe0\xb8\x99\xe0\xb8\xb2\xe0\xb8\x97\xe0\xb8\xb5 (\xe0\xb9\x80\xe0\xb8\xa3\xe0\xb9\x87\xe0\xb8\xa7\xe0\xb9\x80\xe0\xb8\xa1\xe0\xb8\xb7\xe0\xb9\x88\xe0\xb8\xad\xe0\xb8\xaa\xe0\xb8\xa7\xe0\xb9\x88\xe0\xb8\xb2\xe0\xb8\x87\xe0\xb8\x82\xe0\xb8\xb6\xe0\xb9\x89\xe0\xb8\x99\xe0\xb8\x88\xe0\xb8\x99\xe0\xb9\x83\xe0\xb8\x81\xe0\xb8\xa5\xe0\xb9\x89\xe0\xb8\x84\xe0\xb8\xa5\xe0\xb8\xb4\xe0\xb8\x9b \xe0\xb8\x8a\xe0\xb9\x89\xe0\xb8\xb2\xe0\xb9\x80\xe0\xb8\xa1\xe0\xb8\xb7\xe0\xb9\x88\xe0\xb8\xad\xe0\xb8\x9c\xe0\xb9\x88\xe0\xb8\xad\xe0\xb8\x99\xe0\xb8\xa5\xe0\xb8\x87) \xe0\xb9\x81\xe0\xb8\xa5\xe0\xb8\xb0\xe0\xb8\x84\xe0\xb8\x87\xe0\xb8\x97\xe0\xb8\xb5\xe0\xb9\x88\xe0\xb8\xa0\xe0\xb8\xb2\xe0\xb8\xa2\xe0\xb9\x83\xe0\xb8\x99\xe0\xb8\x8a\xe0\xb9\x88\xe0\xb8\xa7\xe0\xb8\x87\xe0\xb9\x81\xe0\xb8\x84\xe0\xb8\x9a\xe0\xb9\x86 \xe0\xb8\xaa\xe0\xb8\x96\xe0\xb8\xb4\xe0\xb8\x95\xe0\xb8\xb4\xe0\xb8\x82\xe0\xb8\xad\xe0\xb8\x87\xe0\xb8\x89\xe0\xb8\xb2\xe0\xb8\x81\xe0\xb8\x97\xe0\xb8\xb5\xe0\xb9\x88\xe0\xb8\x81\xe0\xb8\xb0\xe0\xb8\x9e\xe0\xb8\xa3\xe0\xb8\xb4\xe0\xb8\x9a\xe0\xb8\xab\xe0\xb8\xa3\xe0\xb8\xb7\xe0\xb8\xad\xe0\xb8\x81\xe0\xb8\xb2\xe0\xb8\xa3\xe0\xb9\x81\xe0\xb8\x81\xe0\xb9\x89\xe0\xb8\x81\xe0\xb8\xb2\xe0\xb8\xa3\xe0\xb8\x95\xe0\xb8\xb1\xe0\xb9\x89\xe0\xb8\x87\xe0\xb8\x84\xe0\xb9\x88\xe0\xb8\xb2\xe0\xb8\x88\xe0\xb8\xb6\xe0\xb8\x87\xe0\xb9\x84\xe0\xb8\xa1\xe0\xb9\x88\xe0\xb8\x97\xe0\xb8\xb3\xe0\xb9\x83\xe0\xb8\xab\xe0\xb9\x89\xe0\xb8\xa0\xe0\xb8\xb2\xe0\xb8\x9e\xe0\xb8\x81\xe0\xb8\xa3\xe0\xb8\xb0\xe0\xb9\x80\xe0\xb8\x9e\xe0\xb8\xb7\xe0\xb9\x88\xe0\xb8\xad\xe0\xb8\xa1 \xe0\xb8\x88\xe0\xb8\xb3\xe0\xb8\x81\xe0\xb8\xb1\xe0\xb8\x94\xe0\xb8\xad\xe0\xb8\xb1\xe0\xb8\x95\xe0\xb8\xa3\xe0\xb8\xb2 \xe0\xb8\x84\xe0\xb8\xb7\xe0\xb8\xad\xe0\xb8\x82\xe0\xb8\xb5\xe0\xb8\x94\xe0\xb8\x88\xe0\xb8\xb3\xe0\xb8\x81\xe0\xb8\xb1\xe0\xb8\x94\xe0\xb8\x95\xe0\xb9\x88\xe0\xb8\xad\xe0\xb9\x80\xe0\xb8\x9f\xe0\xb8\xa3\xe0\xb8\xa1\xe0\xb8\x82\xe0\xb8\xad\xe0\xb8\x87 v6.1.2 \xe0\xb8\x9b\xe0\xb8\xb4\xe0\xb8\x94 \xe0\xb9\x83\xe0\xb8\x8a\xe0\xb9\x89\xe0\xb8\x84\xe0\xb9\x88\xe0\xb8\xb2\xe0\xb8\x94\xe0\xb8\xb4\xe0\xb8\x9a (v6.1.0) \xe0\xb9\x81\xe0\xb8\xab\xe0\xb8\xa5\xe0\xb9\x88\xe0\xb8\x87\xe0\xb8\x97\xe0\xb8\xb5\xe0\xb9\x88\xe0\xb8\x9b\xe0\xb8\xa3\xe0\xb8\xb1\xe0\xb8\x9a\xe0\xb9\x80\xe0\xb8\x97\xe0\xb8\xb5\xe0\xb8\xa2\xe0\xb8\x9a\xe0\xb9\x81\xe0\xb8\xa5\xe0\xb9\x89\xe0\xb8\xa7/\xe0\xb8\xaa\xe0\xb8\xb1\xe0\xb8\xa1\xe0\xb8\x9a\xe0\xb8\xb9\xe0\xb8\xa3\xe0\xb8\x93\xe0\xb9\x8c\xe0\xb8\x88\xe0\xb8\xb0\xe0\xb9\x84\xe0\xb8\xa1\xe0\xb9\x88\xe0\xb9\x83\xe0\xb8\x8a\xe0\xb9\x89\xe0\xb8\x84\xe0\xb9\x88\xe0\xb8\xb2\xe0\xb9\x80\xe0\xb8\xab\xe0\xb8\xa5\xe0\xb9\x88\xe0\xb8\xb2\xe0\xb8\x99\xe0\xb8\xb5\xe0\xb9\x89"},
    {"How fast the divisor may rise when the frame gets brighter (toward the proxy's clipping shoulder).",
     "\xe0\xb8\x84\xe0\xb8\xa7\xe0\xb8\xb2\xe0\xb8\xa1\xe0\xb9\x80\xe0\xb8\xa3\xe0\xb9\x87\xe0\xb8\xa7\xe0\xb8\x97\xe0\xb8\xb5\xe0\xb9\x88\xe0\xb8\x95\xe0\xb8\xb1\xe0\xb8\xa7\xe0\xb8\xab\xe0\xb8\xb2\xe0\xb8\xa3\xe0\xb9\x80\xe0\xb8\x9e\xe0\xb8\xb4\xe0\xb9\x88\xe0\xb8\xa1\xe0\xb8\x82\xe0\xb8\xb6\xe0\xb9\x89\xe0\xb8\x99\xe0\xb9\x84\xe0\xb8\x94\xe0\xb9\x89\xe0\xb9\x80\xe0\xb8\xa1\xe0\xb8\xb7\xe0\xb9\x88\xe0\xb8\xad\xe0\xb9\x80\xe0\xb8\x9f\xe0\xb8\xa3\xe0\xb8\xa1\xe0\xb8\xaa\xe0\xb8\xa7\xe0\xb9\x88\xe0\xb8\xb2\xe0\xb8\x87\xe0\xb8\x82\xe0\xb8\xb6\xe0\xb9\x89\xe0\xb8\x99 (\xe0\xb9\x80\xe0\xb8\x82\xe0\xb9\x89\xe0\xb8\xb2\xe0\xb8\xab\xe0\xb8\xb2\xe0\xb8\x8a\xe0\xb9\x88\xe0\xb8\xa7\xe0\xb8\x87\xe0\xb8\x84\xe0\xb8\xa5\xe0\xb8\xb4\xe0\xb8\x9b\xe0\xb8\x82\xe0\xb8\xad\xe0\xb8\x87\xe0\xb8\x9e\xe0\xb8\xa3\xe0\xb9\x87\xe0\xb8\xad\xe0\xb8\x81\xe0\xb8\x8b\xe0\xb8\xb5)"},
    {"How fast the divisor may relax when the frame gets darker.  Slow by design: a darker proxy is harmless, a pumping one is not.",
     "\xe0\xb8\x84\xe0\xb8\xa7\xe0\xb8\xb2\xe0\xb8\xa1\xe0\xb9\x80\xe0\xb8\xa3\xe0\xb9\x87\xe0\xb8\xa7\xe0\xb8\x97\xe0\xb8\xb5\xe0\xb9\x88\xe0\xb8\x95\xe0\xb8\xb1\xe0\xb8\xa7\xe0\xb8\xab\xe0\xb8\xb2\xe0\xb8\xa3\xe0\xb8\x9c\xe0\xb9\x88\xe0\xb8\xad\xe0\xb8\x99\xe0\xb8\xa5\xe0\xb8\x87\xe0\xb9\x84\xe0\xb8\x94\xe0\xb9\x89\xe0\xb9\x80\xe0\xb8\xa1\xe0\xb8\xb7\xe0\xb9\x88\xe0\xb8\xad\xe0\xb9\x80\xe0\xb8\x9f\xe0\xb8\xa3\xe0\xb8\xa1\xe0\xb8\xa1\xe0\xb8\xb7\xe0\xb8\x94\xe0\xb8\xa5\xe0\xb8\x87 \xe0\xb8\x95\xe0\xb8\xb1\xe0\xb9\x89\xe0\xb8\x87\xe0\xb9\x83\xe0\xb8\x88\xe0\xb9\x83\xe0\xb8\xab\xe0\xb9\x89\xe0\xb8\x8a\xe0\xb9\x89\xe0\xb8\xb2: \xe0\xb8\x9e\xe0\xb8\xa3\xe0\xb9\x87\xe0\xb8\xad\xe0\xb8\x81\xe0\xb8\x8b\xe0\xb8\xb5\xe0\xb8\x97\xe0\xb8\xb5\xe0\xb9\x88\xe0\xb8\xa1\xe0\xb8\xb7\xe0\xb8\x94\xe0\xb8\x81\xe0\xb8\xa7\xe0\xb9\x88\xe0\xb8\xb2\xe0\xb9\x84\xe0\xb8\xa1\xe0\xb9\x88\xe0\xb9\x80\xe0\xb8\x9b\xe0\xb9\x87\xe0\xb8\x99\xe0\xb8\xad\xe0\xb8\xb1\xe0\xb8\x99\xe0\xb8\x95\xe0\xb8\xa3\xe0\xb8\xb2\xe0\xb8\xa2 \xe0\xb9\x81\xe0\xb8\x95\xe0\xb9\x88\xe0\xb8\x9e\xe0\xb8\xa3\xe0\xb9\x87\xe0\xb8\xad\xe0\xb8\x81\xe0\xb8\x8b\xe0\xb8\xb5\xe0\xb8\x97\xe0\xb8\xb5\xe0\xb9\x88\xe0\xb8\x81\xe0\xb8\xa3\xe0\xb8\xb0\xe0\xb9\x80\xe0\xb8\x9e\xe0\xb8\xb7\xe0\xb9\x88\xe0\xb8\xad\xe0\xb8\xa1\xe0\xb9\x80\xe0\xb8\x9b\xe0\xb9\x87\xe0\xb8\x99\xe0\xb8\xad\xe0\xb8\xb1\xe0\xb8\x99\xe0\xb8\x95\xe0\xb8\xa3\xe0\xb8\xb2\xe0\xb8\xa2"},
    {"Slew (stops/frame)",
     "\xe0\xb8\x88\xe0\xb8\xb3\xe0\xb8\x81\xe0\xb8\xb1\xe0\xb8\x94\xe0\xb8\xad\xe0\xb8\xb1\xe0\xb8\x95\xe0\xb8\xa3\xe0\xb8\xb2 (\xe0\xb8\xaa\xe0\xb8\x95\xe0\xb9\x87\xe0\xb8\xad\xe0\xb8\x9b/\xe0\xb9\x80\xe0\xb8\x9f\xe0\xb8\xa3\xe0\xb8\xa1)"},
    {"Largest step the committed divisor may take in one frame.  0.020 is ~1.2 stops/s at 60 Hz: faster than engine eye adaptation, far slower than the frame-to-frame oscillation it damps.  Scene cuts, config changes and feature rebuilds snap instead of slewing, so raising this only affects tracking lag.  0 behaves as Off.",
     "\xe0\xb8\x82\xe0\xb8\xb1\xe0\xb9\x89\xe0\xb8\x99\xe0\xb8\x97\xe0\xb8\xb5\xe0\xb9\x88\xe0\xb9\x83\xe0\xb8\xab\xe0\xb8\x8d\xe0\xb9\x88\xe0\xb8\x97\xe0\xb8\xb5\xe0\xb9\x88\xe0\xb8\xaa\xe0\xb8\xb8\xe0\xb8\x94\xe0\xb8\x97\xe0\xb8\xb5\xe0\xb9\x88\xe0\xb8\x95\xe0\xb8\xb1\xe0\xb8\xa7\xe0\xb8\xab\xe0\xb8\xb2\xe0\xb8\xa3\xe0\xb8\x97\xe0\xb8\xb5\xe0\xb9\x88\xe0\xb9\x83\xe0\xb8\x8a\xe0\xb9\x89\xe0\xb8\x88\xe0\xb8\xa3\xe0\xb8\xb4\xe0\xb8\x87\xe0\xb9\x80\xe0\xb8\x9b\xe0\xb8\xa5\xe0\xb8\xb5\xe0\xb9\x88\xe0\xb8\xa2\xe0\xb8\x99\xe0\xb9\x84\xe0\xb8\x94\xe0\xb9\x89\xe0\xb9\x83\xe0\xb8\x99\xe0\xb8\xab\xe0\xb8\x99\xe0\xb8\xb6\xe0\xb9\x88\xe0\xb8\x87\xe0\xb9\x80\xe0\xb8\x9f\xe0\xb8\xa3\xe0\xb8\xa1 0.020 \xe0\xb9\x80\xe0\xb8\x97\xe0\xb9\x88\xe0\xb8\xb2\xe0\xb8\x81\xe0\xb8\xb1\xe0\xb8\x9a\xe0\xb8\x9b\xe0\xb8\xa3\xe0\xb8\xb0\xe0\xb8\xa1\xe0\xb8\xb2\xe0\xb8\x93 1.2 \xe0\xb8\xaa\xe0\xb8\x95\xe0\xb9\x87\xe0\xb8\xad\xe0\xb8\x9b/\xe0\xb8\xa7\xe0\xb8\xb4\xe0\xb8\x99\xe0\xb8\xb2\xe0\xb8\x97\xe0\xb8\xb5 \xe0\xb8\x97\xe0\xb8\xb5\xe0\xb9\x88 60 Hz: \xe0\xb9\x80\xe0\xb8\xa3\xe0\xb9\x87\xe0\xb8\xa7\xe0\xb8\x81\xe0\xb8\xa7\xe0\xb9\x88\xe0\xb8\xb2\xe0\xb8\x81\xe0\xb8\xb2\xe0\xb8\xa3\xe0\xb8\x9b\xe0\xb8\xa3\xe0\xb8\xb1\xe0\xb8\x9a\xe0\xb8\x95\xe0\xb8\xb1\xe0\xb8\xa7\xe0\xb8\x82\xe0\xb8\xad\xe0\xb8\x87\xe0\xb8\xaa\xe0\xb8\xb2\xe0\xb8\xa2\xe0\xb8\x95\xe0\xb8\xb2\xe0\xb9\x83\xe0\xb8\x99\xe0\xb9\x80\xe0\xb8\xad\xe0\xb8\x99\xe0\xb8\x88\xe0\xb8\xb4\xe0\xb8\x99 \xe0\xb9\x81\xe0\xb8\x95\xe0\xb9\x88\xe0\xb8\x8a\xe0\xb9\x89\xe0\xb8\xb2\xe0\xb8\x81\xe0\xb8\xa7\xe0\xb9\x88\xe0\xb8\xb2\xe0\xb8\x81\xe0\xb8\xb2\xe0\xb8\xa3\xe0\xb9\x81\xe0\xb8\x81\xe0\xb8\xa7\xe0\xb9\x88\xe0\xb8\x87\xe0\xb8\xa3\xe0\xb8\xb0\xe0\xb8\xab\xe0\xb8\xa7\xe0\xb9\x88\xe0\xb8\xb2\xe0\xb8\x87\xe0\xb9\x80\xe0\xb8\x9f\xe0\xb8\xa3\xe0\xb8\xa1\xe0\xb8\x97\xe0\xb8\xb5\xe0\xb9\x88\xe0\xb8\xa1\xe0\xb8\xb1\xe0\xb8\x99\xe0\xb8\xa5\xe0\xb8\x94\xe0\xb8\x97\xe0\xb8\xad\xe0\xb8\x99\xe0\xb8\xa1\xe0\xb8\xb2\xe0\xb8\x81 \xe0\xb8\x81\xe0\xb8\xb2\xe0\xb8\xa3\xe0\xb8\x95\xe0\xb8\xb1\xe0\xb8\x94\xe0\xb8\x89\xe0\xb8\xb2\xe0\xb8\x81 \xe0\xb8\x81\xe0\xb8\xb2\xe0\xb8\xa3\xe0\xb9\x80\xe0\xb8\x9b\xe0\xb8\xa5\xe0\xb8\xb5\xe0\xb9\x88\xe0\xb8\xa2\xe0\xb8\x99\xe0\xb8\x81\xe0\xb8\xb2\xe0\xb8\xa3\xe0\xb8\x95\xe0\xb8\xb1\xe0\xb9\x89\xe0\xb8\x87\xe0\xb8\x84\xe0\xb9\x88\xe0\xb8\xb2 \xe0\xb9\x81\xe0\xb8\xa5\xe0\xb8\xb0\xe0\xb8\x81\xe0\xb8\xb2\xe0\xb8\xa3\xe0\xb8\xaa\xe0\xb8\xa3\xe0\xb9\x89\xe0\xb8\xb2\xe0\xb8\x87\xe0\xb8\x9f\xe0\xb8\xb5\xe0\xb9\x80\xe0\xb8\x88\xe0\xb8\xad\xe0\xb8\xa3\xe0\xb9\x8c\xe0\xb9\x83\xe0\xb8\xab\xe0\xb8\xa1\xe0\xb9\x88\xe0\xb8\x88\xe0\xb8\xb0\xe0\xb9\x80\xe0\xb8\x9b\xe0\xb8\xa5\xe0\xb8\xb5\xe0\xb9\x88\xe0\xb8\xa2\xe0\xb8\x99\xe0\xb8\x97\xe0\xb8\xb1\xe0\xb8\x99\xe0\xb8\x97\xe0\xb8\xb5\xe0\xb9\x81\xe0\xb8\x97\xe0\xb8\x99\xe0\xb8\x81\xe0\xb8\xb2\xe0\xb8\xa3\xe0\xb8\x84\xe0\xb9\x88\xe0\xb8\xad\xe0\xb8\xa2\xe0\xb9\x86 \xe0\xb9\x80\xe0\xb8\x9b\xe0\xb8\xa5\xe0\xb8\xb5\xe0\xb9\x88\xe0\xb8\xa2\xe0\xb8\x99 \xe0\xb8\x81\xe0\xb8\xb2\xe0\xb8\xa3\xe0\xb9\x80\xe0\xb8\x9e\xe0\xb8\xb4\xe0\xb9\x88\xe0\xb8\xa1\xe0\xb8\x84\xe0\xb9\x88\xe0\xb8\xb2\xe0\xb8\x99\xe0\xb8\xb5\xe0\xb9\x89\xe0\xb8\x88\xe0\xb8\xb6\xe0\xb8\x87\xe0\xb8\xa1\xe0\xb8\xb5\xe0\xb8\x9c\xe0\xb8\xa5\xe0\xb9\x80\xe0\xb8\x89\xe0\xb8\x9e\xe0\xb8\xb2\xe0\xb8\xb0\xe0\xb8\x84\xe0\xb8\xa7\xe0\xb8\xb2\xe0\xb8\xa1\xe0\xb8\xab\xe0\xb8\x99\xe0\xb9\x88\xe0\xb8\xa7\xe0\xb8\x87\xe0\xb9\x83\xe0\xb8\x99\xe0\xb8\x81\xe0\xb8\xb2\xe0\xb8\xa3\xe0\xb8\x95\xe0\xb8\xb4\xe0\xb8\x94\xe0\xb8\x95\xe0\xb8\xb2\xe0\xb8\xa1 0 \xe0\xb8\x97\xe0\xb8\xb3\xe0\xb8\x87\xe0\xb8\xb2\xe0\xb8\x99\xe0\xb9\x80\xe0\xb8\xab\xe0\xb8\xa1\xe0\xb8\xb7\xe0\xb8\xad\xe0\xb8\x99 \xe0\xb8\x9b\xe0\xb8\xb4\xe0\xb8\x94"},
    {"Use game NGX flag",
     "\xe0\xb9\x83\xe0\xb8\x8a\xe0\xb9\x89\xe0\xb9\x81\xe0\xb8\x9f\xe0\xb8\xa5\xe0\xb9\x87\xe0\xb8\x81 NGX \xe0\xb8\x82\xe0\xb8\xad\xe0\xb8\x87\xe0\xb9\x80\xe0\xb8\x81\xe0\xb8\xa1"},
    {"Force normal depth",
     "\xe0\xb8\x9a\xe0\xb8\xb1\xe0\xb8\x87\xe0\xb8\x84\xe0\xb8\xb1\xe0\xb8\x9a\xe0\xb8\x84\xe0\xb8\xa7\xe0\xb8\xb2\xe0\xb8\xa1\xe0\xb8\xa5\xe0\xb8\xb6\xe0\xb8\x81\xe0\xb8\x9b\xe0\xb8\x81\xe0\xb8\x95\xe0\xb8\xb4"},
    {"Force inverted depth",
     "\xe0\xb8\x9a\xe0\xb8\xb1\xe0\xb8\x87\xe0\xb8\x84\xe0\xb8\xb1\xe0\xb8\x9a\xe0\xb8\x84\xe0\xb8\xa7\xe0\xb8\xb2\xe0\xb8\xa1\xe0\xb8\xa5\xe0\xb8\xb6\xe0\xb8\x81\xe0\xb8\x81\xe0\xb8\xa5\xe0\xb8\xb1\xe0\xb8\x9a\xe0\xb8\x94\xe0\xb9\x89\xe0\xb8\xb2\xe0\xb8\x99"},
    {"Depth",
     "\xe0\xb8\x84\xe0\xb8\xa7\xe0\xb8\xb2\xe0\xb8\xa1\xe0\xb8\xa5\xe0\xb8\xb6\xe0\xb8\x81"},
    {"Which way the game's depth runs.  The game's own NGX flag is right unless the game declares it wrongly.",
     "\xe0\xb8\x97\xe0\xb8\xb4\xe0\xb8\xa8\xe0\xb8\x97\xe0\xb8\xb2\xe0\xb8\x87\xe0\xb8\x82\xe0\xb8\xad\xe0\xb8\x87\xe0\xb8\x84\xe0\xb9\x88\xe0\xb8\xb2\xe0\xb8\x84\xe0\xb8\xa7\xe0\xb8\xb2\xe0\xb8\xa1\xe0\xb8\xa5\xe0\xb8\xb6\xe0\xb8\x81\xe0\xb9\x83\xe0\xb8\x99\xe0\xb9\x80\xe0\xb8\x81\xe0\xb8\xa1 \xe0\xb9\x81\xe0\xb8\x9f\xe0\xb8\xa5\xe0\xb9\x87\xe0\xb8\x81 NGX \xe0\xb8\x82\xe0\xb8\xad\xe0\xb8\x87\xe0\xb9\x80\xe0\xb8\x81\xe0\xb8\xa1\xe0\xb8\x96\xe0\xb8\xb9\xe0\xb8\x81\xe0\xb8\x95\xe0\xb9\x89\xe0\xb8\xad\xe0\xb8\x87 \xe0\xb9\x80\xe0\xb8\xa7\xe0\xb9\x89\xe0\xb8\x99\xe0\xb9\x81\xe0\xb8\x95\xe0\xb9\x88\xe0\xb9\x80\xe0\xb8\x81\xe0\xb8\xa1\xe0\xb8\x9b\xe0\xb8\xa3\xe0\xb8\xb0\xe0\xb8\x81\xe0\xb8\xb2\xe0\xb8\xa8\xe0\xb8\x9c\xe0\xb8\xb4\xe0\xb8\x94"},
    {"Scales the game's motion vectors before the model sees them.  1.000 is right unless the game reports them at another scale; a negative value flips an axis.",
     "\xe0\xb8\x9b\xe0\xb8\xa3\xe0\xb8\xb1\xe0\xb8\x9a\xe0\xb8\xaa\xe0\xb9\x80\xe0\xb8\x81\xe0\xb8\xa5\xe0\xb9\x82\xe0\xb8\xa1\xe0\xb8\x8a\xe0\xb8\xb1\xe0\xb8\x99\xe0\xb9\x80\xe0\xb8\xa7\xe0\xb8\x81\xe0\xb9\x80\xe0\xb8\x95\xe0\xb8\xad\xe0\xb8\xa3\xe0\xb9\x8c\xe0\xb8\x82\xe0\xb8\xad\xe0\xb8\x87\xe0\xb9\x80\xe0\xb8\x81\xe0\xb8\xa1\xe0\xb8\x81\xe0\xb9\x88\xe0\xb8\xad\xe0\xb8\x99\xe0\xb8\xaa\xe0\xb9\x88\xe0\xb8\x87\xe0\xb9\x83\xe0\xb8\xab\xe0\xb9\x89\xe0\xb9\x82\xe0\xb8\xa1\xe0\xb9\x80\xe0\xb8\x94\xe0\xb8\xa5 1.000 \xe0\xb8\x96\xe0\xb8\xb9\xe0\xb8\x81\xe0\xb8\x95\xe0\xb9\x89\xe0\xb8\xad\xe0\xb8\x87 \xe0\xb9\x80\xe0\xb8\xa7\xe0\xb9\x89\xe0\xb8\x99\xe0\xb9\x81\xe0\xb8\x95\xe0\xb9\x88\xe0\xb9\x80\xe0\xb8\x81\xe0\xb8\xa1\xe0\xb8\xa3\xe0\xb8\xb2\xe0\xb8\xa2\xe0\xb8\x87\xe0\xb8\xb2\xe0\xb8\x99\xe0\xb9\x83\xe0\xb8\x99\xe0\xb8\xaa\xe0\xb9\x80\xe0\xb8\x81\xe0\xb8\xa5\xe0\xb8\xad\xe0\xb8\xb7\xe0\xb9\x88\xe0\xb8\x99 \xe0\xb8\x84\xe0\xb9\x88\xe0\xb8\xb2\xe0\xb8\xa5\xe0\xb8\x9a\xe0\xb8\x88\xe0\xb8\xb0\xe0\xb8\x81\xe0\xb8\xa5\xe0\xb8\xb1\xe0\xb8\x9a\xe0\xb8\x94\xe0\xb9\x89\xe0\xb8\xb2\xe0\xb8\x99\xe0\xb9\x81\xe0\xb8\x81\xe0\xb8\x99"},
    {"Motion scale X",
     "\xe0\xb8\xaa\xe0\xb9\x80\xe0\xb8\x81\xe0\xb8\xa5\xe0\xb8\x81\xe0\xb8\xb2\xe0\xb8\xa3\xe0\xb9\x80\xe0\xb8\x84\xe0\xb8\xa5\xe0\xb8\xb7\xe0\xb9\x88\xe0\xb8\xad\xe0\xb8\x99\xe0\xb9\x84\xe0\xb8\xab\xe0\xb8\xa7 X"},
    {"Motion scale Y",
     "\xe0\xb8\xaa\xe0\xb9\x80\xe0\xb8\x81\xe0\xb8\xa5\xe0\xb8\x81\xe0\xb8\xb2\xe0\xb8\xa3\xe0\xb9\x80\xe0\xb8\x84\xe0\xb8\xa5\xe0\xb8\xb7\xe0\xb9\x88\xe0\xb8\xad\xe0\xb8\x99\xe0\xb9\x84\xe0\xb8\xab\xe0\xb8\xa7 Y"},
    {"Chained history",
     "\xe0\xb8\x9b\xe0\xb8\xa3\xe0\xb8\xb0\xe0\xb8\xa7\xe0\xb8\xb1\xe0\xb8\x95\xe0\xb8\xb4\xe0\xb8\x95\xe0\xb9\x88\xe0\xb8\xad\xe0\xb9\x80\xe0\xb8\x99\xe0\xb8\xb7\xe0\xb9\x88\xe0\xb8\xad\xe0\xb8\x87"},
    {"ON (default): every stacked pass keeps its own temporal history (reset only on scene cuts/contract changes). OFF: legacy diagnostic mode - passes 2+ are stateless (Reset every frame).  NVIDIA documents Reset-per-frame as a flicker/aliasing risk; only turn chained OFF to A/B a suspected ghosting compounding.",
     "\xe0\xb9\x80\xe0\xb8\x9b\xe0\xb8\xb4\xe0\xb8\x94 (\xe0\xb8\x84\xe0\xb9\x88\xe0\xb8\xb2\xe0\xb9\x80\xe0\xb8\xa3\xe0\xb8\xb4\xe0\xb9\x88\xe0\xb8\xa1\xe0\xb8\x95\xe0\xb9\x89\xe0\xb8\x99): \xe0\xb8\x97\xe0\xb8\xb8\xe0\xb8\x81\xe0\xb8\x9e\xe0\xb8\xb2\xe0\xb8\xaa\xe0\xb8\x97\xe0\xb8\xb5\xe0\xb9\x88\xe0\xb8\x8b\xe0\xb9\x89\xe0\xb8\xad\xe0\xb8\x99\xe0\xb8\x81\xe0\xb8\xb1\xe0\xb8\x99\xe0\xb8\xa1\xe0\xb8\xb5\xe0\xb8\x9b\xe0\xb8\xa3\xe0\xb8\xb0\xe0\xb8\xa7\xe0\xb8\xb1\xe0\xb8\x95\xe0\xb8\xb4\xe0\xb8\x95\xe0\xb8\xb2\xe0\xb8\xa1\xe0\xb9\x80\xe0\xb8\xa7\xe0\xb8\xa5\xe0\xb8\xb2\xe0\xb8\x82\xe0\xb8\xad\xe0\xb8\x87\xe0\xb8\x95\xe0\xb8\xb1\xe0\xb8\xa7\xe0\xb9\x80\xe0\xb8\xad\xe0\xb8\x87 (\xe0\xb8\xa3\xe0\xb8\xb5\xe0\xb9\x80\xe0\xb8\x8b\xe0\xb9\x87\xe0\xb8\x95\xe0\xb9\x80\xe0\xb8\x89\xe0\xb8\x9e\xe0\xb8\xb2\xe0\xb8\xb0\xe0\xb9\x80\xe0\xb8\xa1\xe0\xb8\xb7\xe0\xb9\x88\xe0\xb8\xad\xe0\xb8\x95\xe0\xb8\xb1\xe0\xb8\x94\xe0\xb8\x89\xe0\xb8\xb2\xe0\xb8\x81/\xe0\xb9\x80\xe0\xb8\x87\xe0\xb8\xb7\xe0\xb9\x88\xe0\xb8\xad\xe0\xb8\x99\xe0\xb9\x84\xe0\xb8\x82\xe0\xb9\x80\xe0\xb8\x9b\xe0\xb8\xa5\xe0\xb8\xb5\xe0\xb9\x88\xe0\xb8\xa2\xe0\xb8\x99) \xe0\xb8\x9b\xe0\xb8\xb4\xe0\xb8\x94: \xe0\xb9\x82\xe0\xb8\xab\xe0\xb8\xa1\xe0\xb8\x94\xe0\xb8\xa7\xe0\xb8\xb4\xe0\xb8\x99\xe0\xb8\xb4\xe0\xb8\x88\xe0\xb8\x89\xe0\xb8\xb1\xe0\xb8\xa2\xe0\xb9\x81\xe0\xb8\x9a\xe0\xb8\x9a\xe0\xb9\x80\xe0\xb8\x81\xe0\xb9\x88\xe0\xb8\xb2 - \xe0\xb8\x9e\xe0\xb8\xb2\xe0\xb8\xaa\xe0\xb8\x97\xe0\xb8\xb5\xe0\xb9\x88 2 \xe0\xb8\x82\xe0\xb8\xb6\xe0\xb9\x89\xe0\xb8\x99\xe0\xb9\x84\xe0\xb8\x9b\xe0\xb9\x84\xe0\xb8\xa1\xe0\xb9\x88\xe0\xb8\xa1\xe0\xb8\xb5\xe0\xb8\xaa\xe0\xb8\x96\xe0\xb8\xb2\xe0\xb8\x99\xe0\xb8\xb0 (Reset \xe0\xb8\x97\xe0\xb8\xb8\xe0\xb8\x81\xe0\xb9\x80\xe0\xb8\x9f\xe0\xb8\xa3\xe0\xb8\xa1) NVIDIA \xe0\xb8\xa3\xe0\xb8\xb0\xe0\xb8\x9a\xe0\xb8\xb8\xe0\xb8\xa7\xe0\xb9\x88\xe0\xb8\xb2\xe0\xb8\x81\xe0\xb8\xb2\xe0\xb8\xa3 Reset \xe0\xb8\x97\xe0\xb8\xb8\xe0\xb8\x81\xe0\xb9\x80\xe0\xb8\x9f\xe0\xb8\xa3\xe0\xb8\xa1\xe0\xb9\x80\xe0\xb8\xaa\xe0\xb8\xb5\xe0\xb9\x88\xe0\xb8\xa2\xe0\xb8\x87\xe0\xb8\x95\xe0\xb9\x88\xe0\xb8\xad\xe0\xb8\x81\xe0\xb8\xb2\xe0\xb8\xa3\xe0\xb8\x81\xe0\xb8\xb0\xe0\xb8\x9e\xe0\xb8\xa3\xe0\xb8\xb4\xe0\xb8\x9a/\xe0\xb8\xa3\xe0\xb8\xad\xe0\xb8\xa2\xe0\xb8\xab\xe0\xb8\xa2\xe0\xb8\xb1\xe0\xb8\x81 \xe0\xb9\x83\xe0\xb8\xab\xe0\xb9\x89\xe0\xb8\x9b\xe0\xb8\xb4\xe0\xb8\x94\xe0\xb8\x81\xe0\xb8\xb2\xe0\xb8\xa3\xe0\xb8\x95\xe0\xb9\x88\xe0\xb8\xad\xe0\xb9\x80\xe0\xb8\x99\xe0\xb8\xb7\xe0\xb9\x88\xe0\xb8\xad\xe0\xb8\x87\xe0\xb9\x80\xe0\xb8\x89\xe0\xb8\x9e\xe0\xb8\xb2\xe0\xb8\xb0\xe0\xb9\x80\xe0\xb8\xa1\xe0\xb8\xb7\xe0\xb9\x88\xe0\xb8\xad\xe0\xb8\x95\xe0\xb9\x89\xe0\xb8\xad\xe0\xb8\x87\xe0\xb8\x81\xe0\xb8\xb2\xe0\xb8\xa3\xe0\xb8\x97\xe0\xb8\x94\xe0\xb8\xaa\xe0\xb8\xad\xe0\xb8\x9a A/B \xe0\xb8\xa0\xe0\xb8\xb2\xe0\xb8\x9e\xe0\xb8\x8b\xe0\xb9\x89\xe0\xb8\xad\xe0\xb8\x99\xe0\xb8\x97\xe0\xb8\xb5\xe0\xb9\x88\xe0\xb8\xaa\xe0\xb8\xb0\xe0\xb8\xaa\xe0\xb8\xa1"},
    {"The game's DLSS call lacked its output, depth or motion",
     "\xe0\xb8\x81\xe0\xb8\xb2\xe0\xb8\xa3\xe0\xb9\x80\xe0\xb8\xa3\xe0\xb8\xb5\xe0\xb8\xa2\xe0\xb8\x81 DLSS \xe0\xb8\x82\xe0\xb8\xad\xe0\xb8\x87\xe0\xb9\x80\xe0\xb8\x81\xe0\xb8\xa1\xe0\xb9\x84\xe0\xb8\xa1\xe0\xb9\x88\xe0\xb8\xa1\xe0\xb8\xb5\xe0\xb9\x80\xe0\xb8\xad\xe0\xb8\xb2\xe0\xb8\x95\xe0\xb9\x8c\xe0\xb8\x9e\xe0\xb8\xb8\xe0\xb8\x95 \xe0\xb8\x84\xe0\xb8\xa7\xe0\xb8\xb2\xe0\xb8\xa1\xe0\xb8\xa5\xe0\xb8\xb6\xe0\xb8\x81 \xe0\xb8\xab\xe0\xb8\xa3\xe0\xb8\xb7\xe0\xb8\xad\xe0\xb8\x81\xe0\xb8\xb2\xe0\xb8\xa3\xe0\xb9\x80\xe0\xb8\x84\xe0\xb8\xa5\xe0\xb8\xb7\xe0\xb9\x88\xe0\xb8\xad\xe0\xb8\x99\xe0\xb9\x84\xe0\xb8\xab\xe0\xb8\xa7"},
    {"The game's DLSS output has a size or layout NR cannot use",
     "\xe0\xb9\x80\xe0\xb8\xad\xe0\xb8\xb2\xe0\xb8\x95\xe0\xb9\x8c\xe0\xb8\x9e\xe0\xb8\xb8\xe0\xb8\x95 DLSS \xe0\xb8\x82\xe0\xb8\xad\xe0\xb8\x87\xe0\xb9\x80\xe0\xb8\x81\xe0\xb8\xa1\xe0\xb8\xa1\xe0\xb8\xb5\xe0\xb8\x82\xe0\xb8\x99\xe0\xb8\xb2\xe0\xb8\x94\xe0\xb8\xab\xe0\xb8\xa3\xe0\xb8\xb7\xe0\xb8\xad\xe0\xb8\xa3\xe0\xb8\xb9\xe0\xb8\x9b\xe0\xb9\x81\xe0\xb8\x9a\xe0\xb8\x9a\xe0\xb8\x97\xe0\xb8\xb5\xe0\xb9\x88 NR \xe0\xb9\x83\xe0\xb8\x8a\xe0\xb9\x89\xe0\xb9\x84\xe0\xb8\xa1\xe0\xb9\x88\xe0\xb9\x84\xe0\xb8\x94\xe0\xb9\x89"},
    {"The game's image before upscaling has a size or layout NR cannot use",
     "\xe0\xb8\xa0\xe0\xb8\xb2\xe0\xb8\x9e\xe0\xb8\x82\xe0\xb8\xad\xe0\xb8\x87\xe0\xb9\x80\xe0\xb8\x81\xe0\xb8\xa1\xe0\xb8\x81\xe0\xb9\x88\xe0\xb8\xad\xe0\xb8\x99\xe0\xb8\xad\xe0\xb8\xb1\xe0\xb8\x9b\xe0\xb8\xaa\xe0\xb9\x80\xe0\xb8\x81\xe0\xb8\xa5\xe0\xb8\xa1\xe0\xb8\xb5\xe0\xb8\x82\xe0\xb8\x99\xe0\xb8\xb2\xe0\xb8\x94\xe0\xb8\xab\xe0\xb8\xa3\xe0\xb8\xb7\xe0\xb8\xad\xe0\xb8\xa3\xe0\xb8\xb9\xe0\xb8\x9b\xe0\xb9\x81\xe0\xb8\x9a\xe0\xb8\x9a\xe0\xb8\x97\xe0\xb8\xb5\xe0\xb9\x88 NR \xe0\xb9\x83\xe0\xb8\x8a\xe0\xb9\x89\xe0\xb9\x84\xe0\xb8\xa1\xe0\xb9\x88\xe0\xb9\x84\xe0\xb8\x94\xe0\xb9\x89"},
    {"Streamline did not hand over every image NR needs",
     "Streamline \xe0\xb9\x84\xe0\xb8\xa1\xe0\xb9\x88\xe0\xb9\x84\xe0\xb8\x94\xe0\xb9\x89\xe0\xb8\xaa\xe0\xb9\x88\xe0\xb8\x87\xe0\xb8\xa0\xe0\xb8\xb2\xe0\xb8\x9e\xe0\xb8\x97\xe0\xb8\xb8\xe0\xb8\x81\xe0\xb8\xa0\xe0\xb8\xb2\xe0\xb8\x9e\xe0\xb8\x97\xe0\xb8\xb5\xe0\xb9\x88 NR \xe0\xb8\x95\xe0\xb9\x89\xe0\xb8\xad\xe0\xb8\x87\xe0\xb9\x83\xe0\xb8\x8a\xe0\xb9\x89"},
    {"Streamline's images were in a state NR cannot use",
     "\xe0\xb8\xa0\xe0\xb8\xb2\xe0\xb8\x9e\xe0\xb8\x82\xe0\xb8\xad\xe0\xb8\x87 Streamline \xe0\xb8\xad\xe0\xb8\xa2\xe0\xb8\xb9\xe0\xb9\x88\xe0\xb9\x83\xe0\xb8\x99\xe0\xb8\xaa\xe0\xb8\x96\xe0\xb8\xb2\xe0\xb8\x99\xe0\xb8\xb0\xe0\xb8\x97\xe0\xb8\xb5\xe0\xb9\x88 NR \xe0\xb9\x83\xe0\xb8\x8a\xe0\xb9\x89\xe0\xb9\x84\xe0\xb8\xa1\xe0\xb9\x88\xe0\xb9\x84\xe0\xb8\x94\xe0\xb9\x89"},
    {"The NR runtime was not ready for Streamline",
     "\xe0\xb8\xa3\xe0\xb8\xb1\xe0\xb8\x99\xe0\xb9\x84\xe0\xb8\x97\xe0\xb8\xa1\xe0\xb9\x8c NR \xe0\xb8\xa2\xe0\xb8\xb1\xe0\xb8\x87\xe0\xb9\x84\xe0\xb8\xa1\xe0\xb9\x88\xe0\xb8\x9e\xe0\xb8\xa3\xe0\xb9\x89\xe0\xb8\xad\xe0\xb8\xa1\xe0\xb8\xaa\xe0\xb8\xb3\xe0\xb8\xab\xe0\xb8\xa3\xe0\xb8\xb1\xe0\xb8\x9a Streamline"},
    {"The frame was already enhanced (the game ran DLSS twice)",
     "\xe0\xb9\x80\xe0\xb8\x9f\xe0\xb8\xa3\xe0\xb8\xa1\xe0\xb8\x96\xe0\xb8\xb9\xe0\xb8\x81\xe0\xb9\x80\xe0\xb8\x9e\xe0\xb8\xb4\xe0\xb9\x88\xe0\xb8\xa1\xe0\xb8\x84\xe0\xb8\xb8\xe0\xb8\x93\xe0\xb8\xa0\xe0\xb8\xb2\xe0\xb8\x9e\xe0\xb9\x84\xe0\xb8\x9b\xe0\xb9\x81\xe0\xb8\xa5\xe0\xb9\x89\xe0\xb8\xa7 (\xe0\xb9\x80\xe0\xb8\x81\xe0\xb8\xa1\xe0\xb9\x80\xe0\xb8\xa3\xe0\xb8\xb5\xe0\xb8\xa2\xe0\xb8\x81 DLSS \xe0\xb8\xaa\xe0\xb8\xad\xe0\xb8\x87\xe0\xb8\x84\xe0\xb8\xa3\xe0\xb8\xb1\xe0\xb9\x89\xe0\xb8\x87)"},
    {"The game's GPU state could not be restored safely",
     "\xe0\xb9\x84\xe0\xb8\xa1\xe0\xb9\x88\xe0\xb8\xaa\xe0\xb8\xb2\xe0\xb8\xa1\xe0\xb8\xb2\xe0\xb8\xa3\xe0\xb8\x96\xe0\xb8\x84\xe0\xb8\xb7\xe0\xb8\x99\xe0\xb8\xaa\xe0\xb8\x96\xe0\xb8\xb2\xe0\xb8\x99\xe0\xb8\xb0 GPU \xe0\xb8\x82\xe0\xb8\xad\xe0\xb8\x87\xe0\xb9\x80\xe0\xb8\x81\xe0\xb8\xa1\xe0\xb9\x84\xe0\xb8\x94\xe0\xb9\x89\xe0\xb8\xad\xe0\xb8\xa2\xe0\xb9\x88\xe0\xb8\xb2\xe0\xb8\x87\xe0\xb8\x9b\xe0\xb8\xa5\xe0\xb8\xad\xe0\xb8\x94\xe0\xb8\xa0\xe0\xb8\xb1\xe0\xb8\xa2"},
    {"NR could not set up its working images",
     "NR \xe0\xb9\x80\xe0\xb8\x95\xe0\xb8\xa3\xe0\xb8\xb5\xe0\xb8\xa2\xe0\xb8\xa1\xe0\xb8\xa0\xe0\xb8\xb2\xe0\xb8\x9e\xe0\xb8\xaa\xe0\xb8\xb3\xe0\xb8\xab\xe0\xb8\xa3\xe0\xb8\xb1\xe0\xb8\x9a\xe0\xb8\x97\xe0\xb8\xb3\xe0\xb8\x87\xe0\xb8\xb2\xe0\xb8\x99\xe0\xb9\x84\xe0\xb8\xa1\xe0\xb9\x88\xe0\xb9\x84\xe0\xb8\x94\xe0\xb9\x89"},
    {"Warm-up after a start or a settings change",
     "\xe0\xb8\xad\xe0\xb8\xb8\xe0\xb9\x88\xe0\xb8\x99\xe0\xb9\x80\xe0\xb8\x84\xe0\xb8\xa3\xe0\xb8\xb7\xe0\xb9\x88\xe0\xb8\xad\xe0\xb8\x87\xe0\xb8\xab\xe0\xb8\xa5\xe0\xb8\xb1\xe0\xb8\x87\xe0\xb8\x81\xe0\xb8\xb2\xe0\xb8\xa3\xe0\xb9\x80\xe0\xb8\xa3\xe0\xb8\xb4\xe0\xb9\x88\xe0\xb8\xa1\xe0\xb8\xab\xe0\xb8\xa3\xe0\xb8\xb7\xe0\xb8\xad\xe0\xb8\x81\xe0\xb8\xb2\xe0\xb8\xa3\xe0\xb9\x80\xe0\xb8\x9b\xe0\xb8\xa5\xe0\xb8\xb5\xe0\xb9\x88\xe0\xb8\xa2\xe0\xb8\x99\xe0\xb8\x81\xe0\xb8\xb2\xe0\xb8\xa3\xe0\xb8\x95\xe0\xb8\xb1\xe0\xb9\x89\xe0\xb8\x87\xe0\xb8\x84\xe0\xb9\x88\xe0\xb8\xb2"},
    {"Strength is 0 in every pass",
     "\xe0\xb8\x84\xe0\xb8\xa7\xe0\xb8\xb2\xe0\xb8\xa1\xe0\xb9\x81\xe0\xb8\xa3\xe0\xb8\x87\xe0\xb9\x80\xe0\xb8\x9b\xe0\xb9\x87\xe0\xb8\x99 0 \xe0\xb9\x83\xe0\xb8\x99\xe0\xb8\x97\xe0\xb8\xb8\xe0\xb8\x81\xe0\xb8\x9e\xe0\xb8\xb2\xe0\xb8\xaa"},
    {"Waiting to retry after a failure",
     "\xe0\xb8\xa3\xe0\xb8\xad\xe0\xb8\xa5\xe0\xb8\xad\xe0\xb8\x87\xe0\xb9\x83\xe0\xb8\xab\xe0\xb8\xa1\xe0\xb9\x88\xe0\xb8\xab\xe0\xb8\xa5\xe0\xb8\xb1\xe0\xb8\x87\xe0\xb9\x80\xe0\xb8\x81\xe0\xb8\xb4\xe0\xb8\x94\xe0\xb8\x82\xe0\xb9\x89\xe0\xb8\xad\xe0\xb8\x9c\xe0\xb8\xb4\xe0\xb8\x94\xe0\xb8\x9e\xe0\xb8\xa5\xe0\xb8\xb2\xe0\xb8\x94"},
    {"The NR runtime is not available",
     "\xe0\xb9\x84\xe0\xb8\xa1\xe0\xb9\x88\xe0\xb8\xa1\xe0\xb8\xb5\xe0\xb8\xa3\xe0\xb8\xb1\xe0\xb8\x99\xe0\xb9\x84\xe0\xb8\x97\xe0\xb8\xa1\xe0\xb9\x8c NR \xe0\xb9\x83\xe0\xb8\xab\xe0\xb9\x89\xe0\xb9\x83\xe0\xb8\x8a\xe0\xb9\x89"},
    {"The Direct3D 11 bridge was not running",
     "\xe0\xb8\x9a\xe0\xb8\xa3\xe0\xb8\xb4\xe0\xb8\x94\xe0\xb8\x88\xe0\xb9\x8c Direct3D 11 \xe0\xb9\x84\xe0\xb8\xa1\xe0\xb9\x88\xe0\xb9\x84\xe0\xb8\x94\xe0\xb9\x89\xe0\xb8\x97\xe0\xb8\xb3\xe0\xb8\x87\xe0\xb8\xb2\xe0\xb8\x99"},
    {"This frame's images cannot cross the Direct3D 11 bridge",
     "\xe0\xb8\xa0\xe0\xb8\xb2\xe0\xb8\x9e\xe0\xb8\x82\xe0\xb8\xad\xe0\xb8\x87\xe0\xb9\x80\xe0\xb8\x9f\xe0\xb8\xa3\xe0\xb8\xa1\xe0\xb8\x99\xe0\xb8\xb5\xe0\xb9\x89\xe0\xb8\x82\xe0\xb9\x89\xe0\xb8\xb2\xe0\xb8\xa1\xe0\xb8\x9a\xe0\xb8\xa3\xe0\xb8\xb4\xe0\xb8\x94\xe0\xb8\x88\xe0\xb9\x8c Direct3D 11 \xe0\xb9\x84\xe0\xb8\xa1\xe0\xb9\x88\xe0\xb9\x84\xe0\xb8\x94\xe0\xb9\x89"},
    {"The Direct3D 11 bridge was still busy on the GPU",
     "\xe0\xb8\x9a\xe0\xb8\xa3\xe0\xb8\xb4\xe0\xb8\x94\xe0\xb8\x88\xe0\xb9\x8c Direct3D 11 \xe0\xb8\xa2\xe0\xb8\xb1\xe0\xb8\x87\xe0\xb9\x84\xe0\xb8\xa1\xe0\xb9\x88\xe0\xb8\xa7\xe0\xb9\x88\xe0\xb8\xb2\xe0\xb8\x87\xe0\xb8\x9a\xe0\xb8\x99 GPU"},
    {"A Direct3D 11 bridge frame stalled and was released",
     "\xe0\xb9\x80\xe0\xb8\x9f\xe0\xb8\xa3\xe0\xb8\xa1\xe0\xb8\x82\xe0\xb8\xad\xe0\xb8\x87\xe0\xb8\x9a\xe0\xb8\xa3\xe0\xb8\xb4\xe0\xb8\x94\xe0\xb8\x88\xe0\xb9\x8c Direct3D 11 \xe0\xb8\x84\xe0\xb9\x89\xe0\xb8\xb2\xe0\xb8\x87\xe0\xb9\x81\xe0\xb8\xa5\xe0\xb8\xb0\xe0\xb8\x96\xe0\xb8\xb9\xe0\xb8\x81\xe0\xb8\x9b\xe0\xb8\xa5\xe0\xb9\x88\xe0\xb8\xad\xe0\xb8\xa2"},
    {"The Direct3D 11 bridge was lost",
     "\xe0\xb8\x9a\xe0\xb8\xa3\xe0\xb8\xb4\xe0\xb8\x94\xe0\xb8\x88\xe0\xb9\x8c Direct3D 11 \xe0\xb8\xaa\xe0\xb8\xb9\xe0\xb8\x8d\xe0\xb8\xab\xe0\xb8\xb2\xe0\xb8\xa2"},
    {"The game ran DLSS on a deferred Direct3D 11 context",
     "\xe0\xb9\x80\xe0\xb8\x81\xe0\xb8\xa1\xe0\xb9\x80\xe0\xb8\xa3\xe0\xb8\xb5\xe0\xb8\xa2\xe0\xb8\x81 DLSS \xe0\xb8\x9a\xe0\xb8\x99\xe0\xb8\x84\xe0\xb8\xad\xe0\xb8\x99\xe0\xb9\x80\xe0\xb8\x97\xe0\xb9\x87\xe0\xb8\x81\xe0\xb8\x8b\xe0\xb9\x8c Direct3D 11 \xe0\xb9\x81\xe0\xb8\x9a\xe0\xb8\x9a\xe0\xb8\xab\xe0\xb8\x99\xe0\xb9\x88\xe0\xb8\xa7\xe0\xb8\x87"},
    {"Waiting for a closed window's GPU work to finish",
     "\xe0\xb8\xa3\xe0\xb8\xad\xe0\xb9\x83\xe0\xb8\xab\xe0\xb9\x89\xe0\xb8\x87\xe0\xb8\xb2\xe0\xb8\x99 GPU \xe0\xb8\x82\xe0\xb8\xad\xe0\xb8\x87\xe0\xb8\xab\xe0\xb8\x99\xe0\xb9\x89\xe0\xb8\xb2\xe0\xb8\x95\xe0\xb9\x88\xe0\xb8\xb2\xe0\xb8\x87\xe0\xb8\x97\xe0\xb8\xb5\xe0\xb9\x88\xe0\xb8\x9b\xe0\xb8\xb4\xe0\xb8\x94\xe0\xb9\x84\xe0\xb8\x9b\xe0\xb9\x80\xe0\xb8\xaa\xe0\xb8\xa3\xe0\xb9\x87\xe0\xb8\x88"},
    {"Restore",
     "\xe0\xb8\x84\xe0\xb8\xb7\xe0\xb8\x99\xe0\xb8\x84\xe0\xb9\x88\xe0\xb8\xb2"},
    {"Cancel",
     "\xe0\xb8\xa2\xe0\xb8\x81\xe0\xb9\x80\xe0\xb8\xa5\xe0\xb8\xb4\xe0\xb8\x81"},
    {"Press a key (Esc cancels)",
     "\xe0\xb8\x81\xe0\xb8\x94\xe0\xb8\x9b\xe0\xb8\xb8\xe0\xb9\x88\xe0\xb8\xa1 (Esc \xe0\xb9\x80\xe0\xb8\x9e\xe0\xb8\xb7\xe0\xb9\x88\xe0\xb8\xad\xe0\xb8\xa2\xe0\xb8\x81\xe0\xb9\x80\xe0\xb8\xa5\xe0\xb8\xb4\xe0\xb8\x81)"},
    {"Toggle NR",
     "\xe0\xb9\x80\xe0\xb8\x9b\xe0\xb8\xb4\xe0\xb8\x94/\xe0\xb8\x9b\xe0\xb8\xb4\xe0\xb8\x94 NR"},
    {"Screenshot",
     "\xe0\xb8\xa0\xe0\xb8\xb2\xe0\xb8\x9e\xe0\xb8\xab\xe0\xb8\x99\xe0\xb9\x89\xe0\xb8\xb2\xe0\xb8\x88\xe0\xb8\xad"},
    {"PNG",
     "PNG"},
    {"JPEG",
     "JPEG"},
    {"PNG + JPEG",
     "PNG + JPEG"},
    {"File format",
     "\xe0\xb8\xa3\xe0\xb8\xb9\xe0\xb8\x9b\xe0\xb9\x81\xe0\xb8\x9a\xe0\xb8\x9a\xe0\xb9\x84\xe0\xb8\x9f\xe0\xb8\xa5\xe0\xb9\x8c"},
    {"PNG is lossless. JPEG makes smaller files at full resolution. HDR uses the same SDR preview as rc10.",
     "PNG \xe0\xb9\x84\xe0\xb8\xa1\xe0\xb9\x88\xe0\xb8\xa1\xe0\xb8\xb5\xe0\xb8\x81\xe0\xb8\xb2\xe0\xb8\xa3\xe0\xb8\xaa\xe0\xb8\xb9\xe0\xb8\x8d\xe0\xb9\x80\xe0\xb8\xaa\xe0\xb8\xb5\xe0\xb8\xa2 JPEG \xe0\xb8\xaa\xe0\xb8\xa3\xe0\xb9\x89\xe0\xb8\xb2\xe0\xb8\x87\xe0\xb9\x84\xe0\xb8\x9f\xe0\xb8\xa5\xe0\xb9\x8c\xe0\xb8\x82\xe0\xb8\x99\xe0\xb8\xb2\xe0\xb8\x94\xe0\xb9\x80\xe0\xb8\xa5\xe0\xb9\x87\xe0\xb8\x81\xe0\xb8\xa5\xe0\xb8\x87\xe0\xb8\x97\xe0\xb8\xb5\xe0\xb9\x88\xe0\xb8\x84\xe0\xb8\xa7\xe0\xb8\xb2\xe0\xb8\xa1\xe0\xb8\xa5\xe0\xb8\xb0\xe0\xb9\x80\xe0\xb8\xad\xe0\xb8\xb5\xe0\xb8\xa2\xe0\xb8\x94\xe0\xb9\x80\xe0\xb8\x95\xe0\xb9\x87\xe0\xb8\xa1 HDR \xe0\xb9\x83\xe0\xb8\x8a\xe0\xb9\x89\xe0\xb8\xa0\xe0\xb8\xb2\xe0\xb8\x9e\xe0\xb8\x95\xe0\xb8\xb1\xe0\xb8\xa7\xe0\xb8\xad\xe0\xb8\xa2\xe0\xb9\x88\xe0\xb8\xb2\xe0\xb8\x87 SDR \xe0\xb9\x81\xe0\xb8\x9a\xe0\xb8\x9a\xe0\xb9\x80\xe0\xb8\x94\xe0\xb8\xb5\xe0\xb8\xa2\xe0\xb8\xa7\xe0\xb8\x81\xe0\xb8\xb1\xe0\xb8\x9a rc10"},
    {"Pair",
     "\xe0\xb8\x84\xe0\xb8\xb9\xe0\xb9\x88"},
    {"Pair + side by side",
     "\xe0\xb8\x84\xe0\xb8\xb9\xe0\xb9\x88 + \xe0\xb9\x80\xe0\xb8\x84\xe0\xb8\xb5\xe0\xb8\xa2\xe0\xb8\x87\xe0\xb8\x82\xe0\xb9\x89\xe0\xb8\xb2\xe0\xb8\x87\xe0\xb8\x81\xe0\xb8\xb1\xe0\xb8\x99"},
    {"Comparison layout",
     "\xe0\xb8\x81\xe0\xb8\xb2\xe0\xb8\xa3\xe0\xb8\x88\xe0\xb8\xb1\xe0\xb8\x94\xe0\xb8\xa7\xe0\xb8\xb2\xe0\xb8\x87\xe0\xb8\x81\xe0\xb8\xb2\xe0\xb8\xa3\xe0\xb9\x80\xe0\xb8\x9b\xe0\xb8\xa3\xe0\xb8\xb5\xe0\xb8\xa2\xe0\xb8\x9a\xe0\xb9\x80\xe0\xb8\x97\xe0\xb8\xb5\xe0\xb8\xa2\xe0\xb8\x9a"},
    {"Side by side adds one file showing NR off (left) and NR on (right), for a single upload.",
     "\xe0\xb9\x80\xe0\xb8\x84\xe0\xb8\xb5\xe0\xb8\xa2\xe0\xb8\x87\xe0\xb8\x82\xe0\xb9\x89\xe0\xb8\xb2\xe0\xb8\x87\xe0\xb8\x81\xe0\xb8\xb1\xe0\xb8\x99\xe0\xb8\x88\xe0\xb8\xb0\xe0\xb9\x80\xe0\xb8\x9e\xe0\xb8\xb4\xe0\xb9\x88\xe0\xb8\xa1\xe0\xb9\x84\xe0\xb8\x9f\xe0\xb8\xa5\xe0\xb9\x8c\xe0\xb9\x80\xe0\xb8\x94\xe0\xb8\xb5\xe0\xb8\xa2\xe0\xb8\xa7\xe0\xb8\x97\xe0\xb8\xb5\xe0\xb9\x88\xe0\xb9\x81\xe0\xb8\xaa\xe0\xb8\x94\xe0\xb8\x87 NR \xe0\xb8\x9b\xe0\xb8\xb4\xe0\xb8\x94 (\xe0\xb8\x8b\xe0\xb9\x89\xe0\xb8\xb2\xe0\xb8\xa2) \xe0\xb9\x81\xe0\xb8\xa5\xe0\xb8\xb0 NR \xe0\xb9\x80\xe0\xb8\x9b\xe0\xb8\xb4\xe0\xb8\x94 (\xe0\xb8\x82\xe0\xb8\xa7\xe0\xb8\xb2) \xe0\xb8\xaa\xe0\xb8\xb3\xe0\xb8\xab\xe0\xb8\xa3\xe0\xb8\xb1\xe0\xb8\x9a\xe0\xb8\xad\xe0\xb8\xb1\xe0\xb8\x9b\xe0\xb9\x82\xe0\xb8\xab\xe0\xb8\xa5\xe0\xb8\x94\xe0\xb8\x84\xe0\xb8\xa3\xe0\xb8\xb1\xe0\xb9\x89\xe0\xb8\x87\xe0\xb9\x80\xe0\xb8\x94\xe0\xb8\xb5\xe0\xb8\xa2\xe0\xb8\xa7"},
    {"JPEG quality",
     "\xe0\xb8\x84\xe0\xb8\xb8\xe0\xb8\x93\xe0\xb8\xa0\xe0\xb8\xb2\xe0\xb8\x9e JPEG"},
    {"95 is visually lossless. If a file is over the size limit, the quality steps down (not below 85); the image is never scaled down.",
     "95 \xe0\xb8\x94\xe0\xb8\xb9\xe0\xb9\x84\xe0\xb8\xa1\xe0\xb9\x88\xe0\xb8\xaa\xe0\xb8\xb9\xe0\xb8\x8d\xe0\xb9\x80\xe0\xb8\xaa\xe0\xb8\xb5\xe0\xb8\xa2\xe0\xb8\x84\xe0\xb8\xb8\xe0\xb8\x93\xe0\xb8\xa0\xe0\xb8\xb2\xe0\xb8\x9e \xe0\xb8\x96\xe0\xb9\x89\xe0\xb8\xb2\xe0\xb9\x84\xe0\xb8\x9f\xe0\xb8\xa5\xe0\xb9\x8c\xe0\xb9\x80\xe0\xb8\x81\xe0\xb8\xb4\xe0\xb8\x99\xe0\xb8\x82\xe0\xb8\xb5\xe0\xb8\x94\xe0\xb8\x88\xe0\xb8\xb3\xe0\xb8\x81\xe0\xb8\xb1\xe0\xb8\x94\xe0\xb8\x82\xe0\xb8\x99\xe0\xb8\xb2\xe0\xb8\x94 \xe0\xb8\x84\xe0\xb8\xb8\xe0\xb8\x93\xe0\xb8\xa0\xe0\xb8\xb2\xe0\xb8\x9e\xe0\xb8\x88\xe0\xb8\xb0\xe0\xb8\xa5\xe0\xb8\x94\xe0\xb8\xa5\xe0\xb8\x87\xe0\xb8\x97\xe0\xb8\xb5\xe0\xb8\xa5\xe0\xb8\xb0\xe0\xb8\x82\xe0\xb8\xb1\xe0\xb9\x89\xe0\xb8\x99 (\xe0\xb9\x84\xe0\xb8\xa1\xe0\xb9\x88\xe0\xb8\x95\xe0\xb9\x88\xe0\xb8\xb3\xe0\xb8\x81\xe0\xb8\xa7\xe0\xb9\x88\xe0\xb8\xb2 85) \xe0\xb9\x81\xe0\xb8\xa5\xe0\xb8\xb0\xe0\xb8\x88\xe0\xb8\xb0\xe0\xb9\x84\xe0\xb8\xa1\xe0\xb9\x88\xe0\xb8\xa2\xe0\xb9\x88\xe0\xb8\xad\xe0\xb8\xa0\xe0\xb8\xb2\xe0\xb8\x9e\xe0\xb9\x80\xe0\xb8\xa5\xe0\xb8\xa2"},
    {"JPEG size limit (MB)",
     "\xe0\xb8\x82\xe0\xb8\xb5\xe0\xb8\x94\xe0\xb8\x88\xe0\xb8\xb3\xe0\xb8\x81\xe0\xb8\xb1\xe0\xb8\x94\xe0\xb8\x82\xe0\xb8\x99\xe0\xb8\xb2\xe0\xb8\x94 JPEG (MB)"},
    {"10 is Discord's upload limit without Nitro. 0 turns the limit off.",
     "10 \xe0\xb8\x84\xe0\xb8\xb7\xe0\xb8\xad\xe0\xb8\x82\xe0\xb8\xb5\xe0\xb8\x94\xe0\xb8\x88\xe0\xb8\xb3\xe0\xb8\x81\xe0\xb8\xb1\xe0\xb8\x94\xe0\xb8\x81\xe0\xb8\xb2\xe0\xb8\xa3\xe0\xb8\xad\xe0\xb8\xb1\xe0\xb8\x9b\xe0\xb9\x82\xe0\xb8\xab\xe0\xb8\xa5\xe0\xb8\x94\xe0\xb8\x82\xe0\xb8\xad\xe0\xb8\x87 Discord \xe0\xb9\x81\xe0\xb8\x9a\xe0\xb8\x9a\xe0\xb9\x84\xe0\xb8\xa1\xe0\xb9\x88\xe0\xb8\xa1\xe0\xb8\xb5 Nitro \xe0\xb8\x84\xe0\xb9\x88\xe0\xb8\xb2 0 \xe0\xb8\x9b\xe0\xb8\xb4\xe0\xb8\x94\xe0\xb8\x82\xe0\xb8\xb5\xe0\xb8\x94\xe0\xb8\x88\xe0\xb8\xb3\xe0\xb8\x81\xe0\xb8\xb1\xe0\xb8\x94"},
    {"waiting for GPU completion",
     "\xe0\xb8\x81\xe0\xb8\xb3\xe0\xb8\xa5\xe0\xb8\xb1\xe0\xb8\x87\xe0\xb8\xa3\xe0\xb8\xad\xe0\xb9\x83\xe0\xb8\xab\xe0\xb9\x89 GPU \xe0\xb8\x97\xe0\xb8\xb3\xe0\xb8\x87\xe0\xb8\xb2\xe0\xb8\x99\xe0\xb9\x80\xe0\xb8\xaa\xe0\xb8\xa3\xe0\xb9\x87\xe0\xb8\x88"},
    {"armed, waiting for a successful evaluation",
     "\xe0\xb8\x9e\xe0\xb8\xa3\xe0\xb9\x89\xe0\xb8\xad\xe0\xb8\xa1\xe0\xb9\x81\xe0\xb8\xa5\xe0\xb9\x89\xe0\xb8\xa7 \xe0\xb8\x81\xe0\xb8\xb3\xe0\xb8\xa5\xe0\xb8\xb1\xe0\xb8\x87\xe0\xb8\xa3\xe0\xb8\xad\xe0\xb8\x81\xe0\xb8\xb2\xe0\xb8\xa3\xe0\xb8\x9b\xe0\xb8\xa3\xe0\xb8\xb0\xe0\xb8\xa1\xe0\xb8\xa7\xe0\xb8\xa5\xe0\xb8\x9c\xe0\xb8\xa5\xe0\xb8\x97\xe0\xb8\xb5\xe0\xb9\x88\xe0\xb8\xaa\xe0\xb8\xb3\xe0\xb9\x80\xe0\xb8\xa3\xe0\xb9\x87\xe0\xb8\x88"},
    {"idle",
     "\xe0\xb8\xa7\xe0\xb9\x88\xe0\xb8\xb2\xe0\xb8\x87"},
    {"Capture",
     "\xe0\xb8\x96\xe0\xb9\x88\xe0\xb8\xb2\xe0\xb8\xa2"},
    {"Take a screenshot now",
     "\xe0\xb8\x96\xe0\xb9\x88\xe0\xb8\xb2\xe0\xb8\xa2\xe0\xb8\xa0\xe0\xb8\xb2\xe0\xb8\x9e\xe0\xb8\xab\xe0\xb8\x99\xe0\xb9\x89\xe0\xb8\xb2\xe0\xb8\x88\xe0\xb8\xad\xe0\xb8\x95\xe0\xb8\xad\xe0\xb8\x99\xe0\xb8\x99\xe0\xb8\xb5\xe0\xb9\x89"},
    {"Screenshot status",
     "\xe0\xb8\xaa\xe0\xb8\x96\xe0\xb8\xb2\xe0\xb8\x99\xe0\xb8\xb0\xe0\xb8\xa0\xe0\xb8\xb2\xe0\xb8\x9e\xe0\xb8\xab\xe0\xb8\x99\xe0\xb9\x89\xe0\xb8\xb2\xe0\xb8\x88\xe0\xb8\xad"},
    {"ok | %.1f ms GPU",
     "\xe0\xb8\x9b\xe0\xb8\x81\xe0\xb8\x95\xe0\xb8\xb4 | %.1f ms GPU"},
    {"ok",
     "\xe0\xb8\x9b\xe0\xb8\x81\xe0\xb8\x95\xe0\xb8\xb4"},
    {"failed (0x%08X)",
     "\xe0\xb8\xa5\xe0\xb9\x89\xe0\xb8\xa1\xe0\xb9\x80\xe0\xb8\xab\xe0\xb8\xa5\xe0\xb8\xa7 (0x%08X)"},
    {"%llu enhanced | %llu bypassed",
     "\xe0\xb9\x80\xe0\xb8\x9e\xe0\xb8\xb4\xe0\xb9\x88\xe0\xb8\xa1\xe0\xb8\x84\xe0\xb8\xb8\xe0\xb8\x93\xe0\xb8\xa0\xe0\xb8\xb2\xe0\xb8\x9e %llu | \xe0\xb8\x82\xe0\xb9\x89\xe0\xb8\xb2\xe0\xb8\xa1 %llu"},
    {"NGX core",
     "\xe0\xb9\x81\xe0\xb8\x81\xe0\xb8\x99 NGX"},
    {"signed runtime",
     "\xe0\xb8\xa3\xe0\xb8\xb1\xe0\xb8\x99\xe0\xb9\x84\xe0\xb8\x97\xe0\xb8\xa1\xe0\xb9\x8c\xe0\xb8\x97\xe0\xb8\xb5\xe0\xb9\x88\xe0\xb8\xa5\xe0\xb8\x87\xe0\xb8\x99\xe0\xb8\xb2\xe0\xb8\xa1"},
    {"Direct3D 11 bridge, before upscaling",
     "\xe0\xb8\x9a\xe0\xb8\xa3\xe0\xb8\xb4\xe0\xb8\x94\xe0\xb8\x88\xe0\xb9\x8c Direct3D 11, \xe0\xb8\x81\xe0\xb9\x88\xe0\xb8\xad\xe0\xb8\x99\xe0\xb8\xad\xe0\xb8\xb1\xe0\xb8\x9b\xe0\xb8\xaa\xe0\xb9\x80\xe0\xb8\x81\xe0\xb8\xa5"},
    {"Direct3D 11 bridge, after upscaling",
     "\xe0\xb8\x9a\xe0\xb8\xa3\xe0\xb8\xb4\xe0\xb8\x94\xe0\xb8\x88\xe0\xb9\x8c Direct3D 11, \xe0\xb8\xab\xe0\xb8\xa5\xe0\xb8\xb1\xe0\xb8\x87\xe0\xb8\xad\xe0\xb8\xb1\xe0\xb8\x9b\xe0\xb8\xaa\xe0\xb9\x80\xe0\xb8\x81\xe0\xb8\xa5"},
    {"Direct3D 12, before upscaling",
     "Direct3D 12, \xe0\xb8\x81\xe0\xb9\x88\xe0\xb8\xad\xe0\xb8\x99\xe0\xb8\xad\xe0\xb8\xb1\xe0\xb8\x9b\xe0\xb8\xaa\xe0\xb9\x80\xe0\xb8\x81\xe0\xb8\xa5"},
    {"Direct3D 12, after upscaling",
     "Direct3D 12, \xe0\xb8\xab\xe0\xb8\xa5\xe0\xb8\xb1\xe0\xb8\x87\xe0\xb8\xad\xe0\xb8\xb1\xe0\xb8\x9b\xe0\xb8\xaa\xe0\xb9\x80\xe0\xb8\x81\xe0\xb8\xa5"},
    {"Direct3D 12, from a DX11 bridge tool",
     "Direct3D 12, \xe0\xb8\x88\xe0\xb8\xb2\xe0\xb8\x81\xe0\xb9\x80\xe0\xb8\x84\xe0\xb8\xa3\xe0\xb8\xb7\xe0\xb9\x88\xe0\xb8\xad\xe0\xb8\x87\xe0\xb8\xa1\xe0\xb8\xb7\xe0\xb8\xad\xe0\xb8\x9a\xe0\xb8\xa3\xe0\xb8\xb4\xe0\xb8\x94\xe0\xb8\x88\xe0\xb9\x8c DX11"},
    {"not running",
     "\xe0\xb9\x84\xe0\xb8\xa1\xe0\xb9\x88\xe0\xb9\x84\xe0\xb8\x94\xe0\xb9\x89\xe0\xb8\x97\xe0\xb8\xb3\xe0\xb8\x87\xe0\xb8\xb2\xe0\xb8\x99"},
    {"Streamline hooks are on (EnableHooks=1). If the game crashes at boot, set EnableHooks=2: NGX-only still covers Streamline's DLSS calls.",
     "\xe0\xb8\xae\xe0\xb8\xb8\xe0\xb8\x81 Streamline \xe0\xb9\x80\xe0\xb8\x9b\xe0\xb8\xb4\xe0\xb8\x94\xe0\xb8\xad\xe0\xb8\xa2\xe0\xb8\xb9\xe0\xb9\x88 (EnableHooks=1) \xe0\xb8\xab\xe0\xb8\xb2\xe0\xb8\x81\xe0\xb9\x80\xe0\xb8\x81\xe0\xb8\xa1\xe0\xb9\x81\xe0\xb8\x84\xe0\xb8\xa3\xe0\xb8\x8a\xe0\xb8\x95\xe0\xb8\xad\xe0\xb8\x99\xe0\xb9\x80\xe0\xb8\xa3\xe0\xb8\xb4\xe0\xb9\x88\xe0\xb8\xa1 \xe0\xb9\x83\xe0\xb8\xab\xe0\xb9\x89\xe0\xb8\x95\xe0\xb8\xb1\xe0\xb9\x89\xe0\xb8\x87 EnableHooks=2: \xe0\xb9\x82\xe0\xb8\xab\xe0\xb8\xa1\xe0\xb8\x94 NGX \xe0\xb8\xad\xe0\xb8\xa2\xe0\xb9\x88\xe0\xb8\xb2\xe0\xb8\x87\xe0\xb9\x80\xe0\xb8\x94\xe0\xb8\xb5\xe0\xb8\xa2\xe0\xb8\xa7\xe0\xb8\xa2\xe0\xb8\xb1\xe0\xb8\x87\xe0\xb8\x84\xe0\xb8\xa3\xe0\xb8\xad\xe0\xb8\x9a\xe0\xb8\x84\xe0\xb8\xa5\xe0\xb8\xb8\xe0\xb8\xa1\xe0\xb8\x81\xe0\xb8\xb2\xe0\xb8\xa3\xe0\xb9\x80\xe0\xb8\xa3\xe0\xb8\xb5\xe0\xb8\xa2\xe0\xb8\x81 DLSS \xe0\xb8\x82\xe0\xb8\xad\xe0\xb8\x87 Streamline"},
    {"Flicker or boiling",
     "\xe0\xb8\xa0\xe0\xb8\xb2\xe0\xb8\x9e\xe0\xb8\x81\xe0\xb8\xb0\xe0\xb8\x9e\xe0\xb8\xa3\xe0\xb8\xb4\xe0\xb8\x9a\xe0\xb8\xab\xe0\xb8\xa3\xe0\xb8\xb7\xe0\xb8\xad\xe0\xb8\xa2\xe0\xb8\xb8\xe0\xb8\x9a\xe0\xb8\xa2\xe0\xb8\xb4\xe0\xb8\x9a"},
    {"Wrong colours",
     "\xe0\xb8\xaa\xe0\xb8\xb5\xe0\xb8\x9c\xe0\xb8\xb4\xe0\xb8\x94\xe0\xb9\x80\xe0\xb8\x9e\xe0\xb8\xb5\xe0\xb9\x89\xe0\xb8\xa2\xe0\xb8\x99"},
    {"Crash or freeze",
     "\xe0\xb9\x81\xe0\xb8\x84\xe0\xb8\xa3\xe0\xb8\x8a\xe0\xb8\xab\xe0\xb8\xa3\xe0\xb8\xb7\xe0\xb8\xad\xe0\xb8\x84\xe0\xb9\x89\xe0\xb8\xb2\xe0\xb8\x87"},
    {"Low fps",
     "fps \xe0\xb8\x95\xe0\xb9\x88\xe0\xb8\xb3"},
    {"NR not working",
     "NR \xe0\xb9\x84\xe0\xb8\xa1\xe0\xb9\x88\xe0\xb8\x97\xe0\xb8\xb3\xe0\xb8\x87\xe0\xb8\xb2\xe0\xb8\x99"},
    {"Something else",
     "\xe0\xb8\xad\xe0\xb8\xb7\xe0\xb9\x88\xe0\xb8\x99\xe0\xb9\x86"},
    {"Support report",
     "\xe0\xb8\xa3\xe0\xb8\xb2\xe0\xb8\xa2\xe0\xb8\x87\xe0\xb8\xb2\xe0\xb8\x99\xe0\xb8\x8b\xe0\xb8\xb1\xe0\xb8\x9e\xe0\xb8\x9e\xe0\xb8\xad\xe0\xb8\xa3\xe0\xb9\x8c\xe0\xb8\x95"},
    {"ReShade log",
     "\xe0\xb8\xa5\xe0\xb9\x87\xe0\xb8\xad\xe0\xb8\x81 ReShade"},
    {"ReShade settings (ReShade.ini)",
     "\xe0\xb8\x81\xe0\xb8\xb2\xe0\xb8\xa3\xe0\xb8\x95\xe0\xb8\xb1\xe0\xb9\x89\xe0\xb8\x87\xe0\xb8\x84\xe0\xb9\x88\xe0\xb8\xb2 ReShade (ReShade.ini)"},
    {"Crash log",
     "\xe0\xb8\x9a\xe0\xb8\xb1\xe0\xb8\x99\xe0\xb8\x97\xe0\xb8\xb6\xe0\xb8\x81\xe0\xb8\x81\xe0\xb8\xb2\xe0\xb8\xa3\xe0\xb8\x82\xe0\xb8\xb1\xe0\xb8\x94\xe0\xb8\x82\xe0\xb9\x89\xe0\xb8\xad\xe0\xb8\x87"},
    {"Normalization trace",
     "\xe0\xb8\x82\xe0\xb9\x89\xe0\xb8\xad\xe0\xb8\xa1\xe0\xb8\xb9\xe0\xb8\xa5\xe0\xb8\x95\xe0\xb8\xb4\xe0\xb8\x94\xe0\xb8\x95\xe0\xb8\xb2\xe0\xb8\xa1\xe0\xb8\x81\xe0\xb8\xb2\xe0\xb8\xa3\xe0\xb8\x9b\xe0\xb8\xa3\xe0\xb8\xb1\xe0\xb8\x9a\xe0\xb8\xa1\xe0\xb8\xb2\xe0\xb8\x95\xe0\xb8\xa3\xe0\xb8\x90\xe0\xb8\xb2\xe0\xb8\x99"},
    {"Edit trace",
     "\xe0\xb8\x82\xe0\xb9\x89\xe0\xb8\xad\xe0\xb8\xa1\xe0\xb8\xb9\xe0\xb8\xa5\xe0\xb8\x95\xe0\xb8\xb4\xe0\xb8\x94\xe0\xb8\x95\xe0\xb8\xb2\xe0\xb8\xa1\xe0\xb8\x81\xe0\xb8\xb2\xe0\xb8\xa3\xe0\xb9\x81\xe0\xb8\x81\xe0\xb9\x89\xe0\xb9\x84\xe0\xb8\x82"},
    {"Debug trace",
     "\xe0\xb8\x82\xe0\xb9\x89\xe0\xb8\xad\xe0\xb8\xa1\xe0\xb8\xb9\xe0\xb8\xa5\xe0\xb8\x95\xe0\xb8\xb4\xe0\xb8\x94\xe0\xb8\x95\xe0\xb8\xb2\xe0\xb8\xa1\xe0\xb8\x81\xe0\xb8\xb2\xe0\xb8\xa3\xe0\xb8\x94\xe0\xb8\xb5\xe0\xb8\x9a\xe0\xb8\xb1\xe0\xb8\x81"},
    {"Model output diagnostic",
     "\xe0\xb8\x81\xe0\xb8\xb2\xe0\xb8\xa3\xe0\xb8\xa7\xe0\xb8\xb4\xe0\xb8\x99\xe0\xb8\xb4\xe0\xb8\x88\xe0\xb8\x89\xe0\xb8\xb1\xe0\xb8\xa2\xe0\xb9\x80\xe0\xb8\xad\xe0\xb8\xb2\xe0\xb8\x95\xe0\xb9\x8c\xe0\xb8\x9e\xe0\xb8\xb8\xe0\xb8\x95\xe0\xb8\x82\xe0\xb8\xad\xe0\xb8\x87\xe0\xb9\x82\xe0\xb8\xa1\xe0\xb9\x80\xe0\xb8\x94\xe0\xb8\xa5"},
    {"Screenshot, NR on",
     "\xe0\xb8\xa0\xe0\xb8\xb2\xe0\xb8\x9e\xe0\xb8\xab\xe0\xb8\x99\xe0\xb9\x89\xe0\xb8\xb2\xe0\xb8\x88\xe0\xb8\xad, NR \xe0\xb9\x80\xe0\xb8\x9b\xe0\xb8\xb4\xe0\xb8\x94"},
    {"Model input diagnostic",
     "\xe0\xb8\x81\xe0\xb8\xb2\xe0\xb8\xa3\xe0\xb8\xa7\xe0\xb8\xb4\xe0\xb8\x99\xe0\xb8\xb4\xe0\xb8\x88\xe0\xb8\x89\xe0\xb8\xb1\xe0\xb8\xa2\xe0\xb8\xad\xe0\xb8\xb4\xe0\xb8\x99\xe0\xb8\x9e\xe0\xb8\xb8\xe0\xb8\x95\xe0\xb8\x82\xe0\xb8\xad\xe0\xb8\x87\xe0\xb9\x82\xe0\xb8\xa1\xe0\xb9\x80\xe0\xb8\x94\xe0\xb8\xa5"},
    {"Screenshot, NR off",
     "\xe0\xb8\xa0\xe0\xb8\xb2\xe0\xb8\x9e\xe0\xb8\xab\xe0\xb8\x99\xe0\xb9\x89\xe0\xb8\xb2\xe0\xb8\x88\xe0\xb8\xad, NR \xe0\xb8\x9b\xe0\xb8\xb4\xe0\xb8\x94"},
    {"Capture details",
     "\xe0\xb8\xa3\xe0\xb8\xb2\xe0\xb8\xa2\xe0\xb8\xa5\xe0\xb8\xb0\xe0\xb9\x80\xe0\xb8\xad\xe0\xb8\xb5\xe0\xb8\xa2\xe0\xb8\x94\xe0\xb8\xa0\xe0\xb8\xb2\xe0\xb8\x9e\xe0\xb8\x97\xe0\xb8\xb5\xe0\xb9\x88\xe0\xb8\x96\xe0\xb9\x88\xe0\xb8\xb2\xe0\xb8\xa2"},
    {"Summary: version, status, settings, GPU and driver",
     "\xe0\xb8\xaa\xe0\xb8\xa3\xe0\xb8\xb8\xe0\xb8\x9b: \xe0\xb9\x80\xe0\xb8\xa7\xe0\xb8\xad\xe0\xb8\xa3\xe0\xb9\x8c\xe0\xb8\x8a\xe0\xb8\xb1\xe0\xb8\x99 \xe0\xb8\xaa\xe0\xb8\x96\xe0\xb8\xb2\xe0\xb8\x99\xe0\xb8\xb0 \xe0\xb8\x81\xe0\xb8\xb2\xe0\xb8\xa3\xe0\xb8\x95\xe0\xb8\xb1\xe0\xb9\x89\xe0\xb8\x87\xe0\xb8\x84\xe0\xb9\x88\xe0\xb8\xb2 GPU \xe0\xb9\x81\xe0\xb8\xa5\xe0\xb8\xb0\xe0\xb9\x84\xe0\xb8\x94\xe0\xb8\xa3\xe0\xb9\x80\xe0\xb8\xa7\xe0\xb8\xad\xe0\xb8\xa3\xe0\xb9\x8c"},
    {"Capture taken.",
     "\xe0\xb8\x96\xe0\xb9\x88\xe0\xb8\xb2\xe0\xb8\xa2\xe0\xb8\xa0\xe0\xb8\xb2\xe0\xb8\x9e\xe0\xb9\x81\xe0\xb8\xa5\xe0\xb9\x89\xe0\xb8\xa7"},
    {"No capture: this API or presentation path does not support an exact final-frame comparison yet.",
     "\xe0\xb9\x84\xe0\xb8\xa1\xe0\xb9\x88\xe0\xb8\xa1\xe0\xb8\xb5\xe0\xb8\xa0\xe0\xb8\xb2\xe0\xb8\x9e\xe0\xb8\x97\xe0\xb8\xb5\xe0\xb9\x88\xe0\xb8\x96\xe0\xb9\x88\xe0\xb8\xb2\xe0\xb8\xa2: API \xe0\xb8\xab\xe0\xb8\xa3\xe0\xb8\xb7\xe0\xb8\xad\xe0\xb9\x80\xe0\xb8\xaa\xe0\xb9\x89\xe0\xb8\x99\xe0\xb8\x97\xe0\xb8\xb2\xe0\xb8\x87\xe0\xb8\x81\xe0\xb8\xb2\xe0\xb8\xa3\xe0\xb9\x81\xe0\xb8\xaa\xe0\xb8\x94\xe0\xb8\x87\xe0\xb8\x9c\xe0\xb8\xa5\xe0\xb8\x99\xe0\xb8\xb5\xe0\xb9\x89\xe0\xb8\xa2\xe0\xb8\xb1\xe0\xb8\x87\xe0\xb9\x84\xe0\xb8\xa1\xe0\xb9\x88\xe0\xb8\xa3\xe0\xb8\xad\xe0\xb8\x87\xe0\xb8\xa3\xe0\xb8\xb1\xe0\xb8\x9a\xe0\xb8\x81\xe0\xb8\xb2\xe0\xb8\xa3\xe0\xb9\x80\xe0\xb8\x9b\xe0\xb8\xa3\xe0\xb8\xb5\xe0\xb8\xa2\xe0\xb8\x9a\xe0\xb9\x80\xe0\xb8\x97\xe0\xb8\xb5\xe0\xb8\xa2\xe0\xb8\x9a\xe0\xb9\x80\xe0\xb8\x9f\xe0\xb8\xa3\xe0\xb8\xa1\xe0\xb8\xaa\xe0\xb8\xb8\xe0\xb8\x94\xe0\xb8\x97\xe0\xb9\x89\xe0\xb8\xb2\xe0\xb8\xa2\xe0\xb9\x81\xe0\xb8\x9a\xe0\xb8\x9a\xe0\xb8\x95\xe0\xb8\xa3\xe0\xb8\x87\xe0\xb8\x81\xe0\xb8\xb1\xe0\xb8\x99"},
    {"No capture: model-buffer readback is unavailable on this path; use the game's screenshot function for the displayed image.",
     "\xe0\xb9\x84\xe0\xb8\xa1\xe0\xb9\x88\xe0\xb8\xa1\xe0\xb8\xb5\xe0\xb8\xa0\xe0\xb8\xb2\xe0\xb8\x9e\xe0\xb8\x97\xe0\xb8\xb5\xe0\xb9\x88\xe0\xb8\x96\xe0\xb9\x88\xe0\xb8\xb2\xe0\xb8\xa2: \xe0\xb8\xad\xe0\xb9\x88\xe0\xb8\xb2\xe0\xb8\x99\xe0\xb8\x9a\xe0\xb8\xb1\xe0\xb8\x9f\xe0\xb9\x80\xe0\xb8\x9f\xe0\xb8\xad\xe0\xb8\xa3\xe0\xb9\x8c\xe0\xb9\x82\xe0\xb8\xa1\xe0\xb9\x80\xe0\xb8\x94\xe0\xb8\xa5\xe0\xb8\x81\xe0\xb8\xa5\xe0\xb8\xb1\xe0\xb8\x9a\xe0\xb9\x84\xe0\xb8\xa1\xe0\xb9\x88\xe0\xb9\x84\xe0\xb8\x94\xe0\xb9\x89\xe0\xb8\x9a\xe0\xb8\x99\xe0\xb9\x80\xe0\xb8\xaa\xe0\xb9\x89\xe0\xb8\x99\xe0\xb8\x97\xe0\xb8\xb2\xe0\xb8\x87\xe0\xb8\x99\xe0\xb8\xb5\xe0\xb9\x89 \xe0\xb9\x83\xe0\xb8\x8a\xe0\xb9\x89\xe0\xb8\x9f\xe0\xb8\xb1\xe0\xb8\x87\xe0\xb8\x81\xe0\xb9\x8c\xe0\xb8\x8a\xe0\xb8\xb1\xe0\xb8\x99\xe0\xb8\xa0\xe0\xb8\xb2\xe0\xb8\x9e\xe0\xb8\xab\xe0\xb8\x99\xe0\xb9\x89\xe0\xb8\xb2\xe0\xb8\x88\xe0\xb8\xad\xe0\xb8\x82\xe0\xb8\xad\xe0\xb8\x87\xe0\xb9\x80\xe0\xb8\x81\xe0\xb8\xa1\xe0\xb8\xaa\xe0\xb8\xb3\xe0\xb8\xab\xe0\xb8\xa3\xe0\xb8\xb1\xe0\xb8\x9a\xe0\xb8\xa0\xe0\xb8\xb2\xe0\xb8\x9e\xe0\xb8\x97\xe0\xb8\xb5\xe0\xb9\x88\xe0\xb9\x81\xe0\xb8\xaa\xe0\xb8\x94\xe0\xb8\x87\xe0\xb8\x9a\xe0\xb8\x99\xe0\xb8\x88\xe0\xb8\xad"},
    {"No capture: exact comparison unavailable with this frame-generation route; disable frame generation for the capture.",
     "\xe0\xb9\x84\xe0\xb8\xa1\xe0\xb9\x88\xe0\xb8\xa1\xe0\xb8\xb5\xe0\xb8\xa0\xe0\xb8\xb2\xe0\xb8\x9e\xe0\xb8\x97\xe0\xb8\xb5\xe0\xb9\x88\xe0\xb8\x96\xe0\xb9\x88\xe0\xb8\xb2\xe0\xb8\xa2: \xe0\xb9\x80\xe0\xb8\x9b\xe0\xb8\xa3\xe0\xb8\xb5\xe0\xb8\xa2\xe0\xb8\x9a\xe0\xb9\x80\xe0\xb8\x97\xe0\xb8\xb5\xe0\xb8\xa2\xe0\xb8\x9a\xe0\xb9\x81\xe0\xb8\x9a\xe0\xb8\x9a\xe0\xb8\x95\xe0\xb8\xa3\xe0\xb8\x87\xe0\xb8\x81\xe0\xb8\xb1\xe0\xb8\x99\xe0\xb9\x84\xe0\xb8\xa1\xe0\xb9\x88\xe0\xb9\x84\xe0\xb8\x94\xe0\xb9\x89\xe0\xb8\x81\xe0\xb8\xb1\xe0\xb8\x9a\xe0\xb9\x80\xe0\xb8\xaa\xe0\xb9\x89\xe0\xb8\x99\xe0\xb8\x97\xe0\xb8\xb2\xe0\xb8\x87\xe0\xb8\x81\xe0\xb8\xb2\xe0\xb8\xa3\xe0\xb8\xaa\xe0\xb8\xa3\xe0\xb9\x89\xe0\xb8\xb2\xe0\xb8\x87\xe0\xb9\x80\xe0\xb8\x9f\xe0\xb8\xa3\xe0\xb8\xa1\xe0\xb8\x99\xe0\xb8\xb5\xe0\xb9\x89 \xe0\xb8\x9b\xe0\xb8\xb4\xe0\xb8\x94\xe0\xb8\x81\xe0\xb8\xb2\xe0\xb8\xa3\xe0\xb8\xaa\xe0\xb8\xa3\xe0\xb9\x89\xe0\xb8\xb2\xe0\xb8\x87\xe0\xb9\x80\xe0\xb8\x9f\xe0\xb8\xa3\xe0\xb8\xa1\xe0\xb8\x81\xe0\xb9\x88\xe0\xb8\xad\xe0\xb8\x99\xe0\xb8\x96\xe0\xb9\x88\xe0\xb8\xb2\xe0\xb8\xa2"},
    {"No capture: enable NR before taking a comparison.",
     "\xe0\xb9\x84\xe0\xb8\xa1\xe0\xb9\x88\xe0\xb8\xa1\xe0\xb8\xb5\xe0\xb8\xa0\xe0\xb8\xb2\xe0\xb8\x9e\xe0\xb8\x97\xe0\xb8\xb5\xe0\xb9\x88\xe0\xb8\x96\xe0\xb9\x88\xe0\xb8\xb2\xe0\xb8\xa2: \xe0\xb9\x80\xe0\xb8\x9b\xe0\xb8\xb4\xe0\xb8\x94 NR \xe0\xb8\x81\xe0\xb9\x88\xe0\xb8\xad\xe0\xb8\x99\xe0\xb8\x96\xe0\xb9\x88\xe0\xb8\xb2\xe0\xb8\xa2\xe0\xb8\xa0\xe0\xb8\xb2\xe0\xb8\x9e\xe0\xb9\x80\xe0\xb8\x9b\xe0\xb8\xa3\xe0\xb8\xb5\xe0\xb8\xa2\xe0\xb8\x9a\xe0\xb9\x80\xe0\xb8\x97\xe0\xb8\xb5\xe0\xb8\xa2\xe0\xb8\x9a"},
    {"No capture: another NR implementation owns this frame.",
     "\xe0\xb9\x84\xe0\xb8\xa1\xe0\xb9\x88\xe0\xb8\xa1\xe0\xb8\xb5\xe0\xb8\xa0\xe0\xb8\xb2\xe0\xb8\x9e\xe0\xb8\x97\xe0\xb8\xb5\xe0\xb9\x88\xe0\xb8\x96\xe0\xb9\x88\xe0\xb8\xb2\xe0\xb8\xa2: \xe0\xb9\x80\xe0\xb8\x9f\xe0\xb8\xa3\xe0\xb8\xa1\xe0\xb8\x99\xe0\xb8\xb5\xe0\xb9\x89\xe0\xb9\x80\xe0\xb8\x9b\xe0\xb9\x87\xe0\xb8\x99\xe0\xb8\x82\xe0\xb8\xad\xe0\xb8\x87 NR \xe0\xb8\x95\xe0\xb8\xb1\xe0\xb8\xa7\xe0\xb8\xad\xe0\xb8\xb7\xe0\xb9\x88\xe0\xb8\x99"},
    {"No capture: the command list carrying its copies did not execute.",
     "\xe0\xb9\x84\xe0\xb8\xa1\xe0\xb9\x88\xe0\xb8\xa1\xe0\xb8\xb5\xe0\xb8\xa0\xe0\xb8\xb2\xe0\xb8\x9e\xe0\xb8\x97\xe0\xb8\xb5\xe0\xb9\x88\xe0\xb8\x96\xe0\xb9\x88\xe0\xb8\xb2\xe0\xb8\xa2: \xe0\xb8\xa3\xe0\xb8\xb2\xe0\xb8\xa2\xe0\xb8\x81\xe0\xb8\xb2\xe0\xb8\xa3\xe0\xb8\x84\xe0\xb8\xb3\xe0\xb8\xaa\xe0\xb8\xb1\xe0\xb9\x88\xe0\xb8\x87\xe0\xb8\x97\xe0\xb8\xb5\xe0\xb9\x88\xe0\xb8\xa1\xe0\xb8\xb5\xe0\xb8\x81\xe0\xb8\xb2\xe0\xb8\xa3\xe0\xb8\x84\xe0\xb8\xb1\xe0\xb8\x94\xe0\xb8\xa5\xe0\xb8\xad\xe0\xb8\x81\xe0\xb9\x84\xe0\xb8\xa1\xe0\xb9\x88\xe0\xb9\x84\xe0\xb8\x94\xe0\xb9\x89\xe0\xb8\x96\xe0\xb8\xb9\xe0\xb8\x81\xe0\xb8\xa3\xe0\xb8\xb1\xe0\xb8\x99"},
    {"No capture: NR did not run a frame (NR off, a menu or a loading screen).",
     "\xe0\xb9\x84\xe0\xb8\xa1\xe0\xb9\x88\xe0\xb8\xa1\xe0\xb8\xb5\xe0\xb8\xa0\xe0\xb8\xb2\xe0\xb8\x9e\xe0\xb8\x97\xe0\xb8\xb5\xe0\xb9\x88\xe0\xb8\x96\xe0\xb9\x88\xe0\xb8\xb2\xe0\xb8\xa2: NR \xe0\xb9\x84\xe0\xb8\xa1\xe0\xb9\x88\xe0\xb9\x84\xe0\xb8\x94\xe0\xb9\x89\xe0\xb8\x9b\xe0\xb8\xa3\xe0\xb8\xb0\xe0\xb8\xa1\xe0\xb8\xa7\xe0\xb8\xa5\xe0\xb8\x9c\xe0\xb8\xa5\xe0\xb9\x80\xe0\xb8\x9f\xe0\xb8\xa3\xe0\xb8\xa1\xe0\xb9\x83\xe0\xb8\x94\xe0\xb9\x80\xe0\xb8\xa5\xe0\xb8\xa2 (NR \xe0\xb8\x9b\xe0\xb8\xb4\xe0\xb8\x94 \xe0\xb9\x80\xe0\xb8\xa1\xe0\xb8\x99\xe0\xb8\xb9 \xe0\xb8\xab\xe0\xb8\xa3\xe0\xb8\xb7\xe0\xb8\xad\xe0\xb8\xab\xe0\xb8\x99\xe0\xb9\x89\xe0\xb8\xb2\xe0\xb8\x88\xe0\xb8\xad\xe0\xb9\x82\xe0\xb8\xab\xe0\xb8\xa5\xe0\xb8\x94)"},
    {"No capture: it did not finish in time.",
     "\xe0\xb9\x84\xe0\xb8\xa1\xe0\xb9\x88\xe0\xb8\xa1\xe0\xb8\xb5\xe0\xb8\xa0\xe0\xb8\xb2\xe0\xb8\x9e\xe0\xb8\x97\xe0\xb8\xb5\xe0\xb9\x88\xe0\xb8\x96\xe0\xb9\x88\xe0\xb8\xb2\xe0\xb8\xa2: \xe0\xb8\x97\xe0\xb8\xb3\xe0\xb9\x84\xe0\xb8\xa1\xe0\xb9\x88\xe0\xb9\x80\xe0\xb8\xaa\xe0\xb8\xa3\xe0\xb9\x87\xe0\xb8\x88\xe0\xb8\x97\xe0\xb8\xb1\xe0\xb8\x99\xe0\xb9\x80\xe0\xb8\xa7\xe0\xb8\xa5\xe0\xb8\xb2"},
    {"No capture: the GPU did not confirm the copies in time.",
     "\xe0\xb9\x84\xe0\xb8\xa1\xe0\xb9\x88\xe0\xb8\xa1\xe0\xb8\xb5\xe0\xb8\xa0\xe0\xb8\xb2\xe0\xb8\x9e\xe0\xb8\x97\xe0\xb8\xb5\xe0\xb9\x88\xe0\xb8\x96\xe0\xb9\x88\xe0\xb8\xb2\xe0\xb8\xa2: GPU \xe0\xb9\x84\xe0\xb8\xa1\xe0\xb9\x88\xe0\xb8\xa2\xe0\xb8\xb7\xe0\xb8\x99\xe0\xb8\xa2\xe0\xb8\xb1\xe0\xb8\x99\xe0\xb8\x81\xe0\xb8\xb2\xe0\xb8\xa3\xe0\xb8\x84\xe0\xb8\xb1\xe0\xb8\x94\xe0\xb8\xa5\xe0\xb8\xad\xe0\xb8\x81\xe0\xb8\x97\xe0\xb8\xb1\xe0\xb8\x99\xe0\xb9\x80\xe0\xb8\xa7\xe0\xb8\xa5\xe0\xb8\xb2"},
    {"No capture: the frame's NR pass did not complete.",
     "\xe0\xb9\x84\xe0\xb8\xa1\xe0\xb9\x88\xe0\xb8\xa1\xe0\xb8\xb5\xe0\xb8\xa0\xe0\xb8\xb2\xe0\xb8\x9e\xe0\xb8\x97\xe0\xb8\xb5\xe0\xb9\x88\xe0\xb8\x96\xe0\xb9\x88\xe0\xb8\xb2\xe0\xb8\xa2: \xe0\xb8\x9e\xe0\xb8\xb2\xe0\xb8\xaa NR \xe0\xb8\x82\xe0\xb8\xad\xe0\xb8\x87\xe0\xb9\x80\xe0\xb8\x9f\xe0\xb8\xa3\xe0\xb8\xa1\xe0\xb8\x97\xe0\xb8\xb3\xe0\xb9\x84\xe0\xb8\xa1\xe0\xb9\x88\xe0\xb9\x80\xe0\xb8\xaa\xe0\xb8\xa3\xe0\xb9\x87\xe0\xb8\x88"},
    {"No capture: skipped.",
     "\xe0\xb9\x84\xe0\xb8\xa1\xe0\xb9\x88\xe0\xb8\xa1\xe0\xb8\xb5\xe0\xb8\xa0\xe0\xb8\xb2\xe0\xb8\x9e\xe0\xb8\x97\xe0\xb8\xb5\xe0\xb9\x88\xe0\xb8\x96\xe0\xb9\x88\xe0\xb8\xb2\xe0\xb8\xa2: \xe0\xb8\x82\xe0\xb9\x89\xe0\xb8\xb2\xe0\xb8\xa1\xe0\xb9\x84\xe0\xb8\x9b"},
    {"No capture: another capture stayed busy.",
     "\xe0\xb9\x84\xe0\xb8\xa1\xe0\xb9\x88\xe0\xb8\xa1\xe0\xb8\xb5\xe0\xb8\xa0\xe0\xb8\xb2\xe0\xb8\x9e\xe0\xb8\x88\xe0\xb8\xb1\xe0\xb8\x9a: \xe0\xb8\x81\xe0\xb8\xb2\xe0\xb8\xa3\xe0\xb8\x88\xe0\xb8\xb1\xe0\xb8\x9a\xe0\xb8\xa0\xe0\xb8\xb2\xe0\xb8\x9e\xe0\xb8\xad\xe0\xb8\xb7\xe0\xb9\x88\xe0\xb8\x99\xe0\xb8\xa2\xe0\xb8\xb1\xe0\xb8\x87\xe0\xb8\x97\xe0\xb8\xb3\xe0\xb8\x87\xe0\xb8\xb2\xe0\xb8\x99\xe0\xb8\xad\xe0\xb8\xa2\xe0\xb8\xb9\xe0\xb9\x88"},
    {"No capture: the files could not be written.",
     "\xe0\xb9\x84\xe0\xb8\xa1\xe0\xb9\x88\xe0\xb8\xa1\xe0\xb8\xb5\xe0\xb8\xa0\xe0\xb8\xb2\xe0\xb8\x9e\xe0\xb8\x97\xe0\xb8\xb5\xe0\xb9\x88\xe0\xb8\x96\xe0\xb9\x88\xe0\xb8\xb2\xe0\xb8\xa2: \xe0\xb9\x80\xe0\xb8\x82\xe0\xb8\xb5\xe0\xb8\xa2\xe0\xb8\x99\xe0\xb9\x84\xe0\xb8\x9f\xe0\xb8\xa5\xe0\xb9\x8c\xe0\xb9\x84\xe0\xb8\xa1\xe0\xb9\x88\xe0\xb9\x84\xe0\xb8\x94\xe0\xb9\x89"},
    {"I'm having issues...",
     "\xe0\xb8\x89\xe0\xb8\xb1\xe0\xb8\x99\xe0\xb8\x9e\xe0\xb8\x9a\xe0\xb8\x9b\xe0\xb8\xb1\xe0\xb8\x8d\xe0\xb8\xab\xe0\xb8\xb2..."},
    {"Takes a capture (%s) and collects the logs into one zip. You review every file; it is uploaded only when you press Upload, and you get a link to send to the mod author.",
     "\xe0\xb8\x96\xe0\xb9\x88\xe0\xb8\xb2\xe0\xb8\xa2\xe0\xb8\xa0\xe0\xb8\xb2\xe0\xb8\x9e (%s) \xe0\xb9\x81\xe0\xb8\xa5\xe0\xb8\xb0\xe0\xb8\xa3\xe0\xb8\xa7\xe0\xb8\x9a\xe0\xb8\xa3\xe0\xb8\xa7\xe0\xb8\xa1\xe0\xb8\xa5\xe0\xb9\x87\xe0\xb8\xad\xe0\xb8\x81\xe0\xb9\x84\xe0\xb8\xa7\xe0\xb9\x89\xe0\xb9\x83\xe0\xb8\x99 zip \xe0\xb9\x84\xe0\xb8\x9f\xe0\xb8\xa5\xe0\xb9\x8c\xe0\xb9\x80\xe0\xb8\x94\xe0\xb8\xb5\xe0\xb8\xa2\xe0\xb8\xa7 \xe0\xb8\x84\xe0\xb8\xb8\xe0\xb8\x93\xe0\xb8\x95\xe0\xb8\xa3\xe0\xb8\xa7\xe0\xb8\x88\xe0\xb8\x94\xe0\xb8\xb9\xe0\xb9\x84\xe0\xb8\x94\xe0\xb9\x89\xe0\xb8\x97\xe0\xb8\xb8\xe0\xb8\x81\xe0\xb9\x84\xe0\xb8\x9f\xe0\xb8\xa5\xe0\xb9\x8c \xe0\xb9\x84\xe0\xb8\x9f\xe0\xb8\xa5\xe0\xb9\x8c\xe0\xb8\x88\xe0\xb8\xb0\xe0\xb8\xad\xe0\xb8\xb1\xe0\xb8\x9b\xe0\xb9\x82\xe0\xb8\xab\xe0\xb8\xa5\xe0\xb8\x94\xe0\xb9\x80\xe0\xb8\xa1\xe0\xb8\xb7\xe0\xb9\x88\xe0\xb8\xad\xe0\xb8\x84\xe0\xb8\xb8\xe0\xb8\x93\xe0\xb8\x81\xe0\xb8\x94 \xe0\xb8\xad\xe0\xb8\xb1\xe0\xb8\x9b\xe0\xb9\x82\xe0\xb8\xab\xe0\xb8\xa5\xe0\xb8\x94 \xe0\xb9\x80\xe0\xb8\x97\xe0\xb9\x88\xe0\xb8\xb2\xe0\xb8\x99\xe0\xb8\xb1\xe0\xb9\x89\xe0\xb8\x99 \xe0\xb9\x81\xe0\xb8\xa5\xe0\xb9\x89\xe0\xb8\xa7\xe0\xb8\x84\xe0\xb8\xb8\xe0\xb8\x93\xe0\xb8\x88\xe0\xb8\xb0\xe0\xb9\x84\xe0\xb8\x94\xe0\xb9\x89\xe0\xb8\xa5\xe0\xb8\xb4\xe0\xb8\x87\xe0\xb8\x81\xe0\xb9\x8c\xe0\xb9\x84\xe0\xb8\xa7\xe0\xb9\x89\xe0\xb8\xaa\xe0\xb9\x88\xe0\xb8\x87\xe0\xb9\x83\xe0\xb8\xab\xe0\xb9\x89\xe0\xb8\x9c\xe0\xb8\xb9\xe0\xb9\x89\xe0\xb8\xaa\xe0\xb8\xa3\xe0\xb9\x89\xe0\xb8\xb2\xe0\xb8\x87\xe0\xb8\xa1\xe0\xb9\x87\xe0\xb8\xad\xe0\xb8\x94"},
    {"Report an issue",
     "\xe0\xb8\xa3\xe0\xb8\xb2\xe0\xb8\xa2\xe0\xb8\x87\xe0\xb8\xb2\xe0\xb8\x99\xe0\xb8\x9b\xe0\xb8\xb1\xe0\xb8\x8d\xe0\xb8\xab\xe0\xb8\xb2"},
    {"Step 1 of 3: what went wrong?",
     "\xe0\xb8\x82\xe0\xb8\xb1\xe0\xb9\x89\xe0\xb8\x99\xe0\xb8\x95\xe0\xb8\xad\xe0\xb8\x99\xe0\xb8\x97\xe0\xb8\xb5\xe0\xb9\x88 1 \xe0\xb8\x88\xe0\xb8\xb2\xe0\xb8\x81 3: \xe0\xb9\x80\xe0\xb8\x81\xe0\xb8\xb4\xe0\xb8\x94\xe0\xb8\x9b\xe0\xb8\xb1\xe0\xb8\x8d\xe0\xb8\xab\xe0\xb8\xb2\xe0\xb8\xad\xe0\xb8\xb0\xe0\xb9\x84\xe0\xb8\xa3?"},
    {"One line: what you saw, and where in the game (optional)",
     "\xe0\xb8\xab\xe0\xb8\x99\xe0\xb8\xb6\xe0\xb9\x88\xe0\xb8\x87\xe0\xb8\x9a\xe0\xb8\xa3\xe0\xb8\xa3\xe0\xb8\x97\xe0\xb8\xb1\xe0\xb8\x94: \xe0\xb8\x84\xe0\xb8\xb8\xe0\xb8\x93\xe0\xb9\x80\xe0\xb8\xab\xe0\xb9\x87\xe0\xb8\x99\xe0\xb8\xad\xe0\xb8\xb0\xe0\xb9\x84\xe0\xb8\xa3 \xe0\xb9\x81\xe0\xb8\xa5\xe0\xb8\xb0\xe0\xb8\x97\xe0\xb8\xb5\xe0\xb9\x88\xe0\xb9\x84\xe0\xb8\xab\xe0\xb8\x99\xe0\xb9\x83\xe0\xb8\x99\xe0\xb9\x80\xe0\xb8\x81\xe0\xb8\xa1 (\xe0\xb9\x84\xe0\xb8\xa1\xe0\xb9\x88\xe0\xb8\x9a\xe0\xb8\xb1\xe0\xb8\x87\xe0\xb8\x84\xe0\xb8\xb1\xe0\xb8\x9a)"},
    {"Next, the addon takes a capture (%s) while the game keeps running and collects its logs. Nothing leaves your PC until you press Upload.",
     "\xe0\xb8\x95\xe0\xb9\x88\xe0\xb8\xad\xe0\xb9\x84\xe0\xb8\x9b \xe0\xb9\x81\xe0\xb8\xad\xe0\xb8\x94\xe0\xb8\xad\xe0\xb8\xad\xe0\xb8\x99\xe0\xb8\x88\xe0\xb8\xb0\xe0\xb8\x96\xe0\xb9\x88\xe0\xb8\xb2\xe0\xb8\xa2\xe0\xb8\xa0\xe0\xb8\xb2\xe0\xb8\x9e (%s) \xe0\xb8\x82\xe0\xb8\x93\xe0\xb8\xb0\xe0\xb8\x97\xe0\xb8\xb5\xe0\xb9\x88\xe0\xb9\x80\xe0\xb8\x81\xe0\xb8\xa1\xe0\xb8\xa2\xe0\xb8\xb1\xe0\xb8\x87\xe0\xb8\x97\xe0\xb8\xb3\xe0\xb8\x87\xe0\xb8\xb2\xe0\xb8\x99\xe0\xb8\xad\xe0\xb8\xa2\xe0\xb8\xb9\xe0\xb9\x88 \xe0\xb9\x81\xe0\xb8\xa5\xe0\xb8\xb0\xe0\xb8\xa3\xe0\xb8\xa7\xe0\xb8\x9a\xe0\xb8\xa3\xe0\xb8\xa7\xe0\xb8\xa1\xe0\xb8\xa5\xe0\xb9\x87\xe0\xb8\xad\xe0\xb8\x81\xe0\xb8\x82\xe0\xb8\xad\xe0\xb8\x87\xe0\xb8\x95\xe0\xb8\xb1\xe0\xb8\xa7\xe0\xb9\x80\xe0\xb8\xad\xe0\xb8\x87 \xe0\xb9\x84\xe0\xb8\xa1\xe0\xb9\x88\xe0\xb8\xa1\xe0\xb8\xb5\xe0\xb8\xad\xe0\xb8\xb0\xe0\xb9\x84\xe0\xb8\xa3\xe0\xb8\xad\xe0\xb8\xad\xe0\xb8\x81\xe0\xb8\x88\xe0\xb8\xb2\xe0\xb8\x81 PC \xe0\xb8\x82\xe0\xb8\xad\xe0\xb8\x87\xe0\xb8\x84\xe0\xb8\xb8\xe0\xb8\x93\xe0\xb8\x88\xe0\xb8\x99\xe0\xb8\x81\xe0\xb8\xa7\xe0\xb9\x88\xe0\xb8\xb2\xe0\xb8\x84\xe0\xb8\xb8\xe0\xb8\x93\xe0\xb8\x88\xe0\xb8\xb0\xe0\xb8\x81\xe0\xb8\x94 \xe0\xb8\xad\xe0\xb8\xb1\xe0\xb8\x9b\xe0\xb9\x82\xe0\xb8\xab\xe0\xb8\xa5\xe0\xb8\x94"},
    {"Continue",
     "\xe0\xb8\x94\xe0\xb8\xb3\xe0\xb9\x80\xe0\xb8\x99\xe0\xb8\xb4\xe0\xb8\x99\xe0\xb8\x81\xe0\xb8\xb2\xe0\xb8\xa3\xe0\xb8\x95\xe0\xb9\x88\xe0\xb8\xad"},
    {"Step 2 of 3: capturing",
     "\xe0\xb8\x82\xe0\xb8\xb1\xe0\xb9\x89\xe0\xb8\x99\xe0\xb8\x95\xe0\xb8\xad\xe0\xb8\x99\xe0\xb8\x97\xe0\xb8\xb5\xe0\xb9\x88 2 \xe0\xb8\x88\xe0\xb8\xb2\xe0\xb8\x81 3: \xe0\xb8\x81\xe0\xb8\xb3\xe0\xb8\xa5\xe0\xb8\xb1\xe0\xb8\x87\xe0\xb8\x96\xe0\xb9\x88\xe0\xb8\xb2\xe0\xb8\xa2\xe0\xb8\xa0\xe0\xb8\xb2\xe0\xb8\x9e"},
    {"Taking a capture (%s). Keep playing: a menu or loading screen has no NR frame to capture.",
     "\xe0\xb8\x81\xe0\xb8\xb3\xe0\xb8\xa5\xe0\xb8\xb1\xe0\xb8\x87\xe0\xb8\x96\xe0\xb9\x88\xe0\xb8\xb2\xe0\xb8\xa2\xe0\xb8\xa0\xe0\xb8\xb2\xe0\xb8\x9e (%s) \xe0\xb9\x80\xe0\xb8\xa5\xe0\xb9\x88\xe0\xb8\x99\xe0\xb8\x95\xe0\xb9\x88\xe0\xb8\xad\xe0\xb9\x84\xe0\xb8\x9b: \xe0\xb9\x80\xe0\xb8\xa1\xe0\xb8\x99\xe0\xb8\xb9\xe0\xb8\xab\xe0\xb8\xa3\xe0\xb8\xb7\xe0\xb8\xad\xe0\xb8\xab\xe0\xb8\x99\xe0\xb9\x89\xe0\xb8\xb2\xe0\xb8\x88\xe0\xb8\xad\xe0\xb9\x82\xe0\xb8\xab\xe0\xb8\xa5\xe0\xb8\x94\xe0\xb9\x84\xe0\xb8\xa1\xe0\xb9\x88\xe0\xb8\xa1\xe0\xb8\xb5\xe0\xb9\x80\xe0\xb8\x9f\xe0\xb8\xa3\xe0\xb8\xa1 NR \xe0\xb9\x83\xe0\xb8\xab\xe0\xb9\x89\xe0\xb8\x96\xe0\xb9\x88\xe0\xb8\xb2\xe0\xb8\xa2"},
    {"Continue without a capture",
     "\xe0\xb8\x94\xe0\xb8\xb3\xe0\xb9\x80\xe0\xb8\x99\xe0\xb8\xb4\xe0\xb8\x99\xe0\xb8\x81\xe0\xb8\xb2\xe0\xb8\xa3\xe0\xb8\x95\xe0\xb9\x88\xe0\xb8\xad\xe0\xb9\x82\xe0\xb8\x94\xe0\xb8\xa2\xe0\xb9\x84\xe0\xb8\xa1\xe0\xb9\x88\xe0\xb8\x96\xe0\xb9\x88\xe0\xb8\xb2\xe0\xb8\xa2\xe0\xb8\xa0\xe0\xb8\xb2\xe0\xb8\x9e"},
    {"Collecting the logs...",
     "\xe0\xb8\x81\xe0\xb8\xb3\xe0\xb8\xa5\xe0\xb8\xb1\xe0\xb8\x87\xe0\xb8\xa3\xe0\xb8\xa7\xe0\xb8\x9a\xe0\xb8\xa3\xe0\xb8\xa7\xe0\xb8\xa1\xe0\xb8\xa5\xe0\xb9\x87\xe0\xb8\xad\xe0\xb8\x81..."},
    {"Step 3 of 3: review what is sent",
     "\xe0\xb8\x82\xe0\xb8\xb1\xe0\xb9\x89\xe0\xb8\x99\xe0\xb8\x95\xe0\xb8\xad\xe0\xb8\x99\xe0\xb8\x97\xe0\xb8\xb5\xe0\xb9\x88 3 \xe0\xb8\x88\xe0\xb8\xb2\xe0\xb8\x81 3: \xe0\xb8\x95\xe0\xb8\xa3\xe0\xb8\xa7\xe0\xb8\x88\xe0\xb8\x94\xe0\xb8\xb9\xe0\xb8\xaa\xe0\xb8\xb4\xe0\xb9\x88\xe0\xb8\x87\xe0\xb8\x97\xe0\xb8\xb5\xe0\xb9\x88\xe0\xb8\x88\xe0\xb8\xb0\xe0\xb8\xaa\xe0\xb9\x88\xe0\xb8\x87"},
    {"Total: %s",
     "\xe0\xb8\xa3\xe0\xb8\xa7\xe0\xb8\xa1: %s"},
    {"Upload sends the zip to %s. Anyone with the link can download it; it is deleted after %u hours.",
     "\xe0\xb8\xad\xe0\xb8\xb1\xe0\xb8\x9b\xe0\xb9\x82\xe0\xb8\xab\xe0\xb8\xa5\xe0\xb8\x94 \xe0\xb8\x88\xe0\xb8\xb0\xe0\xb8\xaa\xe0\xb9\x88\xe0\xb8\x87 zip \xe0\xb9\x84\xe0\xb8\x9b\xe0\xb8\x97\xe0\xb8\xb5\xe0\xb9\x88 %s \xe0\xb8\x97\xe0\xb8\xb8\xe0\xb8\x81\xe0\xb8\x84\xe0\xb8\x99\xe0\xb8\x97\xe0\xb8\xb5\xe0\xb9\x88\xe0\xb8\xa1\xe0\xb8\xb5\xe0\xb8\xa5\xe0\xb8\xb4\xe0\xb8\x87\xe0\xb8\x81\xe0\xb9\x8c\xe0\xb8\x94\xe0\xb8\xb2\xe0\xb8\xa7\xe0\xb8\x99\xe0\xb9\x8c\xe0\xb9\x82\xe0\xb8\xab\xe0\xb8\xa5\xe0\xb8\x94\xe0\xb9\x84\xe0\xb8\x94\xe0\xb9\x89 \xe0\xb9\x81\xe0\xb8\xa5\xe0\xb8\xb0\xe0\xb8\x88\xe0\xb8\xb0\xe0\xb8\x96\xe0\xb8\xb9\xe0\xb8\x81\xe0\xb8\xa5\xe0\xb8\x9a\xe0\xb8\xab\xe0\xb8\xa5\xe0\xb8\xb1\xe0\xb8\x87\xe0\xb8\x88\xe0\xb8\xb2\xe0\xb8\x81 %u \xe0\xb8\x8a\xe0\xb8\xb1\xe0\xb9\x88\xe0\xb8\xa7\xe0\xb9\x82\xe0\xb8\xa1\xe0\xb8\x87"},
    {"If it does not answer: %s, deleted after %u hours.",
     "\xe0\xb8\xab\xe0\xb8\xb2\xe0\xb8\x81\xe0\xb9\x84\xe0\xb8\xa1\xe0\xb9\x88\xe0\xb8\x95\xe0\xb8\xad\xe0\xb8\x9a\xe0\xb8\xaa\xe0\xb8\x99\xe0\xb8\xad\xe0\xb8\x87: %s \xe0\xb8\xa5\xe0\xb8\x9a\xe0\xb8\xab\xe0\xb8\xa5\xe0\xb8\xb1\xe0\xb8\x87\xe0\xb8\x88\xe0\xb8\xb2\xe0\xb8\x81 %u \xe0\xb8\x8a\xe0\xb8\xb1\xe0\xb9\x88\xe0\xb8\xa7\xe0\xb9\x82\xe0\xb8\xa1\xe0\xb8\x87"},
    {"Uploading is off (NRReportHost=none): the zip is saved on this PC.",
     "\xe0\xb8\x9b\xe0\xb8\xb4\xe0\xb8\x94\xe0\xb8\x81\xe0\xb8\xb2\xe0\xb8\xa3\xe0\xb8\xad\xe0\xb8\xb1\xe0\xb8\x9b\xe0\xb9\x82\xe0\xb8\xab\xe0\xb8\xa5\xe0\xb8\x94\xe0\xb8\xad\xe0\xb8\xa2\xe0\xb8\xb9\xe0\xb9\x88 (NRReportHost=none): zip \xe0\xb8\x88\xe0\xb8\xb0\xe0\xb8\x96\xe0\xb8\xb9\xe0\xb8\x81\xe0\xb8\x9a\xe0\xb8\xb1\xe0\xb8\x99\xe0\xb8\x97\xe0\xb8\xb6\xe0\xb8\x81\xe0\xb9\x84\xe0\xb8\xa7\xe0\xb9\x89\xe0\xb9\x83\xe0\xb8\x99 PC \xe0\xb9\x80\xe0\xb8\x84\xe0\xb8\xa3\xe0\xb8\xb7\xe0\xb9\x88\xe0\xb8\xad\xe0\xb8\x87\xe0\xb8\x99\xe0\xb8\xb5\xe0\xb9\x89"},
    {"Your Windows user name and profile folder are removed from every text file.",
     "\xe0\xb8\x8a\xe0\xb8\xb7\xe0\xb9\x88\xe0\xb8\xad\xe0\xb8\x9c\xe0\xb8\xb9\xe0\xb9\x89\xe0\xb9\x83\xe0\xb8\x8a\xe0\xb9\x89 Windows \xe0\xb9\x81\xe0\xb8\xa5\xe0\xb8\xb0\xe0\xb9\x82\xe0\xb8\x9f\xe0\xb8\xa5\xe0\xb9\x80\xe0\xb8\x94\xe0\xb8\xad\xe0\xb8\xa3\xe0\xb9\x8c\xe0\xb9\x82\xe0\xb8\x9b\xe0\xb8\xa3\xe0\xb9\x84\xe0\xb8\x9f\xe0\xb8\xa5\xe0\xb9\x8c\xe0\xb8\x82\xe0\xb8\xad\xe0\xb8\x87\xe0\xb8\x84\xe0\xb8\xb8\xe0\xb8\x93\xe0\xb8\x88\xe0\xb8\xb0\xe0\xb8\x96\xe0\xb8\xb9\xe0\xb8\x81\xe0\xb8\xa5\xe0\xb8\x9a\xe0\xb8\xad\xe0\xb8\xad\xe0\xb8\x81\xe0\xb8\x88\xe0\xb8\xb2\xe0\xb8\x81\xe0\xb9\x84\xe0\xb8\x9f\xe0\xb8\xa5\xe0\xb9\x8c\xe0\xb8\x82\xe0\xb9\x89\xe0\xb8\xad\xe0\xb8\x84\xe0\xb8\xa7\xe0\xb8\xb2\xe0\xb8\xa1\xe0\xb8\x97\xe0\xb8\xb8\xe0\xb8\x81\xe0\xb9\x84\xe0\xb8\x9f\xe0\xb8\xa5\xe0\xb9\x8c"},
    {"Upload & copy link",
     "\xe0\xb8\xad\xe0\xb8\xb1\xe0\xb8\x9b\xe0\xb9\x82\xe0\xb8\xab\xe0\xb8\xa5\xe0\xb8\x94\xe0\xb9\x81\xe0\xb8\xa5\xe0\xb8\xb0\xe0\xb8\x84\xe0\xb8\xb1\xe0\xb8\x94\xe0\xb8\xa5\xe0\xb8\xad\xe0\xb8\x81\xe0\xb8\xa5\xe0\xb8\xb4\xe0\xb8\x87\xe0\xb8\x81\xe0\xb9\x8c"},
    {"Save zip only",
     "\xe0\xb8\x9a\xe0\xb8\xb1\xe0\xb8\x99\xe0\xb8\x97\xe0\xb8\xb6\xe0\xb8\x81 zip \xe0\xb9\x80\xe0\xb8\x97\xe0\xb9\x88\xe0\xb8\xb2\xe0\xb8\x99\xe0\xb8\xb1\xe0\xb9\x89\xe0\xb8\x99"},
    {"Packing the zip...",
     "\xe0\xb8\x81\xe0\xb8\xb3\xe0\xb8\xa5\xe0\xb8\xb1\xe0\xb8\x87\xe0\xb9\x81\xe0\xb8\x9e\xe0\xb9\x87\xe0\xb8\x81 zip..."},
    {"Uploading to %s...",
     "\xe0\xb8\x81\xe0\xb8\xb3\xe0\xb8\xa5\xe0\xb8\xb1\xe0\xb8\x87\xe0\xb8\xad\xe0\xb8\xb1\xe0\xb8\x9b\xe0\xb9\x82\xe0\xb8\xab\xe0\xb8\xa5\xe0\xb8\x94\xe0\xb9\x84\xe0\xb8\x9b\xe0\xb8\x97\xe0\xb8\xb5\xe0\xb9\x88 %s..."},
    {"Link copied to the clipboard",
     "\xe0\xb8\x84\xe0\xb8\xb1\xe0\xb8\x94\xe0\xb8\xa5\xe0\xb8\xad\xe0\xb8\x81\xe0\xb8\xa5\xe0\xb8\xb4\xe0\xb8\x87\xe0\xb8\x81\xe0\xb9\x8c\xe0\xb9\x84\xe0\xb8\x9b\xe0\xb8\xa2\xe0\xb8\xb1\xe0\xb8\x87\xe0\xb8\x84\xe0\xb8\xa5\xe0\xb8\xb4\xe0\xb8\x9b\xe0\xb8\x9a\xe0\xb8\xad\xe0\xb8\xa3\xe0\xb9\x8c\xe0\xb8\x94\xe0\xb9\x81\xe0\xb8\xa5\xe0\xb9\x89\xe0\xb8\xa7"},
    {"Paste this link to the mod author on Discord.",
     "\xe0\xb8\xa7\xe0\xb8\xb2\xe0\xb8\x87\xe0\xb8\xa5\xe0\xb8\xb4\xe0\xb8\x87\xe0\xb8\x81\xe0\xb9\x8c\xe0\xb8\x99\xe0\xb8\xb5\xe0\xb9\x89\xe0\xb9\x83\xe0\xb8\xab\xe0\xb9\x89\xe0\xb8\x9c\xe0\xb8\xb9\xe0\xb9\x89\xe0\xb8\xaa\xe0\xb8\xa3\xe0\xb9\x89\xe0\xb8\xb2\xe0\xb8\x87\xe0\xb8\xa1\xe0\xb9\x87\xe0\xb8\xad\xe0\xb8\x94\xe0\xb9\x83\xe0\xb8\x99 Discord"},
    {"Copy again",
     "\xe0\xb8\x84\xe0\xb8\xb1\xe0\xb8\x94\xe0\xb8\xa5\xe0\xb8\xad\xe0\xb8\x81\xe0\xb8\xad\xe0\xb8\xb5\xe0\xb8\x81\xe0\xb8\x84\xe0\xb8\xa3\xe0\xb8\xb1\xe0\xb9\x89\xe0\xb8\x87"},
    {"The upload failed: %s",
     "\xe0\xb8\xad\xe0\xb8\xb1\xe0\xb8\x9b\xe0\xb9\x82\xe0\xb8\xab\xe0\xb8\xa5\xe0\xb8\x94\xe0\xb8\xa5\xe0\xb9\x89\xe0\xb8\xa1\xe0\xb9\x80\xe0\xb8\xab\xe0\xb8\xa5\xe0\xb8\xa7: %s"},
    {"Saved: %s",
     "\xe0\xb8\x9a\xe0\xb8\xb1\xe0\xb8\x99\xe0\xb8\x97\xe0\xb8\xb6\xe0\xb8\x81\xe0\xb9\x81\xe0\xb8\xa5\xe0\xb9\x89\xe0\xb8\xa7: %s"},
    {"Send this file to the mod author on Discord; its folder opens with the button.",
     "\xe0\xb8\xaa\xe0\xb9\x88\xe0\xb8\x87\xe0\xb9\x84\xe0\xb8\x9f\xe0\xb8\xa5\xe0\xb9\x8c\xe0\xb8\x99\xe0\xb8\xb5\xe0\xb9\x89\xe0\xb9\x83\xe0\xb8\xab\xe0\xb9\x89\xe0\xb8\x9c\xe0\xb8\xb9\xe0\xb9\x89\xe0\xb8\xaa\xe0\xb8\xa3\xe0\xb9\x89\xe0\xb8\xb2\xe0\xb8\x87\xe0\xb8\xa1\xe0\xb9\x87\xe0\xb8\xad\xe0\xb8\x94\xe0\xb9\x83\xe0\xb8\x99 Discord \xe0\xb8\x81\xe0\xb8\x94\xe0\xb8\x9b\xe0\xb8\xb8\xe0\xb9\x88\xe0\xb8\xa1\xe0\xb9\x80\xe0\xb8\x9e\xe0\xb8\xb7\xe0\xb9\x88\xe0\xb8\xad\xe0\xb9\x80\xe0\xb8\x9b\xe0\xb8\xb4\xe0\xb8\x94\xe0\xb9\x82\xe0\xb8\x9f\xe0\xb8\xa5\xe0\xb9\x80\xe0\xb8\x94\xe0\xb8\xad\xe0\xb8\xa3\xe0\xb9\x8c\xe0\xb8\x82\xe0\xb8\xad\xe0\xb8\x87\xe0\xb9\x84\xe0\xb8\x9f\xe0\xb8\xa5\xe0\xb9\x8c"},
    {"Open folder",
     "\xe0\xb9\x80\xe0\xb8\x9b\xe0\xb8\xb4\xe0\xb8\x94\xe0\xb9\x82\xe0\xb8\x9f\xe0\xb8\xa5\xe0\xb9\x80\xe0\xb8\x94\xe0\xb8\xad\xe0\xb8\xa3\xe0\xb9\x8c"},
    {"Close",
     "\xe0\xb8\x9b\xe0\xb8\xb4\xe0\xb8\x94"},
};

}  // namespace renodx::addons::dlss5::ui::lang
