/*
 * Copyright (C) 2026
 * SPDX-License-Identifier: MIT
 */

// Chinese (Traditional) (zh-Hant): the panel's strings, English first.  Written by
// tools/i18n/ui_strings.py import; read it with `export zh-Hant`.  Machine
// translated for v7.0.0, pending a native speaker's review.

#pragma once

namespace renodx::addons::dlss5::ui::lang {

inline constexpr Translation kZhHant[] = {
    {"Neural Rendering",
     "Neural Rendering"},
    {"Strength",
     "\xe5\xbc\xb7\xe5\xba\xa6"},
    {"Before upscaling",
     "\xe6\x94\xbe\xe5\xa4\xa7\xe5\x89\x8d"},
    {"Stack passes",
     "\xe7\x96\x8a\xe5\x8a\xa0\xe9\x80\x9a\xe9\x81\x93\xe6\x95\xb8"},
    {"HDR mode",
     "HDR \xe6\xa8\xa1\xe5\xbc\x8f"},
    {"Paper white (nits)",
     "\xe7\xb4\x99\xe7\x99\xbd (nits)"},
    {"Brighten speed",
     "\xe6\x8f\x90\xe4\xba\xae\xe9\x80\x9f\xe5\xba\xa6"},
    {"Darken speed",
     "\xe5\xa3\x93\xe6\x9a\x97\xe9\x80\x9f\xe5\xba\xa6"},
    {"Turns Neural Rendering on and off.  The key shown next to the switch does the same in game.",
     "\xe9\x96\x8b\xe5\x95\x9f\xe6\x88\x96\xe9\x97\x9c\xe9\x96\x89 Neural Rendering\xe3\x80\x82\xe9\x96\x8b\xe9\x97\x9c\xe6\x97\x81\xe9\xa1\xaf\xe7\xa4\xba\xe7\x9a\x84\xe6\x8c\x89\xe9\x8d\xb5\xe5\x9c\xa8\xe9\x81\x8a\xe6\x88\xb2\xe4\xb8\xad\xe4\xb9\x9f\xe6\x9c\x89\xe7\x9b\xb8\xe5\x90\x8c\xe4\xbd\x9c\xe7\x94\xa8\xe3\x80\x82"},
    {"How strongly Neural Rendering reworks the image: 0 leaves the game's image untouched, 1 is the default, 2 the strongest.  A change restarts NR's history for a moment.",
     "Neural Rendering \xe9\x87\x8d\xe6\x96\xb0\xe8\x99\x95\xe7\x90\x86\xe7\x95\xab\xe9\x9d\xa2\xe7\x9a\x84\xe5\xbc\xb7\xe5\xba\xa6\xef\xbc\x9a" "0 \xe4\xbf\x9d\xe6\x8c\x81\xe9\x81\x8a\xe6\x88\xb2\xe7\x95\xab\xe9\x9d\xa2\xe4\xb8\x8d\xe8\xae\x8a\xef\xbc\x8c" "1 \xe7\x82\xba\xe9\xa0\x90\xe8\xa8\xad\xef\xbc\x8c" "2 \xe6\x9c\x80\xe5\xbc\xb7\xe3\x80\x82\xe8\xae\x8a\xe6\x9b\xb4\xe6\x9c\x83\xe8\xae\x93 NR \xe7\x9a\x84\xe6\xad\xb7\xe5\x8f\xb2\xe7\x9f\xad\xe6\x9a\xab\xe9\x87\x8d\xe6\x96\xb0\xe9\x96\x8b\xe5\xa7\x8b\xe3\x80\x82"},
    {"Float-HDR games: how much of the model's dark lift is removed when Dark pedestal removal is on. Other HDR games: how much of Neural Rendering's change reaches the image, from 0 (none) to 1 (all).",
     "\xe6\xb5\xae\xe9\xbb\x9e HDR \xe9\x81\x8a\xe6\x88\xb2\xef\xbc\x9a\xe9\x96\x8b\xe5\x95\x9f\xe9\xbb\x91\xe9\x9a\x8e\xe6\xa0\xa1\xe6\xad\xa3\xe6\x99\x82\xef\xbc\x8c\xe7\xa7\xbb\xe9\x99\xa4\xe6\xa8\xa1\xe5\x9e\x8b\xe5\xb0\x8d\xe6\x9a\x97\xe9\x83\xa8\xe6\x8f\x90\xe4\xba\xae\xe6\x95\x88\xe6\x9e\x9c\xe7\x9a\x84\xe7\xa8\x8b\xe5\xba\xa6\xe3\x80\x82\xe5\x85\xb6\xe4\xbb\x96 HDR \xe9\x81\x8a\xe6\x88\xb2\xef\xbc\x9aNeural Rendering \xe7\x9a\x84\xe8\xae\x8a\xe5\x8c\x96\xe5\xa5\x97\xe7\x94\xa8\xe5\x88\xb0\xe7\x95\xab\xe9\x9d\xa2\xe7\x9a\x84\xe6\xaf\x94\xe4\xbe\x8b\xef\xbc\x8c\xe5\xbe\x9e 0\xef\xbc\x88\xe7\x84\xa1\xef\xbc\x89\xe5\x88\xb0 1\xef\xbc\x88\xe5\x85\xa8\xe9\x83\xa8\xef\xbc\x89\xe3\x80\x82"},
    {"Nothing to scale in this game: its HDR brightness is relative, so Dark pedestal removal (Auto) leaves the model's dark lift alone.  Set Dark pedestal removal to Always to use this slider.",
     "\xe6\xad\xa4\xe9\x81\x8a\xe6\x88\xb2\xe4\xb8\xad\xe6\xb2\x92\xe6\x9c\x89\xe5\x8f\xaf\xe8\xaa\xbf\xe6\x95\xb4\xe7\x9a\x84\xe5\x85\xa7\xe5\xae\xb9\xef\xbc\x9a\xe5\xae\x83\xe7\x9a\x84 HDR \xe4\xba\xae\xe5\xba\xa6\xe6\x98\xaf\xe7\x9b\xb8\xe5\xb0\x8d\xe5\x80\xbc\xef\xbc\x8c\xe5\x9b\xa0\xe6\xad\xa4\xe6\x9a\x97\xe9\x83\xa8\xe5\xba\x95\xe5\x80\xbc\xe5\x8e\xbb\xe9\x99\xa4\xef\xbc\x88\xe8\x87\xaa\xe5\x8b\x95\xef\xbc\x89\xe4\xb8\x8d\xe6\x9c\x83\xe8\x99\x95\xe7\x90\x86\xe6\xa8\xa1\xe5\x9e\x8b\xe7\x9a\x84\xe6\x9a\x97\xe9\x83\xa8\xe6\x8a\xac\xe5\x8d\x87\xe3\x80\x82\xe8\xa6\x81\xe4\xbd\xbf\xe7\x94\xa8\xe6\xad\xa4\xe6\xbb\x91\xe6\xa1\xbf\xef\xbc\x8c\xe8\xab\x8b\xe5\xb0\x87\xe6\x9a\x97\xe9\x83\xa8\xe5\xba\x95\xe5\x80\xbc\xe5\x8e\xbb\xe9\x99\xa4\xe8\xa8\xad\xe7\x82\xba\xe5\xa7\x8b\xe7\xb5\x82\xe3\x80\x82"},
    {"On float-HDR games, how much of Neural Rendering's change reaches the image: 0 keeps the game's image, 1.00 shows all of it.",
     "\xe5\x9c\xa8\xe6\xb5\xae\xe9\xbb\x9e HDR \xe9\x81\x8a\xe6\x88\xb2\xe4\xb8\xad\xef\xbc\x8cNeural Rendering \xe7\x9a\x84\xe8\xae\x8a\xe5\x8c\x96\xe5\x88\xb0\xe9\x81\x94\xe7\x95\xab\xe9\x9d\xa2\xe7\x9a\x84\xe6\xaf\x94\xe4\xbe\x8b\xef\xbc\x9a" "0 \xe4\xbf\x9d\xe6\x8c\x81\xe9\x81\x8a\xe6\x88\xb2\xe7\x95\xab\xe9\x9d\xa2\xef\xbc\x8c" "1.00 \xe5\x85\xa8\xe9\x83\xa8\xe9\xa1\xaf\xe7\xa4\xba\xe3\x80\x82"},
    {"How bright white surfaces glow, in nits (203 is the HDR reference).  PQ HDR games only; other HDR games use Scene white scale.",
     "\xe7\x99\xbd\xe8\x89\xb2\xe8\xa1\xa8\xe9\x9d\xa2\xe7\x9a\x84\xe7\x99\xbc\xe5\x85\x89\xe4\xba\xae\xe5\xba\xa6\xef\xbc\x8c\xe5\x96\xae\xe4\xbd\x8d nits\xef\xbc\x88" "203 \xe7\x82\xba HDR \xe5\x8f\x83\xe8\x80\x83\xe5\x80\xbc\xef\xbc\x89\xe3\x80\x82\xe5\x83\x85\xe9\x99\x90 PQ HDR \xe9\x81\x8a\xe6\x88\xb2\xef\xbc\x9b\xe5\x85\xb6\xe4\xbb\x96 HDR \xe9\x81\x8a\xe6\x88\xb2\xe4\xbd\xbf\xe7\x94\xa8\xe5\xa0\xb4\xe6\x99\xaf\xe7\x99\xbd\xe8\x89\xb2\xe6\xaf\x94\xe4\xbe\x8b\xe3\x80\x82"},
    {"The same for float-HDR and classic sources (2.5375 is 203-nit paper white).  PQ HDR games use Paper white and PQ calibration instead.",
     "\xe6\xb5\xae\xe9\xbb\x9e HDR \xe8\x88\x87\xe7\xb6\x93\xe5\x85\xb8\xe4\xbe\x86\xe6\xba\x90\xe9\x80\x9a\xe7\x94\xa8\xef\xbc\x88" "2.5375 \xe5\xb0\x8d\xe6\x87\x89 203 nits \xe7\xb4\x99\xe7\x99\xbd\xef\xbc\x89\xe3\x80\x82PQ HDR \xe9\x81\x8a\xe6\x88\xb2\xe6\x94\xb9\xe7\x94\xa8\xe7\xb4\x99\xe7\x99\xbd\xe5\x92\x8c PQ \xe6\xa0\xa1\xe6\xba\x96\xe3\x80\x82"},
    {"Click, then press the new key; Esc cancels.",
     "\xe9\xbb\x9e\xe6\x93\x8a\xe5\xbe\x8c\xe6\x8c\x89\xe4\xb8\x8b\xe6\x96\xb0\xe6\x8c\x89\xe9\x8d\xb5\xef\xbc\x9b\xe6\x8c\x89 Esc \xe5\x8f\x96\xe6\xb6\x88\xe3\x80\x82"},
    {"none yet",
     "\xe5\xb0\x9a\xe7\x84\xa1"},
    {"Reset diagnostics",
     "\xe9\x87\x8d\xe8\xa8\xad\xe8\xa8\xba\xe6\x96\xb7"},
    {"Skipped because",
     "\xe7\x95\xa5\xe9\x81\x8e\xe5\x8e\x9f\xe5\x9b\xa0"},
    {"Why Neural Rendering left frames alone this session, most frequent first, with the number of frames.  Each of those frames shows the game's own image.",
     "\xe6\x9c\xac\xe6\xac\xa1\xe5\xb7\xa5\xe4\xbd\x9c\xe9\x9a\x8e\xe6\xae\xb5\xe4\xb8\xad Neural Rendering \xe6\x9c\xaa\xe8\x99\x95\xe7\x90\x86\xe6\x9f\x90\xe4\xba\x9b\xe5\xb9\x80\xe7\x9a\x84\xe5\x8e\x9f\xe5\x9b\xa0\xef\xbc\x8c\xe4\xbe\x9d\xe5\x87\xba\xe7\x8f\xbe\xe6\xac\xa1\xe6\x95\xb8\xe7\x94\xb1\xe5\xa4\x9a\xe5\x88\xb0\xe5\xb0\x91\xe5\x88\x97\xe5\x87\xba\xef\xbc\x8c\xe4\xb8\xa6\xe9\x99\x84\xe5\xb9\x80\xe6\x95\xb8\xe3\x80\x82\xe9\x80\x99\xe4\xba\x9b\xe5\xb9\x80\xe9\xa1\xaf\xe7\xa4\xba\xe7\x9a\x84\xe6\x98\xaf\xe9\x81\x8a\xe6\x88\xb2\xe8\x87\xaa\xe5\xb7\xb1\xe7\x9a\x84\xe7\x95\xab\xe9\x9d\xa2\xe3\x80\x82"},
    {"Settings",
     "\xe8\xa8\xad\xe5\xae\x9a"},
    {"Defaults",
     "\xe9\xa0\x90\xe8\xa8\xad"},
    {"Mine",
     "\xe6\x88\x91\xe7\x9a\x84"},
    {"Compare in game: Defaults runs the built-in look (Strength, the Look section and stacking) while your own values wait; Mine brings them back.  Nothing is saved while Defaults is on.",
     "\xe5\x9c\xa8\xe9\x81\x8a\xe6\x88\xb2\xe4\xb8\xad\xe6\xaf\x94\xe8\xbc\x83\xef\xbc\x9a\xe9\xa0\x90\xe8\xa8\xad\xe6\x9c\x83\xe5\x9f\xb7\xe8\xa1\x8c\xe5\x85\xa7\xe5\xbb\xba\xe5\xa4\x96\xe8\xa7\x80\xef\xbc\x88\xe5\xbc\xb7\xe5\xba\xa6\xe3\x80\x81\xe5\xa4\x96\xe8\xa7\x80\xe5\x8d\x80\xe6\xae\xb5\xe5\x92\x8c\xe7\x96\x8a\xe5\x8a\xa0\xef\xbc\x89\xef\xbc\x8c\xe4\xbd\xa0\xe8\x87\xaa\xe5\xb7\xb1\xe7\x9a\x84\xe5\x80\xbc\xe6\x9a\xab\xe6\x99\x82\xe4\xbf\x9d\xe7\x95\x99\xef\xbc\x9b\xe6\x88\x91\xe7\x9a\x84\xe6\x9c\x83\xe5\xb0\x87\xe5\x85\xb6\xe6\x81\xa2\xe5\xbe\xa9\xe3\x80\x82\xe9\xa0\x90\xe8\xa8\xad\xe9\x96\x8b\xe5\x95\x9f\xe6\x9c\x9f\xe9\x96\x93\xe4\xb8\x8d\xe6\x9c\x83\xe5\x84\xb2\xe5\xad\x98\xe4\xbb\xbb\xe4\xbd\x95\xe5\x85\xa7\xe5\xae\xb9\xe3\x80\x82"},
    {"Showing the built-in look.  Your settings are kept; pick Mine to return.",
     "\xe6\xad\xa3\xe5\x9c\xa8\xe9\xa1\xaf\xe7\xa4\xba\xe5\x85\xa7\xe5\xbb\xba\xe5\xa4\x96\xe8\xa7\x80\xe3\x80\x82\xe4\xbd\xa0\xe7\x9a\x84\xe8\xa8\xad\xe5\xae\x9a\xe5\xb7\xb2\xe4\xbf\x9d\xe7\x95\x99\xef\xbc\x9b\xe9\x81\xb8\xe6\x93\x87\xe6\x88\x91\xe7\x9a\x84\xe5\x8d\xb3\xe5\x8f\xaf\xe8\xbf\x94\xe5\x9b\x9e\xe3\x80\x82"},
    {"Resolution",
     "\xe8\xa7\xa3\xe6\x9e\x90\xe5\xba\xa6"},
    {"LOOK",
     "\xe5\xa4\x96\xe8\xa7\x80"},
    {"Reset look",
     "\xe9\x87\x8d\xe8\xa8\xad\xe5\xa4\x96\xe8\xa7\x80"},
    {"Model \xc2\xb7 restarts NR history",
     "\xe6\xa8\xa1\xe5\x9e\x8b \xc2\xb7 \xe9\x87\x8d\xe6\x96\xb0\xe5\x95\x9f\xe5\x8b\x95 NR \xe6\xad\xb7\xe5\x8f\xb2"},
    {"Result \xc2\xb7 live, reshapes NR's output",
     "\xe7\xb5\x90\xe6\x9e\x9c \xc2\xb7 \xe5\x8d\xb3\xe6\x99\x82\xef\xbc\x8c\xe9\x87\x8d\xe5\xa1\x91 NR \xe8\xbc\xb8\xe5\x87\xba"},
    {"Limits and stability",
     "\xe9\x99\x90\xe5\x88\xb6\xe8\x88\x87\xe7\xa9\xa9\xe5\xae\x9a\xe6\x80\xa7"},
    {"Limits and stability \xc2\xb7 changed",
     "\xe9\x99\x90\xe5\x88\xb6\xe8\x88\x87\xe7\xa9\xa9\xe5\xae\x9a\xe6\x80\xa7 \xc2\xb7 \xe5\xb7\xb2\xe8\xae\x8a\xe6\x9b\xb4"},
    {"Performance",
     "\xe6\x95\x88\xe8\x83\xbd"},
    {"pre-SR, stacking, resolution, upsampling",
     "pre-SR\xe3\x80\x81\xe7\x96\x8a\xe5\x8a\xa0\xe3\x80\x81\xe8\xa7\xa3\xe6\x9e\x90\xe5\xba\xa6\xe3\x80\x81\xe5\x8d\x87\xe5\x8f\x96\xe6\xa8\xa3"},
    {"Reset performance",
     "\xe9\x87\x8d\xe8\xa8\xad\xe6\x95\x88\xe8\x83\xbd"},
    {"Hotkeys & screenshots",
     "\xe5\xbf\xab\xe9\x80\x9f\xe9\x8d\xb5\xe8\x88\x87\xe6\x88\xaa\xe5\x9c\x96"},
    {"%s toggle | %s screenshot",
     "%s \xe5\x88\x87\xe6\x8f\x9b | %s \xe6\x88\xaa\xe5\x9c\x96"},
    {"Reset hotkeys",
     "\xe9\x87\x8d\xe8\xa8\xad\xe5\xbf\xab\xe9\x80\x9f\xe9\x8d\xb5"},
    {"Diagnostics",
     "\xe8\xa8\xba\xe6\x96\xb7"},
    {"counters, support report",
     "\xe8\xa8\x88\xe6\x95\xb8\xe5\x99\xa8\xe3\x80\x81\xe6\x94\xaf\xe6\x8f\xb4\xe5\xa0\xb1\xe5\x91\x8a"},
    {"Fixes",
     "\xe4\xbf\xae\xe6\xad\xa3"},
    {"only change if you know what you are doing",
     "\xe9\x99\xa4\xe9\x9d\x9e\xe6\xb8\x85\xe6\xa5\x9a\xe5\xbe\x8c\xe6\x9e\x9c\xef\xbc\x8c\xe5\x90\xa6\xe5\x89\x87\xe8\xab\x8b\xe5\x8b\xbf\xe8\xae\x8a\xe6\x9b\xb4"},
    {"Reset fixes",
     "\xe9\x87\x8d\xe8\xa8\xad\xe4\xbf\xae\xe6\xad\xa3"},
    {"These correct games that report their HDR or motion data wrongly.  The defaults are right for nearly every game, and a wrong value here breaks the image.  Reset fixes puts every one of them back.",
     "\xe7\x94\xa8\xe6\x96\xbc\xe4\xbf\xae\xe6\xad\xa3\xe9\x8c\xaf\xe8\xaa\xa4\xe5\x9b\x9e\xe5\xa0\xb1 HDR \xe6\x88\x96\xe9\x81\x8b\xe5\x8b\x95\xe8\xb3\x87\xe6\x96\x99\xe7\x9a\x84\xe9\x81\x8a\xe6\x88\xb2\xe3\x80\x82\xe9\xa0\x90\xe8\xa8\xad\xe5\x80\xbc\xe5\xb9\xbe\xe4\xb9\x8e\xe9\x81\xa9\xe7\x94\xa8\xe6\x96\xbc\xe6\x89\x80\xe6\x9c\x89\xe9\x81\x8a\xe6\x88\xb2\xef\xbc\x8c\xe6\xad\xa4\xe8\x99\x95\xe8\xa8\xad\xe9\x8c\xaf\xe6\x9c\x83\xe7\xa0\xb4\xe5\xa3\x9e\xe7\x95\xab\xe9\x9d\xa2\xe3\x80\x82\xe9\x87\x8d\xe8\xa8\xad\xe4\xbf\xae\xe6\xad\xa3\xe6\x9c\x83\xe5\xb0\x87\xe5\xae\x83\xe5\x80\x91\xe5\x85\xa8\xe9\x83\xa8\xe9\x82\x84\xe5\x8e\x9f\xe3\x80\x82"},
    {"HDR",
     "HDR"},
    {"Depth and motion",
     "\xe6\xb7\xb1\xe5\xba\xa6\xe8\x88\x87\xe9\x81\x8b\xe5\x8b\x95"},
    {"HDR adaptation speed, in stops per second",
     "HDR \xe9\x81\xa9\xe6\x87\x89\xe9\x80\x9f\xe5\xba\xa6\xef\xbc\x8c\xe5\x96\xae\xe4\xbd\x8d\xe7\x82\xba\xe6\xa0\xbc/\xe7\xa7\x92"},
    {"Restore all defaults",
     "\xe9\x82\x84\xe5\x8e\x9f\xe6\x89\x80\xe6\x9c\x89\xe9\xa0\x90\xe8\xa8\xad\xe5\x80\xbc"},
    {"Every setting for this game goes back to its default, hotkeys included.",
     "\xe6\xad\xa4\xe9\x81\x8a\xe6\x88\xb2\xe7\x9a\x84\xe6\x89\x80\xe6\x9c\x89\xe8\xa8\xad\xe5\xae\x9a\xe9\x83\xbd\xe6\x9c\x83\xe9\x82\x84\xe5\x8e\x9f\xe7\x82\xba\xe9\xa0\x90\xe8\xa8\xad\xe5\x80\xbc\xef\xbc\x8c\xe5\x8c\x85\xe6\x8b\xac\xe5\xbf\xab\xe9\x80\x9f\xe9\x8d\xb5\xe3\x80\x82"},
    {"Developer view",
     "\xe9\x96\x8b\xe7\x99\xbc\xe8\x80\x85\xe6\xaa\xa2\xe8\xa6\x96"},
    {"The classic flat layout: every control in one list, as before v7.",
     "\xe7\xb6\x93\xe5\x85\xb8\xe5\xb9\xb3\xe9\x8b\xaa\xe7\x89\x88\xe9\x9d\xa2\xef\xbc\x9a\xe6\x89\x80\xe6\x9c\x89\xe6\x8e\xa7\xe5\x88\xb6\xe9\xa0\x85\xe9\x83\xbd\xe5\x9c\xa8\xe5\x90\x8c\xe4\xb8\x80\xe6\xb8\x85\xe5\x96\xae\xe4\xb8\xad\xef\xbc\x8c\xe8\x88\x87 v7 \xe4\xb9\x8b\xe5\x89\x8d\xe7\x9b\xb8\xe5\x90\x8c\xe3\x80\x82"},
    {"Language",
     "\xe8\xaa\x9e\xe8\xa8\x80"},
    {"Auto follows ReShade's own language (ReShade's Settings tab), which follows Windows unless you picked one there.  ReShade loads the font for its own language only, so a language written in another script can show as boxes: pick it in ReShade's settings too.",
     "\xe8\x87\xaa\xe5\x8b\x95\xe6\x9c\x83\xe8\xb7\x9f\xe9\x9a\xa8 ReShade \xe6\x9c\xac\xe8\xba\xab\xe7\x9a\x84\xe8\xaa\x9e\xe8\xa8\x80\xef\xbc\x88ReShade \xe7\x9a\x84 Settings \xe5\x88\x86\xe9\xa0\x81\xef\xbc\x89\xef\xbc\x8c\xe9\x99\xa4\xe9\x9d\x9e\xe4\xbd\xa0\xe5\x9c\xa8\xe9\x82\xa3\xe8\xa3\xa1\xe5\x8f\xa6\xe8\xa1\x8c\xe9\x81\xb8\xe6\x93\x87\xef\xbc\x8c\xe5\x90\xa6\xe5\x89\x87\xe8\xb7\x9f\xe9\x9a\xa8 Windows\xe3\x80\x82ReShade \xe5\x8f\xaa\xe8\xbc\x89\xe5\x85\xa5\xe5\x85\xb6\xe6\x9c\xac\xe8\xba\xab\xe8\xaa\x9e\xe8\xa8\x80\xe7\x9a\x84\xe5\xad\x97\xe5\x9e\x8b\xef\xbc\x8c\xe5\x9b\xa0\xe6\xad\xa4\xe4\xbd\xbf\xe7\x94\xa8\xe5\x85\xb6\xe4\xbb\x96\xe6\x96\x87\xe5\xad\x97\xe7\x9a\x84\xe8\xaa\x9e\xe8\xa8\x80\xe5\x8f\xaf\xe8\x83\xbd\xe9\xa1\xaf\xe7\xa4\xba\xe7\x82\xba\xe6\x96\xb9\xe6\xa1\x86\xef\xbc\x9a\xe8\xab\x8b\xe5\x90\x8c\xe6\x99\x82\xe5\x9c\xa8 ReShade \xe8\xa8\xad\xe5\xae\x9a\xe4\xb8\xad\xe9\x81\xb8\xe6\x93\x87\xe8\xa9\xb2\xe8\xaa\x9e\xe8\xa8\x80\xe3\x80\x82"},
    {"Full",
     "\xe5\xae\x8c\xe6\x95\xb4"},
    {"Quality",
     "\xe5\x93\x81\xe8\xb3\xaa"},
    {"Balanced",
     "\xe5\xb9\xb3\xe8\xa1\xa1"},
    {"Match game",
     "\xe8\xb7\x9f\xe9\x9a\xa8\xe9\x81\x8a\xe6\x88\xb2"},
    {"The resolution Neural Rendering works at.  Full is the sharpest; the lower presets cost less GPU time.  Match game follows the game's own render resolution.",
     "Neural Rendering \xe7\x9a\x84\xe5\xb7\xa5\xe4\xbd\x9c\xe8\xa7\xa3\xe6\x9e\x90\xe5\xba\xa6\xe3\x80\x82\xe5\xae\x8c\xe6\x95\xb4\xe6\x9c\x80\xe6\xb8\x85\xe6\x99\xb0\xef\xbc\x9b\xe8\xbc\x83\xe4\xbd\x8e\xe7\x9a\x84\xe9\xa0\x90\xe8\xa8\xad\xe9\x9b\x86\xe8\x80\x97\xe7\x94\xa8\xe8\xbc\x83\xe5\xb0\x91 GPU \xe6\x99\x82\xe9\x96\x93\xe3\x80\x82\xe8\xb7\x9f\xe9\x9a\xa8\xe9\x81\x8a\xe6\x88\xb2\xe6\x9c\x83\xe4\xbd\xbf\xe7\x94\xa8\xe9\x81\x8a\xe6\x88\xb2\xe6\x9c\xac\xe8\xba\xab\xe7\x9a\x84\xe7\xae\x97\xe7\xb9\xaa\xe8\xa7\xa3\xe6\x9e\x90\xe5\xba\xa6\xe3\x80\x82"},
    {"Custom (%.0f%%): set in Performance",
     "\xe8\x87\xaa\xe8\xa8\x82 (%.0f%%)\xef\xbc\x9a\xe5\x9c\xa8\xe6\x95\x88\xe8\x83\xbd\xe4\xb8\xad\xe8\xa8\xad\xe5\xae\x9a"},
    {"Last frame",
     "\xe4\xb8\x8a\xe4\xb8\x80\xe5\xb9\x80"},
    {"Frames this session",
     "\xe6\x9c\xac\xe6\xac\xa1\xe5\xb7\xa5\xe4\xbd\x9c\xe9\x9a\x8e\xe6\xae\xb5\xe5\xb9\x80\xe6\x95\xb8"},
    {"Working resolution",
     "\xe5\xb7\xa5\xe4\xbd\x9c\xe8\xa7\xa3\xe6\x9e\x90\xe5\xba\xa6"},
    {"Backend",
     "\xe5\xbe\x8c\xe7\xab\xaf"},
    {"Raw details",
     "\xe5\x8e\x9f\xe5\xa7\x8b\xe8\xa9\xb3\xe7\xb4\xb0\xe8\xb3\x87\xe6\x96\x99"},
    {"Copy support report",
     "\xe8\xa4\x87\xe8\xa3\xbd\xe6\x94\xaf\xe6\x8f\xb4\xe5\xa0\xb1\xe5\x91\x8a"},
    {"Open log folder",
     "\xe9\x96\x8b\xe5\x95\x9f\xe8\xa8\x98\xe9\x8c\x84\xe8\xb3\x87\xe6\x96\x99\xe5\xa4\xbe"},
    {"Copied. Paste it into your report together with ReShade.log.",
     "\xe5\xb7\xb2\xe8\xa4\x87\xe8\xa3\xbd\xe3\x80\x82\xe8\xab\x8b\xe5\xb0\x87\xe5\x85\xb6\xe8\x88\x87 ReShade.log \xe4\xb8\x80\xe8\xb5\xb7\xe8\xb2\xbc\xe5\x88\xb0\xe4\xbd\xa0\xe7\x9a\x84\xe5\xa0\xb1\xe5\x91\x8a\xe4\xb8\xad\xe3\x80\x82"},
    {"Copies a short text with the version, the verdict, the card and the counters.  It holds the game's file name and no folder paths.",
     "\xe8\xa4\x87\xe8\xa3\xbd\xe4\xb8\x80\xe6\xae\xb5\xe7\xb0\xa1\xe7\x9f\xad\xe6\x96\x87\xe5\xad\x97\xef\xbc\x8c\xe5\x8c\x85\xe5\x90\xab\xe7\x89\x88\xe6\x9c\xac\xe3\x80\x81\xe5\x88\xa4\xe5\xae\x9a\xe3\x80\x81\xe7\x8b\x80\xe6\x85\x8b\xe5\x8d\xa1\xe5\x92\x8c\xe8\xa8\x88\xe6\x95\xb8\xe5\x99\xa8\xe3\x80\x82\xe5\x85\xb6\xe4\xb8\xad\xe5\x8c\x85\xe5\x90\xab\xe9\x81\x8a\xe6\x88\xb2\xe7\x9a\x84\xe6\xaa\x94\xe6\xa1\x88\xe5\x90\x8d\xe7\xa8\xb1\xef\xbc\x8c\xe4\xb8\x8d\xe5\x90\xab\xe8\xb3\x87\xe6\x96\x99\xe5\xa4\xbe\xe8\xb7\xaf\xe5\xbe\x91\xe3\x80\x82"},
    {"Details: the %s tab in ReShade's overlay.  %s turns Neural Rendering off.",
     "\xe8\xa9\xb3\xe7\xb4\xb0\xe8\xb3\x87\xe8\xa8\x8a\xef\xbc\x9aReShade \xe8\xa6\x86\xe7\x96\x8a\xe4\xbb\x8b\xe9\x9d\xa2\xe4\xb8\xad\xe7\x9a\x84 %s \xe5\x88\x86\xe9\xa0\x81\xe3\x80\x82%s \xe5\x8f\xaf\xe9\x97\x9c\xe9\x96\x89 Neural Rendering\xe3\x80\x82"},
    {"Welcome to DLSS 5 Neural Rendering",
     "\xe6\xad\xa1\xe8\xbf\x8e\xe4\xbd\xbf\xe7\x94\xa8 DLSS 5 Neural Rendering"},
    {"Neural Rendering is NVIDIA's DLSS enhancer.  It works on the image the game's own DLSS makes, so DLSS or DLAA has to be on in the game's settings.",
     "Neural Rendering \xe6\x98\xaf NVIDIA \xe7\x9a\x84 DLSS \xe5\xa2\x9e\xe5\xbc\xb7\xe5\x8a\x9f\xe8\x83\xbd\xe3\x80\x82\xe5\xae\x83\xe4\xbd\x9c\xe7\x94\xa8\xe6\x96\xbc\xe9\x81\x8a\xe6\x88\xb2\xe6\x9c\xac\xe8\xba\xab DLSS \xe7\x94\xa2\xe7\x94\x9f\xe7\x9a\x84\xe5\xbd\xb1\xe5\x83\x8f\xef\xbc\x8c\xe5\x9b\xa0\xe6\xad\xa4\xe5\xbf\x85\xe9\xa0\x88\xe5\x9c\xa8\xe9\x81\x8a\xe6\x88\xb2\xe8\xa8\xad\xe5\xae\x9a\xe4\xb8\xad\xe9\x96\x8b\xe5\x95\x9f DLSS \xe6\x88\x96 DLAA\xe3\x80\x82"},
    {"The card above says whether it is working.  When it is not, a note in the game's top-left corner says so, even with this overlay closed.",
     "\xe4\xb8\x8a\xe6\x96\xb9\xe7\x9a\x84\xe7\x8b\x80\xe6\x85\x8b\xe5\x8d\xa1\xe6\x9c\x83\xe9\xa1\xaf\xe7\xa4\xba\xe5\xae\x83\xe6\x98\xaf\xe5\x90\xa6\xe5\x9c\xa8\xe9\x81\x8b\xe4\xbd\x9c\xe3\x80\x82\xe6\x9c\xaa\xe9\x81\x8b\xe4\xbd\x9c\xe6\x99\x82\xef\xbc\x8c\xe5\x8d\xb3\xe4\xbd\xbf\xe9\x97\x9c\xe9\x96\x89\xe6\xad\xa4\xe8\xa6\x86\xe7\x96\x8a\xe4\xbb\x8b\xe9\x9d\xa2\xef\xbc\x8c\xe9\x81\x8a\xe6\x88\xb2\xe5\xb7\xa6\xe4\xb8\x8a\xe8\xa7\x92\xe4\xb9\x9f\xe6\x9c\x83\xe9\xa1\xaf\xe7\xa4\xba\xe6\x8f\x90\xe7\xa4\xba\xe3\x80\x82"},
    {"The switch below turns it on and off; in game, the key shown beside it does the same.",
     "\xe4\xb8\x8b\xe6\x96\xb9\xe9\x96\x8b\xe9\x97\x9c\xe7\x94\xa8\xe6\x96\xbc\xe9\x96\x8b\xe5\x95\x9f\xe5\x92\x8c\xe9\x97\x9c\xe9\x96\x89\xef\xbc\x9b\xe5\x9c\xa8\xe9\x81\x8a\xe6\x88\xb2\xe4\xb8\xad\xef\xbc\x8c\xe6\x97\x81\xe9\x82\x8a\xe9\xa1\xaf\xe7\xa4\xba\xe7\x9a\x84\xe6\x8c\x89\xe9\x8d\xb5\xe4\xbd\x9c\xe7\x94\xa8\xe7\x9b\xb8\xe5\x90\x8c\xe3\x80\x82"},
    {"Strength and the Look section shape the image; a row you changed gets a reset arrow.",
     "\xe5\xbc\xb7\xe5\xba\xa6\xe5\x92\x8c\xe5\xa4\x96\xe8\xa7\x80\xe5\x8d\x80\xe6\xae\xb5\xe6\xb1\xba\xe5\xae\x9a\xe7\x95\xab\xe9\x9d\xa2\xe6\x95\x88\xe6\x9e\x9c\xef\xbc\x9b\xe4\xbd\xa0\xe8\xae\x8a\xe6\x9b\xb4\xe9\x81\x8e\xe7\x9a\x84\xe5\x88\x97\xe6\x9c\x83\xe9\xa1\xaf\xe7\xa4\xba\xe9\x87\x8d\xe8\xa8\xad\xe7\xae\xad\xe9\xa0\xad\xe3\x80\x82"},
    {"DX11 game - NR waits for a D3D12 tool",
     "DX11 \xe9\x81\x8a\xe6\x88\xb2 - NR \xe6\xad\xa3\xe5\x9c\xa8\xe7\xad\x89\xe5\xbe\x85 D3D12 \xe5\xb7\xa5\xe5\x85\xb7"},
    {"This session serves only a third-party tool's Direct3D 12 DLSS (DX11Source=foreign, or another project's Direct3D 11 bridge add-on is loaded), and none has run. Nothing is wrong.",
     "\xe6\x9c\xac\xe6\xac\xa1\xe5\xb7\xa5\xe4\xbd\x9c\xe9\x9a\x8e\xe6\xae\xb5\xe5\x8f\xaa\xe6\x9c\x8d\xe5\x8b\x99\xe7\xac\xac\xe4\xb8\x89\xe6\x96\xb9\xe5\xb7\xa5\xe5\x85\xb7\xe7\x9a\x84 Direct3D 12 DLSS\xef\xbc\x88" "DX11Source=foreign\xef\xbc\x8c\xe6\x88\x96\xe5\xb7\xb2\xe8\xbc\x89\xe5\x85\xa5\xe5\x85\xb6\xe4\xbb\x96\xe5\xb0\x88\xe6\xa1\x88\xe7\x9a\x84 Direct3D 11 \xe6\xa9\x8b\xe6\x8e\xa5\xe9\x99\x84\xe5\x8a\xa0\xe5\x85\x83\xe4\xbb\xb6\xef\xbc\x89\xef\xbc\x8c\xe8\x80\x8c\xe5\xae\x83\xe5\xb0\x9a\xe6\x9c\xaa\xe5\x9f\xb7\xe8\xa1\x8c\xe3\x80\x82\xe4\xb8\x80\xe5\x88\x87\xe6\xad\xa3\xe5\xb8\xb8\xe3\x80\x82"},
    {"To serve the game's own DLSS, set DX11Source=native in [RenoDX.DLSS5] in ReShade.ini and restart the game.",
     "\xe8\x8b\xa5\xe8\xa6\x81\xe6\x9c\x8d\xe5\x8b\x99\xe9\x81\x8a\xe6\x88\xb2\xe6\x9c\xac\xe8\xba\xab\xe7\x9a\x84 DLSS\xef\xbc\x8c\xe8\xab\x8b\xe5\x9c\xa8 ReShade.ini \xe7\x9a\x84 [RenoDX.DLSS5] \xe4\xb8\xad\xe8\xa8\xad\xe5\xae\x9a DX11Source=native \xe4\xb8\xa6\xe9\x87\x8d\xe6\x96\xb0\xe5\x95\x9f\xe5\x8b\x95\xe9\x81\x8a\xe6\x88\xb2\xe3\x80\x82"},
    {"NR can't read this game's DLSS surfaces",
     "NR \xe7\x84\xa1\xe6\xb3\x95\xe8\xae\x80\xe5\x8f\x96\xe6\xad\xa4\xe9\x81\x8a\xe6\x88\xb2\xe7\x9a\x84 DLSS \xe8\xa1\xa8\xe9\x9d\xa2"},
    {"The game's DLSS output uses a format or multisampling that the Direct3D 11 bridge cannot share with Direct3D 12, so every frame keeps the game's own DLSS image.",
     "\xe9\x81\x8a\xe6\x88\xb2\xe7\x9a\x84 DLSS \xe8\xbc\xb8\xe5\x87\xba\xe4\xbd\xbf\xe7\x94\xa8\xe4\xba\x86 Direct3D 11 \xe6\xa9\x8b\xe6\x8e\xa5\xe7\x84\xa1\xe6\xb3\x95\xe8\x88\x87 Direct3D 12 \xe5\x85\xb1\xe7\x94\xa8\xe7\x9a\x84\xe6\xa0\xbc\xe5\xbc\x8f\xe6\x88\x96\xe5\xa4\x9a\xe9\x87\x8d\xe5\x8f\x96\xe6\xa8\xa3\xef\xbc\x8c\xe5\x9b\xa0\xe6\xad\xa4\xe6\xaf\x8f\xe4\xb8\x80\xe5\xb9\x80\xe9\x83\xbd\xe4\xbf\x9d\xe7\x95\x99\xe9\x81\x8a\xe6\x88\xb2\xe6\x9c\xac\xe8\xba\xab\xe7\x9a\x84 DLSS \xe5\xbd\xb1\xe5\x83\x8f\xe3\x80\x82"},
    {"Copy the support report under Diagnostics and share it with ReShade.log; it names the surface format.",
     "\xe5\x9c\xa8\xe8\xa8\xba\xe6\x96\xb7\xe4\xb8\xad\xe8\xa4\x87\xe8\xa3\xbd\xe6\x94\xaf\xe6\x8f\xb4\xe5\xa0\xb1\xe5\x91\x8a\xef\xbc\x8c\xe4\xb8\xa6\xe8\x88\x87 ReShade.log \xe4\xb8\x80\xe8\xb5\xb7\xe5\x88\x86\xe4\xba\xab\xef\xbc\x9b\xe5\xa0\xb1\xe5\x91\x8a\xe4\xb8\xad\xe6\x9c\x83\xe8\xa8\xbb\xe6\x98\x8e\xe8\xa1\xa8\xe9\x9d\xa2\xe6\xa0\xbc\xe5\xbc\x8f\xe3\x80\x82"},
    {"NR's Direct3D 11 bridge stopped",
     "NR \xe7\x9a\x84 Direct3D 11 \xe6\xa9\x8b\xe6\x8e\xa5\xe5\xb7\xb2\xe5\x81\x9c\xe6\xad\xa2"},
    {"The private Direct3D 12 device NR runs on beside this game stalled or was removed, so NR stepped aside and the game keeps its own DLSS image.",
     "NR \xe5\x9c\xa8\xe6\xad\xa4\xe9\x81\x8a\xe6\x88\xb2\xe6\x97\x81\xe5\x9f\xb7\xe8\xa1\x8c\xe6\x89\x80\xe7\x94\xa8\xe7\x9a\x84\xe5\xb0\x88\xe7\x94\xa8 Direct3D 12 \xe8\xa3\x9d\xe7\xbd\xae\xe5\x81\x9c\xe6\xbb\xaf\xe6\x88\x96\xe8\xa2\xab\xe7\xa7\xbb\xe9\x99\xa4\xef\xbc\x8c\xe5\x9b\xa0\xe6\xad\xa4 NR \xe5\xb7\xb2\xe9\x80\x80\xe8\xae\x93\xef\xbc\x8c\xe9\x81\x8a\xe6\x88\xb2\xe4\xbf\x9d\xe7\x95\x99\xe6\x9c\xac\xe8\xba\xab\xe7\x9a\x84 DLSS \xe5\xbd\xb1\xe5\x83\x8f\xe3\x80\x82"},
    {"Restart the game.",
     "\xe8\xab\x8b\xe9\x87\x8d\xe6\x96\xb0\xe5\x95\x9f\xe5\x8b\x95\xe9\x81\x8a\xe6\x88\xb2\xe3\x80\x82"},
    {"If it happens again, update the NVIDIA driver and share ReShade.log.",
     "\xe5\xa6\x82\xe6\x9e\x9c\xe5\x86\x8d\xe6\xac\xa1\xe7\x99\xbc\xe7\x94\x9f\xef\xbc\x8c\xe8\xab\x8b\xe6\x9b\xb4\xe6\x96\xb0 NVIDIA \xe9\xa9\x85\xe5\x8b\x95\xe7\xa8\x8b\xe5\xbc\x8f\xe4\xb8\xa6\xe5\x88\x86\xe4\xba\xab ReShade.log\xe3\x80\x82"},
    {"NR could not start the Direct3D 11 bridge",
     "NR \xe7\x84\xa1\xe6\xb3\x95\xe5\x95\x9f\xe5\x8b\x95 Direct3D 11 \xe6\xa9\x8b\xe6\x8e\xa5"},
    {"Neural Rendering runs on a private Direct3D 12 device beside this Direct3D 11 game, and that device did not start.",
     "Neural Rendering \xe5\x9c\xa8\xe6\xad\xa4 Direct3D 11 \xe9\x81\x8a\xe6\x88\xb2\xe6\x97\x81\xe7\x9a\x84\xe5\xb0\x88\xe7\x94\xa8 Direct3D 12 \xe8\xa3\x9d\xe7\xbd\xae\xe4\xb8\x8a\xe5\x9f\xb7\xe8\xa1\x8c\xef\xbc\x8c\xe8\x80\x8c\xe8\xa9\xb2\xe8\xa3\x9d\xe7\xbd\xae\xe6\x9c\xaa\xe8\x83\xbd\xe5\x95\x9f\xe5\x8b\x95\xe3\x80\x82"},
    {"Update the NVIDIA driver and restart the game.",
     "\xe8\xab\x8b\xe6\x9b\xb4\xe6\x96\xb0 NVIDIA \xe9\xa9\x85\xe5\x8b\x95\xe7\xa8\x8b\xe5\xbc\x8f\xe4\xb8\xa6\xe9\x87\x8d\xe6\x96\xb0\xe5\x95\x9f\xe5\x8b\x95\xe9\x81\x8a\xe6\x88\xb2\xe3\x80\x82"},
    {"ReShade.log names the failing step ('D3D11 bridge could not start').",
     "ReShade.log \xe6\x9c\x83\xe8\xa8\xbb\xe6\x98\x8e\xe5\xa4\xb1\xe6\x95\x97\xe7\x9a\x84\xe6\xad\xa5\xe9\xa9\x9f\xef\xbc\x88'D3D11 bridge could not start'\xef\xbc\x89\xe3\x80\x82"},
    {"NR is idle - DLSS has not started",
     "NR \xe9\x96\x92\xe7\xbd\xae - DLSS \xe5\xb0\x9a\xe6\x9c\xaa\xe5\x95\x9f\xe5\x8b\x95"},
    {"NVIDIA's DLSS is loaded, but the game has not started DLSS upscaling.",
     "NVIDIA \xe7\x9a\x84 DLSS \xe5\xb7\xb2\xe8\xbc\x89\xe5\x85\xa5\xef\xbc\x8c\xe4\xbd\x86\xe9\x81\x8a\xe6\x88\xb2\xe5\xb0\x9a\xe6\x9c\xaa\xe5\x95\x9f\xe5\x8b\x95 DLSS \xe6\x94\xbe\xe5\xa4\xa7\xe3\x80\x82"},
    {"Turn on DLSS or DLAA in the game's graphics settings.",
     "\xe8\xab\x8b\xe5\x9c\xa8\xe9\x81\x8a\xe6\x88\xb2\xe7\x9a\x84\xe5\x9c\x96\xe5\xbd\xa2\xe8\xa8\xad\xe5\xae\x9a\xe4\xb8\xad\xe9\x96\x8b\xe5\x95\x9f DLSS \xe6\x88\x96 DLAA\xe3\x80\x82"},
    {"If DLSS is already on, set EnableHooks=1 in [RenoDX.DLSS5] in ReShade.ini and restart the game.",
     "\xe5\xa6\x82\xe6\x9e\x9c DLSS \xe5\xb7\xb2\xe9\x96\x8b\xe5\x95\x9f\xef\xbc\x8c\xe8\xab\x8b\xe5\x9c\xa8 ReShade.ini \xe7\x9a\x84 [RenoDX.DLSS5] \xe4\xb8\xad\xe8\xa8\xad\xe5\xae\x9a EnableHooks=1 \xe4\xb8\xa6\xe9\x87\x8d\xe6\x96\xb0\xe5\x95\x9f\xe5\x8b\x95\xe9\x81\x8a\xe6\x88\xb2\xe3\x80\x82"},
    {"NR is idle - DLSS is set up but not running",
     "NR \xe9\x96\x92\xe7\xbd\xae - DLSS \xe5\xb7\xb2\xe5\xbb\xba\xe7\xab\x8b\xe4\xbd\x86\xe6\x9c\xaa\xe5\x9f\xb7\xe8\xa1\x8c"},
    {"The game created its DLSS upscaler but has not run it yet.",
     "\xe9\x81\x8a\xe6\x88\xb2\xe5\xb7\xb2\xe5\xbb\xba\xe7\xab\x8b DLSS \xe6\x94\xbe\xe5\xa4\xa7\xe5\x99\xa8\xef\xbc\x8c\xe4\xbd\x86\xe5\xb0\x9a\xe6\x9c\xaa\xe5\x9f\xb7\xe8\xa1\x8c\xe3\x80\x82"},
    {"Load into gameplay with DLSS on; this card turns green when NR runs.",
     "\xe8\xab\x8b\xe5\x9c\xa8\xe9\x96\x8b\xe5\x95\x9f DLSS \xe7\x9a\x84\xe6\x83\x85\xe6\xb3\x81\xe4\xb8\x8b\xe9\x80\xb2\xe5\x85\xa5\xe9\x81\x8a\xe6\x88\xb2\xef\xbc\x9bNR \xe5\x9f\xb7\xe8\xa1\x8c\xe5\xbe\x8c\xe6\xad\xa4\xe7\x8b\x80\xe6\x85\x8b\xe5\x8d\xa1\xe6\x9c\x83\xe8\xae\x8a\xe7\x82\xba\xe7\xb6\xa0\xe8\x89\xb2\xe3\x80\x82"},
    {"NR can't reach this game's DLSS",
     "NR \xe7\x84\xa1\xe6\xb3\x95\xe6\x8e\xa5\xe5\x85\xa5\xe6\xad\xa4\xe9\x81\x8a\xe6\x88\xb2\xe7\x9a\x84 DLSS"},
    {"DLSS is running, but every call so far belonged to another DLSS feature or came through a path the addon cannot see.",
     "DLSS \xe6\xad\xa3\xe5\x9c\xa8\xe5\x9f\xb7\xe8\xa1\x8c\xef\xbc\x8c\xe4\xbd\x86\xe5\x88\xb0\xe7\x9b\xae\xe5\x89\x8d\xe7\x82\xba\xe6\xad\xa2\xe7\x9a\x84\xe6\x89\x80\xe6\x9c\x89\xe5\x91\xbc\xe5\x8f\xab\xe9\x83\xbd\xe5\xb1\xac\xe6\x96\xbc\xe5\x85\xb6\xe4\xbb\x96 DLSS \xe5\x8a\x9f\xe8\x83\xbd\xef\xbc\x8c\xe6\x88\x96\xe7\xb6\x93\xe7\x94\xb1\xe9\x99\x84\xe5\x8a\xa0\xe5\x85\x83\xe4\xbb\xb6\xe7\x84\xa1\xe6\xb3\x95\xe7\x9c\x8b\xe5\x88\xb0\xe7\x9a\x84\xe8\xb7\xaf\xe5\xbe\x91\xe3\x80\x82"},
    {"If the game uses NVIDIA Streamline, set EnableHooks=1 in [RenoDX.DLSS5] in ReShade.ini and restart the game.",
     "\xe5\xa6\x82\xe6\x9e\x9c\xe9\x81\x8a\xe6\x88\xb2\xe4\xbd\xbf\xe7\x94\xa8 NVIDIA Streamline\xef\xbc\x8c\xe8\xab\x8b\xe5\x9c\xa8 ReShade.ini \xe7\x9a\x84 [RenoDX.DLSS5] \xe4\xb8\xad\xe8\xa8\xad\xe5\xae\x9a EnableHooks=1 \xe4\xb8\xa6\xe9\x87\x8d\xe6\x96\xb0\xe5\x95\x9f\xe5\x8b\x95\xe9\x81\x8a\xe6\x88\xb2\xe3\x80\x82"},
    {"NR could not attach safely",
     "NR \xe7\x84\xa1\xe6\xb3\x95\xe5\xae\x89\xe5\x85\xa8\xe6\x8e\x9b\xe6\x8e\xa5"},
    {"The addon could not find the Direct3D 12 functions it needs to keep the game's state intact, so NR stays off rather than risk the image.",
     "\xe9\x99\x84\xe5\x8a\xa0\xe5\x85\x83\xe4\xbb\xb6\xe6\x89\xbe\xe4\xb8\x8d\xe5\x88\xb0\xe7\xb6\xad\xe6\x8c\x81\xe9\x81\x8a\xe6\x88\xb2\xe7\x8b\x80\xe6\x85\x8b\xe5\xae\x8c\xe6\x95\xb4\xe6\x89\x80\xe9\x9c\x80\xe7\x9a\x84 Direct3D 12 \xe5\x87\xbd\xe5\xbc\x8f\xef\xbc\x8c\xe5\x9b\xa0\xe6\xad\xa4 NR \xe4\xbf\x9d\xe6\x8c\x81\xe9\x97\x9c\xe9\x96\x89\xef\xbc\x8c\xe4\xbb\xa5\xe5\x85\x8d\xe5\x8d\xb1\xe5\x8f\x8a\xe7\x95\xab\xe9\x9d\xa2\xe3\x80\x82"},
    {"Copy the support report under Diagnostics and share it with ReShade.log.",
     "\xe5\x9c\xa8\xe8\xa8\xba\xe6\x96\xb7\xe4\xb8\xad\xe8\xa4\x87\xe8\xa3\xbd\xe6\x94\xaf\xe6\x8f\xb4\xe5\xa0\xb1\xe5\x91\x8a\xef\xbc\x8c\xe4\xb8\xa6\xe8\x88\x87 ReShade.log \xe4\xb8\x80\xe8\xb5\xb7\xe5\x88\x86\xe4\xba\xab\xe3\x80\x82"},
    {"NR runtime did not start",
     "NR \xe5\x9f\xb7\xe8\xa1\x8c\xe9\x9a\x8e\xe6\xae\xb5\xe6\x9c\xaa\xe5\x95\x9f\xe5\x8b\x95"},
    {"DLSS is running, but NVIDIA's Neural Rendering runtime did not start on this system.",
     "DLSS \xe6\xad\xa3\xe5\x9c\xa8\xe5\x9f\xb7\xe8\xa1\x8c\xef\xbc\x8c\xe4\xbd\x86 NVIDIA \xe7\x9a\x84 Neural Rendering \xe5\x9f\xb7\xe8\xa1\x8c\xe9\x9a\x8e\xe6\xae\xb5\xe6\x9c\xaa\xe8\x83\xbd\xe5\x9c\xa8\xe6\xad\xa4\xe7\xb3\xbb\xe7\xb5\xb1\xe4\xb8\x8a\xe5\x95\x9f\xe5\x8b\x95\xe3\x80\x82"},
    {"Diagnostics shows the runtime's last result; ReShade.log names the failing step.",
     "\xe8\xa8\xba\xe6\x96\xb7\xe4\xb8\xad\xe9\xa1\xaf\xe7\xa4\xba\xe5\x9f\xb7\xe8\xa1\x8c\xe9\x9a\x8e\xe6\xae\xb5\xe7\x9a\x84\xe6\x9c\x80\xe5\xbe\x8c\xe7\xb5\x90\xe6\x9e\x9c\xef\xbc\x9bReShade.log \xe6\x9c\x83\xe8\xa8\xbb\xe6\x98\x8e\xe5\xa4\xb1\xe6\x95\x97\xe7\x9a\x84\xe6\xad\xa5\xe9\xa9\x9f\xe3\x80\x82"},
    {"NR is on but holding back",
     "NR \xe5\xb7\xb2\xe9\x96\x8b\xe5\x95\x9f\xe4\xbd\x86\xe6\x9a\xab\xe7\xb7\xa9\xe5\x9f\xb7\xe8\xa1\x8c"},
    {"The game's GPU state could not be restored safely around NR, so every frame was skipped rather than risk the image. This usually clears by itself.",
     "\xe7\x84\xa1\xe6\xb3\x95\xe5\x9c\xa8 NR \xe5\x89\x8d\xe5\xbe\x8c\xe5\xae\x89\xe5\x85\xa8\xe9\x82\x84\xe5\x8e\x9f\xe9\x81\x8a\xe6\x88\xb2\xe7\x9a\x84 GPU \xe7\x8b\x80\xe6\x85\x8b\xef\xbc\x8c\xe5\x9b\xa0\xe6\xad\xa4\xe7\x82\xba\xe5\x85\x8d\xe5\x8d\xb1\xe5\x8f\x8a\xe7\x95\xab\xe9\x9d\xa2\xef\xbc\x8c\xe8\xb7\xb3\xe9\x81\x8e\xe4\xba\x86\xe6\x89\x80\xe6\x9c\x89\xe5\xb9\x80\xe3\x80\x82\xe9\x80\x99\xe9\x80\x9a\xe5\xb8\xb8\xe6\x9c\x83\xe8\x87\xaa\xe8\xa1\x8c\xe6\x81\xa2\xe5\xbe\xa9\xe3\x80\x82"},
    {"If it never clears, copy the support report under Diagnostics and share it with ReShade.log.",
     "\xe5\xa6\x82\xe6\x9e\x9c\xe4\xb8\x80\xe7\x9b\xb4\xe6\x9c\xaa\xe6\x81\xa2\xe5\xbe\xa9\xef\xbc\x8c\xe8\xab\x8b\xe5\x9c\xa8\xe8\xa8\xba\xe6\x96\xb7\xe4\xb8\xad\xe8\xa4\x87\xe8\xa3\xbd\xe6\x94\xaf\xe6\x8f\xb4\xe5\xa0\xb1\xe5\x91\x8a\xef\xbc\x8c\xe4\xb8\xa6\xe8\x88\x87 ReShade.log \xe4\xb8\x80\xe8\xb5\xb7\xe5\x88\x86\xe4\xba\xab\xe3\x80\x82"},
    {"NR is on but has not run yet",
     "NR \xe5\xb7\xb2\xe9\x96\x8b\xe5\x95\x9f\xe4\xbd\x86\xe5\xb0\x9a\xe6\x9c\xaa\xe5\x9f\xb7\xe8\xa1\x8c"},
    {"DLSS is running and NR is on, but NR has not run on a frame yet.",
     "DLSS \xe6\xad\xa3\xe5\x9c\xa8\xe5\x9f\xb7\xe8\xa1\x8c\xe4\xb8\x94 NR \xe5\xb7\xb2\xe9\x96\x8b\xe5\x95\x9f\xef\xbc\x8c\xe4\xbd\x86 NR \xe5\xb0\x9a\xe6\x9c\xaa\xe5\x9c\xa8\xe4\xbb\xbb\xe4\xbd\x95\xe5\xb9\x80\xe4\xb8\x8a\xe5\x9f\xb7\xe8\xa1\x8c\xe3\x80\x82"},
    {"Copy the support report under Diagnostics; ReShade.log's NR-VERDICT line names the stage and the reason.",
     "\xe5\x9c\xa8\xe8\xa8\xba\xe6\x96\xb7\xe4\xb8\xad\xe8\xa4\x87\xe8\xa3\xbd\xe6\x94\xaf\xe6\x8f\xb4\xe5\xa0\xb1\xe5\x91\x8a\xef\xbc\x9bReShade.log \xe7\x9a\x84 NR-VERDICT \xe8\xa1\x8c\xe6\x9c\x83\xe8\xa8\xbb\xe6\x98\x8e\xe9\x9a\x8e\xe6\xae\xb5\xe5\x92\x8c\xe5\x8e\x9f\xe5\x9b\xa0\xe3\x80\x82"},
    {"Running through a third-party tool's Direct3D 12 DLSS.",
     "\xe9\x80\x8f\xe9\x81\x8e\xe7\xac\xac\xe4\xb8\x89\xe6\x96\xb9\xe5\xb7\xa5\xe5\x85\xb7\xe7\x9a\x84 Direct3D 12 DLSS \xe5\x9f\xb7\xe8\xa1\x8c\xe3\x80\x82"},
    {"Running through the Direct3D 11 bridge.",
     "\xe9\x80\x8f\xe9\x81\x8e Direct3D 11 \xe6\xa9\x8b\xe6\x8e\xa5\xe5\x9f\xb7\xe8\xa1\x8c\xe3\x80\x82"},
    {"Disabled by setting",
     "\xe5\xb7\xb2\xe9\x80\x8f\xe9\x81\x8e\xe8\xa8\xad\xe5\xae\x9a\xe5\x81\x9c\xe7\x94\xa8"},
    {"EnableHooks=0 in [RenoDX.DLSS5] (ReShade.ini) turns every hook off. Set EnableHooks=2 to use Neural Rendering.",
     "[RenoDX.DLSS5]\xef\xbc\x88ReShade.ini\xef\xbc\x89\xe4\xb8\xad\xe7\x9a\x84 EnableHooks=0 \xe6\x9c\x83\xe9\x97\x9c\xe9\x96\x89\xe6\x89\x80\xe6\x9c\x89\xe6\x8e\x9b\xe9\x89\xa4\xe3\x80\x82\xe8\xa8\xad\xe5\xae\x9a EnableHooks=2 \xe5\x8d\xb3\xe5\x8f\xaf\xe4\xbd\xbf\xe7\x94\xa8 Neural Rendering\xe3\x80\x82"},
    {"DX11Source=off in [RenoDX.DLSS5] (ReShade.ini) keeps the addon inert in Direct3D 11 games. Remove the key to let Neural Rendering follow the game's DLSS again.",
     "[RenoDX.DLSS5]\xef\xbc\x88ReShade.ini\xef\xbc\x89\xe4\xb8\xad\xe7\x9a\x84 DX11Source=off \xe6\x9c\x83\xe8\xae\x93\xe9\x99\x84\xe5\x8a\xa0\xe5\x85\x83\xe4\xbb\xb6\xe5\x9c\xa8 Direct3D 11 \xe9\x81\x8a\xe6\x88\xb2\xe4\xb8\xad\xe4\xbf\x9d\xe6\x8c\x81\xe4\xb8\x8d\xe4\xbd\x9c\xe7\x94\xa8\xe3\x80\x82\xe5\x88\xaa\xe9\x99\xa4\xe8\xa9\xb2\xe9\x8d\xb5\xe5\x8d\xb3\xe5\x8f\xaf\xe8\xae\x93 Neural Rendering \xe9\x87\x8d\xe6\x96\xb0\xe8\xb7\x9f\xe9\x9a\xa8\xe9\x81\x8a\xe6\x88\xb2\xe7\x9a\x84 DLSS\xe3\x80\x82"},
    {"Another Neural Rendering mod is running",
     "\xe5\x8f\xa6\xe4\xb8\x80\xe5\x80\x8b Neural Rendering \xe6\xa8\xa1\xe7\xb5\x84\xe6\xad\xa3\xe5\x9c\xa8\xe5\x9f\xb7\xe8\xa1\x8c"},
    {"Something else in this game already runs Neural Rendering, so this addon stands down instead of enhancing every frame twice.",
     "\xe6\xad\xa4\xe9\x81\x8a\xe6\x88\xb2\xe4\xb8\xad\xe5\xb7\xb2\xe6\x9c\x89\xe5\x85\xb6\xe4\xbb\x96\xe7\xa8\x8b\xe5\xbc\x8f\xe5\x9c\xa8\xe5\x9f\xb7\xe8\xa1\x8c Neural Rendering\xef\xbc\x8c\xe5\x9b\xa0\xe6\xad\xa4\xe6\x9c\xac\xe9\x99\x84\xe5\x8a\xa0\xe5\x85\x83\xe4\xbb\xb6\xe4\xb8\xbb\xe5\x8b\x95\xe9\x80\x80\xe8\xae\x93\xef\xbc\x8c\xe4\xbb\xa5\xe5\x85\x8d\xe6\xaf\x8f\xe5\xb9\x80\xe8\xa2\xab\xe5\xa2\x9e\xe5\xbc\xb7\xe5\x85\xa9\xe6\xac\xa1\xe3\x80\x82"},
    {"To use this addon instead, remove the other mod and restart the game.",
     "\xe8\x8b\xa5\xe8\xa6\x81\xe6\x94\xb9\xe7\x94\xa8\xe6\x9c\xac\xe9\x99\x84\xe5\x8a\xa0\xe5\x85\x83\xe4\xbb\xb6\xef\xbc\x8c\xe8\xab\x8b\xe7\xa7\xbb\xe9\x99\xa4\xe5\x8f\xa6\xe4\xb8\x80\xe5\x80\x8b\xe6\xa8\xa1\xe7\xb5\x84\xe4\xb8\xa6\xe9\x87\x8d\xe6\x96\xb0\xe5\x95\x9f\xe5\x8b\x95\xe9\x81\x8a\xe6\x88\xb2\xe3\x80\x82"},
    {"To run both anyway, set ForeignNr=observe in [RenoDX.DLSS5] (ReShade.ini) and restart.",
     "\xe8\x8b\xa5\xe4\xbb\x8d\xe8\xa6\x81\xe5\x90\x8c\xe6\x99\x82\xe5\x9f\xb7\xe8\xa1\x8c\xe5\x85\xa9\xe8\x80\x85\xef\xbc\x8c\xe8\xab\x8b\xe5\x9c\xa8 [RenoDX.DLSS5]\xef\xbc\x88ReShade.ini\xef\xbc\x89\xe4\xb8\xad\xe8\xa8\xad\xe5\xae\x9a ForeignNr=observe \xe4\xb8\xa6\xe9\x87\x8d\xe6\x96\xb0\xe5\x95\x9f\xe5\x8b\x95\xe3\x80\x82"},
    {"Neural Rendering is off",
     "Neural Rendering \xe5\xb7\xb2\xe9\x97\x9c\xe9\x96\x89"},
    {"Turned off in settings or by the toggle hotkey.",
     "\xe5\xb7\xb2\xe5\x9c\xa8\xe8\xa8\xad\xe5\xae\x9a\xe4\xb8\xad\xe6\x88\x96\xe9\x80\x8f\xe9\x81\x8e\xe5\x88\x87\xe6\x8f\x9b\xe5\xbf\xab\xe9\x80\x9f\xe9\x8d\xb5\xe9\x97\x9c\xe9\x96\x89\xe3\x80\x82"},
    {"NR runtime not installed",
     "\xe6\x9c\xaa\xe5\xae\x89\xe8\xa3\x9d NR \xe5\x9f\xb7\xe8\xa1\x8c\xe9\x9a\x8e\xe6\xae\xb5"},
    {"NVIDIA's signed nvngx_dlssnr.dll is not next to the addon or the game's executable.",
     "\xe9\x99\x84\xe5\x8a\xa0\xe5\x85\x83\xe4\xbb\xb6\xe6\x88\x96\xe9\x81\x8a\xe6\x88\xb2\xe5\x9f\xb7\xe8\xa1\x8c\xe6\xaa\x94\xe6\x97\x81\xe6\xb2\x92\xe6\x9c\x89 NVIDIA \xe7\xb0\xbd\xe7\xbd\xb2\xe7\x9a\x84 nvngx_dlssnr.dll\xe3\x80\x82"},
    {"Place nvngx_dlssnr.dll in the game's folder, next to the addon.",
     "\xe8\xab\x8b\xe5\xb0\x87 nvngx_dlssnr.dll \xe6\x94\xbe\xe5\x85\xa5\xe9\x81\x8a\xe6\x88\xb2\xe8\xb3\x87\xe6\x96\x99\xe5\xa4\xbe\xef\xbc\x8c\xe8\x88\x87\xe9\x99\x84\xe5\x8a\xa0\xe5\x85\x83\xe4\xbb\xb6\xe6\x94\xbe\xe5\x9c\xa8\xe4\xb8\x80\xe8\xb5\xb7\xe3\x80\x82"},
    {"NR runtime could not be used",
     "NR \xe5\x9f\xb7\xe8\xa1\x8c\xe9\x9a\x8e\xe6\xae\xb5\xe7\x84\xa1\xe6\xb3\x95\xe4\xbd\xbf\xe7\x94\xa8"},
    {"nvngx_dlssnr.dll was found but could not be loaded.",
     "\xe5\xb7\xb2\xe6\x89\xbe\xe5\x88\xb0 nvngx_dlssnr.dll\xef\xbc\x8c\xe4\xbd\x86\xe7\x84\xa1\xe6\xb3\x95\xe8\xbc\x89\xe5\x85\xa5\xe3\x80\x82"},
    {"Replace it with an official NVIDIA build of nvngx_dlssnr.dll.",
     "\xe8\xab\x8b\xe4\xbb\xa5 NVIDIA \xe5\xae\x98\xe6\x96\xb9\xe7\x89\x88\xe6\x9c\xac\xe7\x9a\x84 nvngx_dlssnr.dll \xe6\x9b\xbf\xe6\x8f\x9b\xe3\x80\x82"},
    {"Update the NVIDIA driver, then restart the game.",
     "\xe8\xab\x8b\xe6\x9b\xb4\xe6\x96\xb0 NVIDIA \xe9\xa9\x85\xe5\x8b\x95\xe7\xa8\x8b\xe5\xbc\x8f\xef\xbc\x8c\xe7\x84\xb6\xe5\xbe\x8c\xe9\x87\x8d\xe6\x96\xb0\xe5\x95\x9f\xe5\x8b\x95\xe9\x81\x8a\xe6\x88\xb2\xe3\x80\x82"},
    {"ReShade.log names the failing step.",
     "ReShade.log \xe6\x9c\x83\xe8\xa8\xbb\xe6\x98\x8e\xe5\xa4\xb1\xe6\x95\x97\xe7\x9a\x84\xe6\xad\xa5\xe9\xa9\x9f\xe3\x80\x82"},
    {"NR is waiting for DLSS",
     "NR \xe6\xad\xa3\xe5\x9c\xa8\xe7\xad\x89\xe5\xbe\x85 DLSS"},
    {"It resumes by itself when the game runs DLSS again - normal after a resolution or quality change.",
     "\xe9\x81\x8a\xe6\x88\xb2\xe5\x86\x8d\xe6\xac\xa1\xe5\x9f\xb7\xe8\xa1\x8c DLSS \xe6\x99\x82\xe6\x9c\x83\xe8\x87\xaa\xe5\x8b\x95\xe6\x81\xa2\xe5\xbe\xa9\xe2\x80\x94\xe2\x80\x94\xe8\xae\x8a\xe6\x9b\xb4\xe8\xa7\xa3\xe6\x9e\x90\xe5\xba\xa6\xe6\x88\x96\xe7\x95\xab\xe8\xb3\xaa\xe5\xbe\x8c\xe5\xb1\xac\xe6\xad\xa3\xe5\xb8\xb8\xe7\x8f\xbe\xe8\xb1\xa1\xe3\x80\x82"},
    {"Neural Rendering is active",
     "Neural Rendering \xe5\xb7\xb2\xe5\x95\x9f\xe7\x94\xa8"},
    {"Enhancing the game's DLSS input before upscaling",
     "\xe6\xad\xa3\xe5\x9c\xa8\xe6\x94\xbe\xe5\xa4\xa7\xe5\x89\x8d\xe5\xa2\x9e\xe5\xbc\xb7\xe9\x81\x8a\xe6\x88\xb2\xe7\x9a\x84 DLSS \xe8\xbc\xb8\xe5\x85\xa5"},
    {"Replacing the game's DLSS output",
     "\xe6\xad\xa3\xe5\x9c\xa8\xe5\x8f\x96\xe4\xbb\xa3\xe9\x81\x8a\xe6\x88\xb2\xe7\x9a\x84 DLSS \xe8\xbc\xb8\xe5\x87\xba"},
    {"Neural Rendering is partly active",
     "Neural Rendering \xe9\x83\xa8\xe5\x88\x86\xe5\x95\x9f\xe7\x94\xa8"},
    {"Open Diagnostics: 'Skipped because' names why the other frames were skipped.",
     "\xe9\x96\x8b\xe5\x95\x9f\xe8\xa8\xba\xe6\x96\xb7\xef\xbc\x9a'\xe7\x95\xa5\xe9\x81\x8e\xe5\x8e\x9f\xe5\x9b\xa0' \xe6\x9c\x83\xe8\xaa\xaa\xe6\x98\x8e\xe5\x85\xb6\xe4\xbb\x96\xe5\xb9\x80\xe8\xa2\xab\xe8\xb7\xb3\xe9\x81\x8e\xe7\x9a\x84\xe5\x8e\x9f\xe5\x9b\xa0\xe3\x80\x82"},
    {"DLSS on an API NR does not serve",
     "DLSS \xe4\xbd\xbf\xe7\x94\xa8\xe4\xba\x86 NR \xe4\xb8\x8d\xe6\x94\xaf\xe6\x8f\xb4\xe7\x9a\x84 API"},
    {"This game runs DLSS without presenting through Direct3D 12 or Direct3D 11, the two APIs Neural Rendering serves. The addon is loaded and safe; nothing is wrong.",
     "\xe6\xad\xa4\xe9\x81\x8a\xe6\x88\xb2\xe5\x9f\xb7\xe8\xa1\x8c DLSS \xe6\x99\x82\xe6\x97\xa2\xe4\xb8\x8d\xe9\x80\x8f\xe9\x81\x8e Direct3D 12 \xe4\xb9\x9f\xe4\xb8\x8d\xe9\x80\x8f\xe9\x81\x8e Direct3D 11 \xe5\x91\x88\xe7\x8f\xbe\xef\xbc\x8c\xe8\x80\x8c\xe9\x80\x99\xe6\x98\xaf Neural Rendering \xe6\x94\xaf\xe6\x8f\xb4\xe7\x9a\x84\xe5\x85\xa9\xe7\xa8\xae API\xe3\x80\x82\xe9\x99\x84\xe5\x8a\xa0\xe5\x85\x83\xe4\xbb\xb6\xe5\xb7\xb2\xe8\xbc\x89\xe5\x85\xa5\xe4\xb8\x94\xe5\xae\x89\xe5\x85\xa8\xef\xbc\x9b\xe4\xb8\x80\xe5\x88\x87\xe6\xad\xa3\xe5\xb8\xb8\xe3\x80\x82"},
    {"NR is idle - only Frame Generation is on",
     "NR \xe9\x96\x92\xe7\xbd\xae - \xe5\x83\x85\xe9\x96\x8b\xe5\x95\x9f\xe4\xba\x86 Frame Generation"},
    {"Frame Generation is a different DLSS feature. Neural Rendering improves DLSS upscaling.",
     "Frame Generation \xe6\x98\xaf\xe5\x8f\xa6\xe4\xb8\x80\xe9\xa0\x85 DLSS \xe5\x8a\x9f\xe8\x83\xbd\xe3\x80\x82Neural Rendering \xe5\xa2\x9e\xe5\xbc\xb7\xe7\x9a\x84\xe6\x98\xaf DLSS \xe6\x94\xbe\xe5\xa4\xa7\xe3\x80\x82"},
    {"Turn on DLSS or DLAA upscaling in the game's graphics settings, not only Frame Generation.",
     "\xe8\xab\x8b\xe5\x9c\xa8\xe9\x81\x8a\xe6\x88\xb2\xe7\x9a\x84\xe5\x9c\x96\xe5\xbd\xa2\xe8\xa8\xad\xe5\xae\x9a\xe4\xb8\xad\xe9\x96\x8b\xe5\x95\x9f DLSS \xe6\x88\x96 DLAA \xe6\x94\xbe\xe5\xa4\xa7\xef\xbc\x8c\xe8\x80\x8c\xe4\xb8\x8d\xe5\x8f\xaa\xe6\x98\xaf Frame Generation\xe3\x80\x82"},
    {"This card turns green when it works.",
     "\xe6\xad\xa3\xe5\xb8\xb8\xe9\x81\x8b\xe4\xbd\x9c\xe6\x99\x82\xe6\xad\xa4\xe7\x8b\x80\xe6\x85\x8b\xe5\x8d\xa1\xe6\x9c\x83\xe8\xae\x8a\xe7\x82\xba\xe7\xb6\xa0\xe8\x89\xb2\xe3\x80\x82"},
    {"NR is idle - DLSS upscaling is off",
     "NR \xe9\x96\x92\xe7\xbd\xae - DLSS \xe6\x94\xbe\xe5\xa4\xa7\xe5\xb7\xb2\xe9\x97\x9c\xe9\x96\x89"},
    {"Neural Rendering improves DLSS, so it needs DLSS on.",
     "Neural Rendering \xe5\xa2\x9e\xe5\xbc\xb7\xe7\x9a\x84\xe6\x98\xaf DLSS\xef\xbc\x8c\xe5\x9b\xa0\xe6\xad\xa4\xe9\x9c\x80\xe8\xa6\x81\xe9\x96\x8b\xe5\x95\x9f DLSS\xe3\x80\x82"},
    {"Open the game's graphics settings.",
     "\xe9\x96\x8b\xe5\x95\x9f\xe9\x81\x8a\xe6\x88\xb2\xe7\x9a\x84\xe5\x9c\x96\xe5\xbd\xa2\xe8\xa8\xad\xe5\xae\x9a\xe3\x80\x82"},
    {"Set DLSS or DLAA to any quality mode.",
     "\xe5\xb0\x87 DLSS \xe6\x88\x96 DLAA \xe8\xa8\xad\xe7\x82\xba\xe4\xbb\xbb\xe4\xb8\x80\xe7\x95\xab\xe8\xb3\xaa\xe6\xa8\xa1\xe5\xbc\x8f\xe3\x80\x82"},
    {"NR needs the Streamline setting",
     "NR \xe9\x9c\x80\xe8\xa6\x81 Streamline \xe8\xa8\xad\xe5\xae\x9a"},
    {"This game hands DLSS its inputs through NVIDIA Streamline, which the default hook mode cannot read.",
     "\xe6\xad\xa4\xe9\x81\x8a\xe6\x88\xb2\xe9\x80\x8f\xe9\x81\x8e NVIDIA Streamline \xe5\x90\x91 DLSS \xe5\x82\xb3\xe9\x81\x9e\xe8\xbc\xb8\xe5\x85\xa5\xef\xbc\x8c\xe9\xa0\x90\xe8\xa8\xad\xe6\x8e\x9b\xe9\x89\xa4\xe6\xa8\xa1\xe5\xbc\x8f\xe7\x84\xa1\xe6\xb3\x95\xe8\xae\x80\xe5\x8f\x96\xe3\x80\x82"},
    {"This game runs DLSS entirely through NVIDIA Streamline, which the default hook mode cannot see.",
     "\xe6\xad\xa4\xe9\x81\x8a\xe6\x88\xb2\xe5\xae\x8c\xe5\x85\xa8\xe9\x80\x8f\xe9\x81\x8e NVIDIA Streamline \xe5\x9f\xb7\xe8\xa1\x8c DLSS\xef\xbc\x8c\xe9\xa0\x90\xe8\xa8\xad\xe6\x8e\x9b\xe9\x89\xa4\xe6\xa8\xa1\xe5\xbc\x8f\xe7\x84\xa1\xe6\xb3\x95\xe7\x9c\x8b\xe5\x88\xb0\xe3\x80\x82"},
    {"Set EnableHooks=1 in the [RenoDX.DLSS5] section of ReShade.ini.",
     "\xe8\xab\x8b\xe5\x9c\xa8 ReShade.ini \xe7\x9a\x84 [RenoDX.DLSS5] \xe5\x8d\x80\xe6\xae\xb5\xe4\xb8\xad\xe8\xa8\xad\xe5\xae\x9a EnableHooks=1\xe3\x80\x82"},
    {"Starting...",
     "\xe6\xad\xa3\xe5\x9c\xa8\xe5\x95\x9f\xe5\x8b\x95..."},
    {"Waiting for the game to run DLSS.",
     "\xe6\xad\xa3\xe5\x9c\xa8\xe7\xad\x89\xe5\xbe\x85\xe9\x81\x8a\xe6\x88\xb2\xe5\x9f\xb7\xe8\xa1\x8c DLSS\xe3\x80\x82"},
    {"DLSS is running; Neural Rendering is getting ready.",
     "DLSS \xe6\xad\xa3\xe5\x9c\xa8\xe5\x9f\xb7\xe8\xa1\x8c\xef\xbc\x9bNeural Rendering \xe6\xad\xa3\xe5\x9c\xa8\xe6\xba\x96\xe5\x82\x99\xe3\x80\x82"},
    {"This game isn't using DLSS",
     "\xe6\xad\xa4\xe9\x81\x8a\xe6\x88\xb2\xe6\x9c\xaa\xe4\xbd\xbf\xe7\x94\xa8 DLSS"},
    {"No NVIDIA DLSS module has loaded, so Neural Rendering stays idle. Nothing is broken.",
     "\xe6\x9c\xaa\xe8\xbc\x89\xe5\x85\xa5\xe4\xbb\xbb\xe4\xbd\x95 NVIDIA DLSS \xe6\xa8\xa1\xe7\xb5\x84\xef\xbc\x8c\xe5\x9b\xa0\xe6\xad\xa4 Neural Rendering \xe4\xbf\x9d\xe6\x8c\x81\xe9\x96\x92\xe7\xbd\xae\xe3\x80\x82\xe4\xb8\x80\xe5\x88\x87\xe6\xad\xa3\xe5\xb8\xb8\xe3\x80\x82"},
    {"%s%s%llu frames enhanced this session",
     "%s%s\xe6\x9c\xac\xe6\xac\xa1\xe5\xb7\xa5\xe4\xbd\x9c\xe9\x9a\x8e\xe6\xae\xb5\xe5\xb7\xb2\xe5\xa2\x9e\xe5\xbc\xb7 %llu \xe5\xb9\x80"},
    {"%s%sEnhancing %llu of %llu frames",
     "%s%s\xe6\xad\xa3\xe5\x9c\xa8\xe5\xa2\x9e\xe5\xbc\xb7 %llu / %llu \xe5\xb9\x80"},
    {"Turn on",
     "\xe9\x96\x8b\xe5\x95\x9f"},
    {"Open Diagnostics",
     "\xe9\x96\x8b\xe5\x95\x9f\xe8\xa8\xba\xe6\x96\xb7"},
    {"Got it",
     "\xe7\x9f\xa5\xe9\x81\x93\xe4\xba\x86"},
    {"Reset to default (%s)",
     "\xe9\x87\x8d\xe8\xa8\xad\xe7\x82\xba\xe9\xa0\x90\xe8\xa8\xad\xe5\x80\xbc (%s)"},
    {"Custom",
     "\xe8\x87\xaa\xe8\xa8\x82"},
    {"on",
     "\xe9\x96\x8b"},
    {"off",
     "\xe9\x97\x9c"},
    {"Default",
     "\xe9\xa0\x90\xe8\xa8\xad"},
    {"Natural",
     "\xe8\x87\xaa\xe7\x84\xb6"},
    {"Cinematic",
     "\xe9\x9b\xbb\xe5\xbd\xb1\xe6\x84\x9f"},
    {"Style",
     "\xe9\xa2\xa8\xe6\xa0\xbc"},
    {"Default = the runtime's own choice; Natural and Cinematic force that look explicitly.",
     "\xe9\xa0\x90\xe8\xa8\xad = \xe7\x94\xb1\xe5\x9f\xb7\xe8\xa1\x8c\xe9\x9a\x8e\xe6\xae\xb5\xe8\x87\xaa\xe8\xa1\x8c\xe9\x81\xb8\xe6\x93\x87\xef\xbc\x9b\xe8\x87\xaa\xe7\x84\xb6\xe5\x92\x8c\xe9\x9b\xbb\xe5\xbd\xb1\xe6\x84\x9f\xe6\x9c\x83\xe6\x98\x8e\xe7\xa2\xba\xe5\xbc\xb7\xe5\x88\xb6\xe4\xbd\xbf\xe7\x94\xa8\xe8\xa9\xb2\xe5\xa4\x96\xe8\xa7\x80\xe3\x80\x82"},
    {"Local tone",
     "\xe5\xb1\x80\xe9\x83\xa8\xe8\x89\xb2\xe8\xaa\xbf"},
    {"Tone strength of the neural pass region by region.",
     "\xe7\xa5\x9e\xe7\xb6\x93\xe9\x80\x9a\xe9\x81\x93\xe4\xbe\x9d\xe5\x8d\x80\xe5\x9f\x9f\xe7\x9a\x84\xe8\x89\xb2\xe8\xaa\xbf\xe5\xbc\xb7\xe5\xba\xa6\xe3\x80\x82"},
    {"Structure",
     "\xe7\xb5\x90\xe6\xa7\x8b"},
    {"Strength of the neural pass on fine structure and detail.  It changes what the model makes and restarts it; Fine detail below reshapes what it made, live.",
     "\xe7\xa5\x9e\xe7\xb6\x93\xe9\x80\x9a\xe9\x81\x93\xe5\xb0\x8d\xe7\xb2\xbe\xe7\xb4\xb0\xe7\xb5\x90\xe6\xa7\x8b\xe5\x92\x8c\xe7\xb4\xb0\xe7\xaf\x80\xe7\x9a\x84\xe5\xbc\xb7\xe5\xba\xa6\xe3\x80\x82\xe5\xae\x83\xe6\x9c\x83\xe6\x94\xb9\xe8\xae\x8a\xe6\xa8\xa1\xe5\x9e\x8b\xe7\x9a\x84\xe7\x94\xa2\xe7\x94\x9f\xe7\xb5\x90\xe6\x9e\x9c\xe4\xb8\xa6\xe4\xbd\xbf\xe5\x85\xb6\xe9\x87\x8d\xe6\x96\xb0\xe5\x95\x9f\xe5\x8b\x95\xef\xbc\x9b\xe4\xb8\x8b\xe6\x96\xb9\xe7\x9a\x84\xe7\xb4\xb0\xe7\xaf\x80\xe5\x89\x87\xe5\x8d\xb3\xe6\x99\x82\xe9\x87\x8d\xe5\xa1\x91\xe5\xb7\xb2\xe7\x94\xa2\xe7\x94\x9f\xe7\x9a\x84\xe7\xb5\x90\xe6\x9e\x9c\xe3\x80\x82"},
    {"sent as 1.00: higher values are ignored",
     "\xe4\xbb\xa5 1.00 \xe5\x82\xb3\xe9\x80\x81\xef\xbc\x9a\xe6\x9b\xb4\xe9\xab\x98\xe7\x9a\x84\xe5\x80\xbc\xe6\x9c\x83\xe8\xa2\xab\xe5\xbf\xbd\xe7\x95\xa5"},
    {"Character / skin",
     "\xe8\xa7\x92\xe8\x89\xb2 / \xe7\x9a\xae\xe8\x86\x9a"},
    {"How much the model reworks the skin of the people the Character mask finds: 0 is the least, 1 is stock.  Rough skin gains texture, smooth skin is evened out.",
     "\xe6\xa8\xa1\xe5\x9e\x8b\xe5\xb0\x8d\xe8\xa7\x92\xe8\x89\xb2\xe9\x81\xae\xe7\xbd\xa9\xe6\x89\xbe\xe5\x88\xb0\xe7\x9a\x84\xe4\xba\xba\xe7\x89\xa9\xe7\x9a\xae\xe8\x86\x9a\xe7\x9a\x84\xe9\x87\x8d\xe5\xa1\x91\xe7\xa8\x8b\xe5\xba\xa6\xef\xbc\x9a" "0 \xe7\x82\xba\xe6\x9c\x80\xe5\xb0\x91\xef\xbc\x8c" "1 \xe7\x82\xba\xe9\xa0\x90\xe8\xa8\xad\xe3\x80\x82\xe7\xb2\x97\xe7\xb3\x99\xe7\x9a\x84\xe7\x9a\xae\xe8\x86\x9a\xe6\x9c\x83\xe5\xa2\x9e\xe5\x8a\xa0\xe8\xb3\xaa\xe6\x84\x9f\xef\xbc\x8c\xe5\x85\x89\xe6\xbb\x91\xe7\x9a\x84\xe7\x9a\xae\xe8\x86\x9a\xe6\x9c\x83\xe8\xae\x8a\xe5\xbe\x97\xe5\x9d\x87\xe5\x8b\xbb\xe3\x80\x82"},
    {"Needs the Character mask: without it the model finds no skin and ignores this setting.",
     "\xe9\x9c\x80\xe8\xa6\x81\xe8\xa7\x92\xe8\x89\xb2\xe9\x81\xae\xe7\xbd\xa9\xef\xbc\x9a\xe6\xb2\x92\xe6\x9c\x89\xe5\xae\x83\xef\xbc\x8c\xe6\xa8\xa1\xe5\x9e\x8b\xe6\x89\xbe\xe4\xb8\x8d\xe5\x88\xb0\xe7\x9a\xae\xe8\x86\x9a\xe4\xb8\xa6\xe6\x9c\x83\xe5\xbf\xbd\xe7\x95\xa5\xe6\xad\xa4\xe8\xa8\xad\xe5\xae\x9a\xe3\x80\x82"},
    {"%.2f (stock)",
     "%.2f\xef\xbc\x88\xe9\xa0\x90\xe8\xa8\xad\xef\xbc\x89"},
    {"%.2f = Structure",
     "%.2f = \xe7\xb5\x90\xe6\xa7\x8b"},
    {"Character mask",
     "\xe8\xa7\x92\xe8\x89\xb2\xe9\x81\xae\xe7\xbd\xa9"},
    {"Lets the runtime find people, so Character / skin applies to their skin.  It also changes the rest of the picture slightly: brightness by about 2 percent on game frames.",
     "\xe8\xae\x93\xe5\x9f\xb7\xe8\xa1\x8c\xe9\x9a\x8e\xe6\xae\xb5\xe6\x89\xbe\xe5\x87\xba\xe4\xba\xba\xe7\x89\xa9\xef\xbc\x8c\xe4\xbd\xbf\xe8\xa7\x92\xe8\x89\xb2 / \xe7\x9a\xae\xe8\x86\x9a\xe4\xbd\x9c\xe7\x94\xa8\xe6\x96\xbc\xe4\xbb\x96\xe5\x80\x91\xe7\x9a\x84\xe7\x9a\xae\xe8\x86\x9a\xe3\x80\x82\xe5\xae\x83\xe4\xb9\x9f\xe6\x9c\x83\xe8\xbc\x95\xe5\xbe\xae\xe6\x94\xb9\xe8\xae\x8a\xe7\x95\xab\xe9\x9d\xa2\xe7\x9a\x84\xe5\x85\xb6\xe9\xa4\x98\xe9\x83\xa8\xe5\x88\x86\xef\xbc\x9a\xe5\x9c\xa8\xe9\x81\x8a\xe6\x88\xb2\xe7\x95\xab\xe9\x9d\xa2\xe4\xb8\x8a\xe4\xba\xae\xe5\xba\xa6\xe7\xb4\x84\xe8\xae\x8a\xe5\x8c\x96\xe7\x99\xbe\xe5\x88\x86\xe4\xb9\x8b\xe4\xba\x8c\xe3\x80\x82"},
    {"Independent skin",
     "\xe7\x8d\xa8\xe7\xab\x8b\xe7\x9a\xae\xe8\x86\x9a"},
    {"With the Character mask on, skin keeps its Character / skin setting when Structure changes, in every stack pass.  Structure is then sent at most 1, because above 1 the model ignores Character / skin; below 1 it still reaches faces through the model itself.  Off sends both as they are, as before rc11.",
     "\xe9\x96\x8b\xe5\x95\x9f\xe8\xa7\x92\xe8\x89\xb2\xe9\x81\xae\xe7\xbd\xa9\xe6\x99\x82\xef\xbc\x8c\xe7\xb5\x90\xe6\xa7\x8b\xe6\x94\xb9\xe8\xae\x8a\xe6\x99\x82\xe7\x9a\xae\xe8\x86\x9a\xe6\x9c\x83\xe5\x9c\xa8\xe6\xaf\x8f\xe5\x80\x8b\xe7\x96\x8a\xe5\x8a\xa0\xe9\x80\x9a\xe9\x81\x93\xe4\xb8\xad\xe4\xbf\x9d\xe6\x8c\x81\xe5\x85\xb6\xe8\xa7\x92\xe8\x89\xb2 / \xe7\x9a\xae\xe8\x86\x9a\xe8\xa8\xad\xe5\xae\x9a\xe3\x80\x82\xe6\xad\xa4\xe6\x99\x82\xe7\xb5\x90\xe6\xa7\x8b\xe6\x9c\x80\xe5\xa4\x9a\xe4\xbb\xa5 1 \xe5\x82\xb3\xe9\x80\x81\xef\xbc\x8c\xe5\x9b\xa0\xe7\x82\xba\xe9\xab\x98\xe6\x96\xbc 1 \xe6\x99\x82\xe6\xa8\xa1\xe5\x9e\x8b\xe6\x9c\x83\xe5\xbf\xbd\xe7\x95\xa5\xe8\xa7\x92\xe8\x89\xb2 / \xe7\x9a\xae\xe8\x86\x9a\xef\xbc\x9b\xe4\xbd\x8e\xe6\x96\xbc 1 \xe6\x99\x82\xe5\xae\x83\xe4\xbb\x8d\xe6\x9c\x83\xe9\x80\x8f\xe9\x81\x8e\xe6\xa8\xa1\xe5\x9e\x8b\xe6\x9c\xac\xe8\xba\xab\xe5\xbd\xb1\xe9\x9f\xbf\xe8\x87\x89\xe9\x83\xa8\xe3\x80\x82\xe9\x97\x9c\xe9\x96\x89\xe6\x99\x82\xe5\x85\xa9\xe8\x80\x85\xe6\x8c\x89\xe5\x8e\x9f\xe6\xa8\xa3\xe5\x82\xb3\xe9\x80\x81\xef\xbc\x8c\xe8\x88\x87 rc11 \xe4\xb9\x8b\xe5\x89\x8d\xe7\x9b\xb8\xe5\x90\x8c\xe3\x80\x82"},
    {"UI correction",
     "UI \xe6\xa0\xa1\xe6\xad\xa3"},
    {"The NR runtime's UI correction.  Leave it off unless HUD elements look wrong with Neural Rendering on.",
     "NR \xe5\x9f\xb7\xe8\xa1\x8c\xe9\x9a\x8e\xe6\xae\xb5\xe7\x9a\x84 UI \xe6\xa0\xa1\xe6\xad\xa3\xe3\x80\x82\xe9\x99\xa4\xe9\x9d\x9e\xe9\x96\x8b\xe5\x95\x9f Neural Rendering \xe5\xbe\x8c HUD \xe5\x85\x83\xe7\xb4\xa0\xe9\xa1\xaf\xe7\xa4\xba\xe7\x95\xb0\xe5\xb8\xb8\xef\xbc\x8c\xe5\x90\xa6\xe5\x89\x87\xe8\xab\x8b\xe4\xbf\x9d\xe6\x8c\x81\xe9\x97\x9c\xe9\x96\x89\xe3\x80\x82"},
    {"Preset #1",
     "\xe9\xa0\x90\xe8\xa8\xad\xe9\x9b\x86 #1"},
    {"Preset #2",
     "\xe9\xa0\x90\xe8\xa8\xad\xe9\x9b\x86 #2"},
    {"Preset #3",
     "\xe9\xa0\x90\xe8\xa8\xad\xe9\x9b\x86 #3"},
    {"Preset",
     "\xe9\xa0\x90\xe8\xa8\xad\xe9\x9b\x86"},
    {"Render-preset hint passed to the NR runtime; Default lets the runtime choose.",
     "\xe5\x82\xb3\xe9\x81\x9e\xe7\xb5\xa6 NR \xe5\x9f\xb7\xe8\xa1\x8c\xe9\x9a\x8e\xe6\xae\xb5\xe7\x9a\x84\xe7\xae\x97\xe7\xb9\xaa\xe9\xa0\x90\xe8\xa8\xad\xe9\x9b\x86\xe6\x8f\x90\xe7\xa4\xba\xef\xbc\x9b\xe9\xa0\x90\xe8\xa8\xad\xe7\x94\xb1\xe5\x9f\xb7\xe8\xa1\x8c\xe9\x9a\x8e\xe6\xae\xb5\xe9\x81\xb8\xe6\x93\x87\xe3\x80\x82"},
    {"Inert while Adjust NR's look is off.",
     "\xe3\x80\x8c\xe8\xaa\xbf\xe6\x95\xb4 NR \xe7\x9a\x84\xe5\xa4\x96\xe8\xa7\x80\xe3\x80\x8d\xe9\x97\x9c\xe9\x96\x89\xe6\x99\x82\xe7\x84\xa1\xe6\x95\x88\xe3\x80\x82"},
    {"Adjust NR's look",
     "\xe8\xaa\xbf\xe6\x95\xb4 NR \xe7\x9a\x84\xe5\xa4\x96\xe8\xa7\x80"},
    {"Reshapes what Neural Rendering returned, live: how far it brightens, darkens and recolours, by tonal range and by scale.  Off leaves its output exactly as it is.",
     "\xe5\x8d\xb3\xe6\x99\x82\xe9\x87\x8d\xe5\xa1\x91 Neural Rendering \xe5\x82\xb3\xe5\x9b\x9e\xe7\x9a\x84\xe7\xb5\x90\xe6\x9e\x9c\xef\xbc\x9a\xe4\xbe\x9d\xe8\x89\xb2\xe8\xaa\xbf\xe7\xaf\x84\xe5\x9c\x8d\xe5\x92\x8c\xe5\xb0\xba\xe5\xba\xa6\xe8\xaa\xbf\xe6\x95\xb4\xe5\x85\xb6\xe6\x8f\x90\xe4\xba\xae\xe3\x80\x81\xe5\xa3\x93\xe6\x9a\x97\xe5\x92\x8c\xe6\x94\xb9\xe8\x89\xb2\xe7\x9a\x84\xe7\xa8\x8b\xe5\xba\xa6\xe3\x80\x82\xe9\x97\x9c\xe9\x96\x89\xe5\x89\x87\xe5\xae\x8c\xe5\x85\xa8\xe4\xbf\x9d\xe7\x95\x99\xe5\x85\xb6\xe8\xbc\xb8\xe5\x87\xba\xe3\x80\x82"},
    {"unavailable this session: ReShade.log says why",
     "\xe6\x9c\xac\xe6\xac\xa1\xe5\xb7\xa5\xe4\xbd\x9c\xe9\x9a\x8e\xe6\xae\xb5\xe7\x84\xa1\xe6\xb3\x95\xe4\xbd\xbf\xe7\x94\xa8\xef\xbc\x9a\xe5\x8e\x9f\xe5\x9b\xa0\xe8\xa6\x8b ReShade.log"},
    {"Edit strength",
     "\xe7\xb7\xa8\xe8\xbc\xaf\xe5\xbc\xb7\xe5\xba\xa6"},
    {"Scales the whole change Neural Rendering made, in stops: 0 takes it away, 1 keeps it, 2 doubles it.  Strength steers the model; this reshapes its result.",
     "\xe4\xbb\xa5\xe6\xa0\xbc\xe7\x82\xba\xe5\x96\xae\xe4\xbd\x8d\xe7\xb8\xae\xe6\x94\xbe Neural Rendering \xe9\x80\xa0\xe6\x88\x90\xe7\x9a\x84\xe6\x95\xb4\xe9\xab\x94\xe8\xae\x8a\xe5\x8c\x96\xef\xbc\x9a" "0 \xe5\x8e\xbb\xe9\x99\xa4\xef\xbc\x8c" "1 \xe4\xbf\x9d\xe7\x95\x99\xef\xbc\x8c" "2 \xe5\x8a\xa0\xe5\x80\x8d\xe3\x80\x82\xe5\xbc\xb7\xe5\xba\xa6\xe5\xbc\x95\xe5\xb0\x8e\xe6\xa8\xa1\xe5\x9e\x8b\xef\xbc\x9b\xe6\xad\xa4\xe9\xa0\x85\xe9\x87\x8d\xe5\xa1\x91\xe5\x85\xb6\xe7\xb5\x90\xe6\x9e\x9c\xe3\x80\x82"},
    {"Brightening",
     "\xe6\x8f\x90\xe4\xba\xae"},
    {"How much of the model's brightening is kept: 0 drops it, 2 doubles it.",
     "\xe4\xbf\x9d\xe7\x95\x99\xe6\xa8\xa1\xe5\x9e\x8b\xe6\x8f\x90\xe4\xba\xae\xe7\x9a\x84\xe7\xa8\x8b\xe5\xba\xa6\xef\xbc\x9a" "0 \xe5\x8e\xbb\xe9\x99\xa4\xef\xbc\x8c" "2 \xe5\x8a\xa0\xe5\x80\x8d\xe3\x80\x82"},
    {"Darkening",
     "\xe5\xa3\x93\xe6\x9a\x97"},
    {"How much of the model's darkening is kept, the dark halos it can leave around bright objects included.",
     "\xe4\xbf\x9d\xe7\x95\x99\xe6\xa8\xa1\xe5\x9e\x8b\xe5\xa3\x93\xe6\x9a\x97\xe7\x9a\x84\xe7\xa8\x8b\xe5\xba\xa6\xef\xbc\x8c\xe5\x8c\x85\xe6\x8b\xac\xe5\xae\x83\xe5\x8f\xaf\xe8\x83\xbd\xe5\x9c\xa8\xe6\x98\x8e\xe4\xba\xae\xe7\x89\xa9\xe9\xab\x94\xe5\x91\xa8\xe5\x9c\x8d\xe7\x95\x99\xe4\xb8\x8b\xe7\x9a\x84\xe6\x9a\x97\xe6\x9a\x88\xe3\x80\x82"},
    {"Colour",
     "\xe8\x89\xb2\xe5\xbd\xa9"},
    {"How far the model moves colours toward or away from grey: 0 keeps the game's saturation, 2 doubles the change.",
     "\xe6\xa8\xa1\xe5\x9e\x8b\xe4\xbd\xbf\xe9\xa1\x8f\xe8\x89\xb2\xe9\x9d\xa0\xe8\xbf\x91\xe6\x88\x96\xe9\x81\xa0\xe9\x9b\xa2\xe7\x81\xb0\xe8\x89\xb2\xe7\x9a\x84\xe7\xa8\x8b\xe5\xba\xa6\xef\xbc\x9a" "0 \xe4\xbf\x9d\xe6\x8c\x81\xe9\x81\x8a\xe6\x88\xb2\xe7\x9a\x84\xe9\xa3\xbd\xe5\x92\x8c\xe5\xba\xa6\xef\xbc\x8c" "2 \xe4\xbd\xbf\xe8\xae\x8a\xe5\x8c\x96\xe5\x8a\xa0\xe5\x80\x8d\xe3\x80\x82"},
    {"Hue shift",
     "\xe8\x89\xb2\xe7\x9b\xb8\xe5\x81\x8f\xe7\xa7\xbb"},
    {"How far the model turns hues (its tint): 0 keeps the game's hues.",
     "\xe6\xa8\xa1\xe5\x9e\x8b\xe6\x97\x8b\xe8\xbd\x89\xe8\x89\xb2\xe7\x9b\xb8\xef\xbc\x88\xe8\x89\xb2\xe8\xaa\xbf\xe5\x81\x8f\xe5\x90\x91\xef\xbc\x89\xe7\x9a\x84\xe7\xa8\x8b\xe5\xba\xa6\xef\xbc\x9a" "0 \xe4\xbf\x9d\xe6\x8c\x81\xe9\x81\x8a\xe6\x88\xb2\xe7\x9a\x84\xe8\x89\xb2\xe7\x9b\xb8\xe3\x80\x82"},
    {"Shadows",
     "\xe9\x99\xb0\xe5\xbd\xb1"},
    {"Scales the change where the game's image is dark.",
     "\xe7\xb8\xae\xe6\x94\xbe\xe9\x81\x8a\xe6\x88\xb2\xe7\x95\xab\xe9\x9d\xa2\xe6\x9a\x97\xe9\x83\xa8\xe7\x9a\x84\xe8\xae\x8a\xe5\x8c\x96\xe3\x80\x82"},
    {"Midtones",
     "\xe4\xb8\xad\xe9\x96\x93\xe8\xaa\xbf"},
    {"Scales the change in the game's midtones.",
     "\xe7\xb8\xae\xe6\x94\xbe\xe9\x81\x8a\xe6\x88\xb2\xe4\xb8\xad\xe9\x96\x93\xe8\xaa\xbf\xe7\x9a\x84\xe8\xae\x8a\xe5\x8c\x96\xe3\x80\x82"},
    {"Highlights",
     "\xe9\xab\x98\xe5\x85\x89"},
    {"Scales the change where the game's image is bright.",
     "\xe7\xb8\xae\xe6\x94\xbe\xe9\x81\x8a\xe6\x88\xb2\xe7\x95\xab\xe9\x9d\xa2\xe4\xba\xae\xe9\x83\xa8\xe7\x9a\x84\xe8\xae\x8a\xe5\x8c\x96\xe3\x80\x82"},
    {"Max brightening",
     "\xe6\x9c\x80\xe5\xa4\xa7\xe6\x8f\x90\xe4\xba\xae"},
    {"%.2f stops",
     "%.2f \xe6\xa0\xbc"},
    {"A soft ceiling on how far the model may brighten a pixel; 0 is no ceiling.",
     "\xe6\xa8\xa1\xe5\x9e\x8b\xe6\x8f\x90\xe4\xba\xae\xe5\x83\x8f\xe7\xb4\xa0\xe5\xb9\x85\xe5\xba\xa6\xe7\x9a\x84\xe8\xbb\x9f\xe4\xb8\x8a\xe9\x99\x90\xef\xbc\x9b" "0 \xe8\xa1\xa8\xe7\xa4\xba\xe7\x84\xa1\xe4\xb8\x8a\xe9\x99\x90\xe3\x80\x82"},
    {"Max darkening",
     "\xe6\x9c\x80\xe5\xa4\xa7\xe5\xa3\x93\xe6\x9a\x97"},
    {"A soft floor on how far the model may darken a pixel; 0 is no floor.",
     "\xe6\xa8\xa1\xe5\x9e\x8b\xe5\xa3\x93\xe6\x9a\x97\xe5\x83\x8f\xe7\xb4\xa0\xe5\xb9\x85\xe5\xba\xa6\xe7\x9a\x84\xe8\xbb\x9f\xe4\xb8\x8b\xe9\x99\x90\xef\xbc\x9b" "0 \xe8\xa1\xa8\xe7\xa4\xba\xe7\x84\xa1\xe4\xb8\x8b\xe9\x99\x90\xe3\x80\x82"},
    {"Max colour change",
     "\xe6\x9c\x80\xe5\xa4\xa7\xe8\x89\xb2\xe5\xbd\xa9\xe8\xae\x8a\xe5\x8c\x96"},
    {"A soft limit on how far the model may move a colour; 0 is no limit.",
     "\xe6\xa8\xa1\xe5\x9e\x8b\xe6\x94\xb9\xe8\xae\x8a\xe9\xa1\x8f\xe8\x89\xb2\xe5\xb9\x85\xe5\xba\xa6\xe7\x9a\x84\xe8\xbb\x9f\xe9\x99\x90\xe5\x88\xb6\xef\xbc\x9b" "0 \xe8\xa1\xa8\xe7\xa4\xba\xe7\x84\xa1\xe9\x99\x90\xe5\x88\xb6\xe3\x80\x82"},
    {"Large-scale tone",
     "\xe5\xa4\xa7\xe5\xb0\xba\xe5\xba\xa6\xe8\x89\xb2\xe8\xaa\xbf"},
    {"Scales the model's broad lighting change; Fine detail scales the small-scale one.",
     "\xe7\xb8\xae\xe6\x94\xbe\xe6\xa8\xa1\xe5\x9e\x8b\xe7\x9a\x84\xe5\xa4\xa7\xe7\xaf\x84\xe5\x9c\x8d\xe5\x85\x89\xe7\x85\xa7\xe8\xae\x8a\xe5\x8c\x96\xef\xbc\x9b\xe7\xb4\xb0\xe7\xaf\x80\xe7\xb8\xae\xe6\x94\xbe\xe5\xb0\x8f\xe5\xb0\xba\xe5\xba\xa6\xe8\xae\x8a\xe5\x8c\x96\xe3\x80\x82"},
    {"Fine detail",
     "\xe7\xb4\xb0\xe7\xaf\x80"},
    {"Scales the model's small-scale change, live.  Structure changes what the model makes and restarts it; this reshapes what it made.",
     "\xe5\x8d\xb3\xe6\x99\x82\xe7\xb8\xae\xe6\x94\xbe\xe6\xa8\xa1\xe5\x9e\x8b\xe7\x9a\x84\xe5\xb0\x8f\xe5\xb0\xba\xe5\xba\xa6\xe8\xae\x8a\xe5\x8c\x96\xe3\x80\x82\xe7\xb5\x90\xe6\xa7\x8b\xe6\x9c\x83\xe6\x94\xb9\xe8\xae\x8a\xe6\xa8\xa1\xe5\x9e\x8b\xe7\x9a\x84\xe7\x94\xa2\xe7\x94\x9f\xe7\xb5\x90\xe6\x9e\x9c\xe4\xb8\xa6\xe4\xbd\xbf\xe5\x85\xb6\xe9\x87\x8d\xe6\x96\xb0\xe5\x95\x9f\xe5\x8b\x95\xef\xbc\x9b\xe6\xad\xa4\xe9\xa0\x85\xe5\x89\x87\xe9\x87\x8d\xe5\xa1\x91\xe5\xb7\xb2\xe7\x94\xa2\xe7\x94\x9f\xe7\x9a\x84\xe7\xb5\x90\xe6\x9e\x9c\xe3\x80\x82"},
    {"Detail radius",
     "\xe7\xb4\xb0\xe7\xaf\x80\xe5\x8d\x8a\xe5\xbe\x91"},
    {"Where broad ends and fine begins, as a share of the image height.",
     "\xe5\xa4\xa7\xe7\xaf\x84\xe5\x9c\x8d\xe8\x88\x87\xe7\xb4\xb0\xe7\xaf\x80\xe7\x9a\x84\xe5\x88\x86\xe7\x95\x8c\xe9\xbb\x9e\xef\xbc\x8c\xe4\xbb\xa5\xe5\xbd\xb1\xe5\x83\x8f\xe9\xab\x98\xe5\xba\xa6\xe7\x9a\x84\xe6\xaf\x94\xe4\xbe\x8b\xe8\xa1\xa8\xe7\xa4\xba\xe3\x80\x82"},
    {"Halo suppression",
     "\xe6\x9a\x97\xe6\x9a\x88\xe6\x8a\x91\xe5\x88\xb6"},
    {"Reduces the dark halos Neural Rendering can leave next to bright objects.  Darkening spread evenly over a surface, and a shadow beside a dark object, are left alone.  A larger Detail radius reaches wider halos.",
     "\xe6\xb8\x9b\xe5\xb0\x91 Neural Rendering \xe5\x8f\xaf\xe8\x83\xbd\xe5\x9c\xa8\xe6\x98\x8e\xe4\xba\xae\xe7\x89\xa9\xe9\xab\x94\xe6\x97\x81\xe7\x95\x99\xe4\xb8\x8b\xe7\x9a\x84\xe6\x9a\x97\xe6\x9a\x88\xe3\x80\x82\xe5\x9d\x87\xe5\x8b\xbb\xe5\x88\x86\xe5\xb8\x83\xe5\x9c\xa8\xe8\xa1\xa8\xe9\x9d\xa2\xe4\xb8\x8a\xe7\x9a\x84\xe5\xa3\x93\xe6\x9a\x97\xe4\xbb\xa5\xe5\x8f\x8a\xe6\x9a\x97\xe8\x89\xb2\xe7\x89\xa9\xe9\xab\x94\xe6\x97\x81\xe7\x9a\x84\xe9\x99\xb0\xe5\xbd\xb1\xe4\xb8\x8d\xe5\x8f\x97\xe5\xbd\xb1\xe9\x9f\xbf\xe3\x80\x82\xe7\xb4\xb0\xe7\xaf\x80\xe5\x8d\x8a\xe5\xbe\x91\xe8\xb6\x8a\xe5\xa4\xa7\xef\xbc\x8c\xe5\x8f\xaf\xe8\x99\x95\xe7\x90\x86\xe7\x9a\x84\xe6\x9a\x97\xe6\x9a\x88\xe7\xaf\x84\xe5\x9c\x8d\xe8\xb6\x8a\xe5\xaf\xac\xe3\x80\x82"},
    {"Off",
     "\xe9\x97\x9c"},
    {"Static",
     "\xe9\x9d\x9c\xe6\x85\x8b"},
    {"Motion",
     "\xe5\x8b\x95\xe6\x85\x8b"},
    {"Stabilize",
     "\xe7\xa9\xa9\xe5\xae\x9a"},
    {"Smooths the model's broad change over time.  Static suits still views; Motion follows the game's motion vectors.  Either adds a little lag to lighting changes.",
     "\xe9\x9a\xa8\xe6\x99\x82\xe9\x96\x93\xe5\xb9\xb3\xe6\xbb\x91\xe6\xa8\xa1\xe5\x9e\x8b\xe7\x9a\x84\xe5\xa4\xa7\xe7\xaf\x84\xe5\x9c\x8d\xe8\xae\x8a\xe5\x8c\x96\xe3\x80\x82\xe9\x9d\x9c\xe6\x85\x8b\xe9\x81\xa9\xe5\x90\x88\xe9\x9d\x9c\xe6\xad\xa2\xe7\x95\xab\xe9\x9d\xa2\xef\xbc\x9b\xe5\x8b\x95\xe6\x85\x8b\xe8\xb7\x9f\xe9\x9a\xa8\xe9\x81\x8a\xe6\x88\xb2\xe7\x9a\x84\xe9\x81\x8b\xe5\x8b\x95\xe5\x90\x91\xe9\x87\x8f\xe3\x80\x82\xe5\x85\xa9\xe8\x80\x85\xe9\x83\xbd\xe6\x9c\x83\xe4\xbd\xbf\xe5\x85\x89\xe7\x85\xa7\xe8\xae\x8a\xe5\x8c\x96\xe7\x95\xa5\xe6\x9c\x89\xe5\xbb\xb6\xe9\x81\xb2\xe3\x80\x82"},
    {"Stabilize time",
     "\xe7\xa9\xa9\xe5\xae\x9a\xe6\x99\x82\xe9\x96\x93"},
    {"%.0f ms",
     "%.0f ms"},
    {"How long the smoothing remembers: longer is steadier and slower to follow a lighting change.",
     "\xe5\xb9\xb3\xe6\xbb\x91\xe7\x9a\x84\xe8\xa8\x98\xe6\x86\xb6\xe6\x99\x82\xe9\x95\xb7\xef\xbc\x9a\xe8\xb6\x8a\xe9\x95\xb7\xe8\xb6\x8a\xe7\xa9\xa9\xe5\xae\x9a\xef\xbc\x8c\xe4\xbd\x86\xe8\xb7\x9f\xe9\x9a\xa8\xe5\x85\x89\xe7\x85\xa7\xe8\xae\x8a\xe5\x8c\x96\xe8\xb6\x8a\xe6\x85\xa2\xe3\x80\x82"},
    {"Stabilize detail",
     "\xe7\xa9\xa9\xe5\xae\x9a\xe7\xb4\xb0\xe7\xaf\x80"},
    {"Smooths the small-scale change too, not only the broad one.",
     "\xe5\x90\x8c\xe6\x99\x82\xe5\xb9\xb3\xe6\xbb\x91\xe5\xb0\x8f\xe5\xb0\xba\xe5\xba\xa6\xe8\xae\x8a\xe5\x8c\x96\xef\xbc\x8c\xe8\x80\x8c\xe4\xb8\x8d\xe5\x8f\xaa\xe6\x98\xaf\xe5\xa4\xa7\xe7\xaf\x84\xe5\x9c\x8d\xe8\xae\x8a\xe5\x8c\x96\xe3\x80\x82"},
    {"Runs Neural Rendering on the game's image before DLSS upscales it (pre-SR), against the game's own depth and motion.  The right choice for games whose DLSS renders below the display resolution.  Games that upscale with Ray Reconstruction keep running after it: its input is still noisy.",
     "\xe5\x9c\xa8 DLSS \xe6\x94\xbe\xe5\xa4\xa7\xe4\xb9\x8b\xe5\x89\x8d\xef\xbc\x8c\xe5\x88\xa9\xe7\x94\xa8\xe9\x81\x8a\xe6\x88\xb2\xe6\x9c\xac\xe8\xba\xab\xe7\x9a\x84\xe6\xb7\xb1\xe5\xba\xa6\xe5\x92\x8c\xe9\x81\x8b\xe5\x8b\x95\xe8\xb3\x87\xe6\x96\x99\xe5\xb0\x8d\xe9\x81\x8a\xe6\x88\xb2\xe7\x95\xab\xe9\x9d\xa2\xe5\x9f\xb7\xe8\xa1\x8c Neural Rendering\xef\xbc\x88pre-SR\xef\xbc\x89\xe3\x80\x82\xe9\x81\xa9\xe7\x94\xa8\xe6\x96\xbc DLSS \xe4\xbb\xa5\xe4\xbd\x8e\xe6\x96\xbc\xe9\xa1\xaf\xe7\xa4\xba\xe8\xa7\xa3\xe6\x9e\x90\xe5\xba\xa6\xe7\xae\x97\xe7\xb9\xaa\xe7\x9a\x84\xe9\x81\x8a\xe6\x88\xb2\xe3\x80\x82\xe4\xbd\xbf\xe7\x94\xa8 Ray Reconstruction \xe6\x94\xbe\xe5\xa4\xa7\xe7\x9a\x84\xe9\x81\x8a\xe6\x88\xb2\xe4\xbb\x8d\xe5\x9c\xa8\xe5\x85\xb6\xe4\xb9\x8b\xe5\xbe\x8c\xe5\x9f\xb7\xe8\xa1\x8c\xef\xbc\x9a\xe5\x85\xb6\xe8\xbc\xb8\xe5\x85\xa5\xe4\xbb\x8d\xe6\x9c\x89\xe9\x9b\x9c\xe8\xa8\x8a\xe3\x80\x82"},
    {"Runs Neural Rendering again on its own result: a stronger effect, and each extra pass costs the GPU time of one more pass.  Every pass keeps its own history (Chained history, under Fixes).",
     "\xe5\xb0\x8d\xe8\x87\xaa\xe8\xba\xab\xe7\xb5\x90\xe6\x9e\x9c\xe5\x86\x8d\xe6\xac\xa1\xe5\x9f\xb7\xe8\xa1\x8c Neural Rendering\xef\xbc\x9a\xe6\x95\x88\xe6\x9e\x9c\xe6\x9b\xb4\xe5\xbc\xb7\xef\xbc\x8c\xe6\xaf\x8f\xe5\xa4\x9a\xe4\xb8\x80\xe5\x80\x8b\xe9\x80\x9a\xe9\x81\x93\xe5\xb0\xb1\xe5\xa4\x9a\xe8\x8a\xb1\xe4\xb8\x80\xe5\x80\x8b\xe9\x80\x9a\xe9\x81\x93\xe7\x9a\x84 GPU \xe6\x99\x82\xe9\x96\x93\xe3\x80\x82\xe6\xaf\x8f\xe5\x80\x8b\xe9\x80\x9a\xe9\x81\x93\xe9\x83\xbd\xe4\xbf\x9d\xe7\x95\x99\xe8\x87\xaa\xe5\xb7\xb1\xe7\x9a\x84\xe6\xad\xb7\xe5\x8f\xb2\xef\xbc\x88\xe4\xbf\xae\xe6\xad\xa3\xe4\xb8\xad\xe7\x9a\x84\xe3\x80\x8c\xe9\x8f\x88\xe5\xbc\x8f\xe6\xad\xb7\xe5\x8f\xb2\xe3\x80\x8d\xef\xbc\x89\xe3\x80\x82"},
    {"Pass %u",
     "\xe9\x80\x9a\xe9\x81\x93 %u"},
    {"HDR transfer",
     "HDR \xe5\x82\xb3\xe9\x81\x9e"},
    {"Color",
     "\xe8\x89\xb2\xe5\xbd\xa9"},
    {"Same as pass 1",
     "\xe8\x88\x87\xe9\x80\x9a\xe9\x81\x93 1 \xe7\x9b\xb8\xe5\x90\x8c"},
    {"This pass steers the model with pass 1's Look settings.  Off gives it its own, below.",
     "\xe6\xad\xa4\xe9\x80\x9a\xe9\x81\x93\xe4\xbd\xbf\xe7\x94\xa8\xe9\x80\x9a\xe9\x81\x93 1 \xe7\x9a\x84\xe5\xa4\x96\xe8\xa7\x80\xe8\xa8\xad\xe5\xae\x9a\xe5\xbc\x95\xe5\xb0\x8e\xe6\xa8\xa1\xe5\x9e\x8b\xe3\x80\x82\xe9\x97\x9c\xe9\x96\x89\xe5\xbe\x8c\xe5\x9c\xa8\xe4\xb8\x8b\xe6\x96\xb9\xe5\x8f\xa6\xe8\xa1\x8c\xe8\xa8\xad\xe5\xae\x9a\xe3\x80\x82"},
    {"The working resolution as a share of the full one.  Lower costs less GPU time.",
     "\xe5\xb7\xa5\xe4\xbd\x9c\xe8\xa7\xa3\xe6\x9e\x90\xe5\xba\xa6\xe4\xbd\x94\xe5\xae\x8c\xe6\x95\xb4\xe8\xa7\xa3\xe6\x9e\x90\xe5\xba\xa6\xe7\x9a\x84\xe6\xaf\x94\xe4\xbe\x8b\xe3\x80\x82\xe8\xb6\x8a\xe4\xbd\x8e\xe8\x80\x97\xe7\x94\xa8\xe7\x9a\x84 GPU \xe6\x99\x82\xe9\x96\x93\xe8\xb6\x8a\xe5\xb0\x91\xe3\x80\x82"},
    {"Resolution scale",
     "\xe8\xa7\xa3\xe6\x9e\x90\xe5\xba\xa6\xe6\xaf\x94\xe4\xbe\x8b"},
    {"follows the game (Match game)",
     "\xe7\x94\xb1\xe9\x81\x8a\xe6\x88\xb2\xe6\xb1\xba\xe5\xae\x9a\xef\xbc\x88\xe8\xb7\x9f\xe9\x9a\xa8\xe9\x81\x8a\xe6\x88\xb2\xef\xbc\x89"},
    {"Classic",
     "\xe7\xb6\x93\xe5\x85\xb8"},
    {"Edge-aware",
     "\xe9\x82\x8a\xe7\xb7\xa3\xe6\x84\x9f\xe7\x9f\xa5"},
    {"Upsampling",
     "\xe5\x8d\x87\xe5\x8f\x96\xe6\xa8\xa3"},
    {"How Neural Rendering's change reaches the screen when it works below the output resolution (no effect at 100%).  Edge-aware keeps the change on the edges it belongs to; Classic is the upsampling of earlier versions.",
     "\xe7\x95\xb6 Neural Rendering \xe4\xbb\xa5\xe4\xbd\x8e\xe6\x96\xbc\xe8\xbc\xb8\xe5\x87\xba\xe8\xa7\xa3\xe6\x9e\x90\xe5\xba\xa6\xe9\x81\x8b\xe4\xbd\x9c\xe6\x99\x82\xef\xbc\x8c\xe5\x85\xb6\xe8\xae\x8a\xe5\x8c\x96\xe5\xa6\x82\xe4\xbd\x95\xe5\x91\x88\xe7\x8f\xbe\xe5\x88\xb0\xe8\x9e\xa2\xe5\xb9\x95\xe4\xb8\x8a(\xe4\xb8\x8d\xe9\x81\xa9\xe7\x94\xa8\xe6\x96\xbc 100%)\xe3\x80\x82\xe9\x82\x8a\xe7\xb7\xa3\xe6\x84\x9f\xe7\x9f\xa5\xe8\xae\x93\xe8\xae\x8a\xe5\x8c\x96\xe4\xbf\x9d\xe6\x8c\x81\xe5\x9c\xa8\xe5\x85\xb6\xe6\x89\x80\xe5\xb1\xac\xe7\x9a\x84\xe9\x82\x8a\xe7\xb7\xa3\xe4\xb8\x8a\xef\xbc\x9b\xe7\xb6\x93\xe5\x85\xb8\xe7\x82\xba\xe6\x97\xa9\xe6\x9c\x9f\xe7\x89\x88\xe6\x9c\xac\xe7\x9a\x84\xe5\x8d\x87\xe5\x8f\x96\xe6\xa8\xa3\xe6\x96\xb9\xe5\xbc\x8f\xe3\x80\x82"},
    {"Working at",
     "\xe7\x9b\xae\xe5\x89\x8d\xe5\xb7\xa5\xe4\xbd\x9c\xe8\xa7\xa3\xe6\x9e\x90\xe5\xba\xa6"},
    {"Auto (recommended)",
     "\xe8\x87\xaa\xe5\x8b\x95\xef\xbc\x88\xe5\xbb\xba\xe8\xad\xb0\xef\xbc\x89"},
    {"Classic (manual)",
     "\xe7\xb6\x93\xe5\x85\xb8\xef\xbc\x88\xe6\x89\x8b\xe5\x8b\x95\xef\xbc\x89"},
    {"Anchored (manual)",
     "\xe9\x8c\xa8\xe5\xae\x9a\xef\xbc\x88\xe6\x89\x8b\xe5\x8b\x95\xef\xbc\x89"},
    {"Display (fixed)",
     "\xe9\xa1\xaf\xe7\xa4\xba\xef\xbc\x88\xe5\x9b\xba\xe5\xae\x9a\xef\xbc\x89"},
    {"How the game's HDR image is prepared for Neural Rendering and brought back.  Auto is right for nearly every game.",
     "\xe9\x81\x8a\xe6\x88\xb2\xe7\x9a\x84 HDR \xe5\xbd\xb1\xe5\x83\x8f\xe5\xa6\x82\xe4\xbd\x95\xe7\x82\xba Neural Rendering \xe5\x81\x9a\xe6\xba\x96\xe5\x82\x99\xe4\xb8\xa6\xe9\x82\x84\xe5\x8e\x9f\xe3\x80\x82\xe8\x87\xaa\xe5\x8b\x95\xe9\x81\xa9\xe7\x94\xa8\xe6\x96\xbc\xe5\xb9\xbe\xe4\xb9\x8e\xe6\x89\x80\xe6\x9c\x89\xe9\x81\x8a\xe6\x88\xb2\xe3\x80\x82"},
    {"Scaling now",
     "\xe7\x9b\xae\xe5\x89\x8d\xe7\xb8\xae\xe6\x94\xbe"},
    {"fixed, %.0f nits per unit",
     "\xe5\x9b\xba\xe5\xae\x9a\xef\xbc\x8c\xe6\xaf\x8f\xe5\x96\xae\xe4\xbd\x8d %.0f nits"},
    {"GPU autoscale, governor %s",
     "GPU \xe8\x87\xaa\xe5\x8b\x95\xe7\xb8\xae\xe6\x94\xbe\xef\xbc\x8c\xe8\xaa\xbf\xe7\xaf\x80\xe5\x99\xa8 %s"},
    {"off (raw candidate)",
     "\xe9\x97\x9c\xef\xbc\x88\xe5\x8e\x9f\xe5\xa7\x8b\xe5\x80\x99\xe9\x81\xb8\xe5\x80\xbc\xef\xbc\x89"},
    {"slew",
     "\xe5\xb9\xb3\xe6\xbb\x91\xe9\x99\x90\xe9\x80\x9f"},
    {"Proxy anchor (nits)",
     "\xe4\xbb\xa3\xe7\x90\x86\xe9\x8c\xa8\xe9\xbb\x9e (nits)"},
    {"Used only for calibrated absolute HDR. Relative HDR uses the current frame's GPU-derived scale.",
     "\xe5\x83\x85\xe7\x94\xa8\xe6\x96\xbc\xe5\xb7\xb2\xe6\xa0\xa1\xe6\xba\x96\xe7\x9a\x84\xe7\xb5\x95\xe5\xb0\x8d HDR\xe3\x80\x82\xe7\x9b\xb8\xe5\xb0\x8d HDR \xe4\xbd\xbf\xe7\x94\xa8\xe7\x9b\xae\xe5\x89\x8d\xe5\xb9\x80\xe7\x94\xb1 GPU \xe5\xbe\x97\xe5\x87\xba\xe7\x9a\x84\xe7\xb8\xae\xe6\x94\xbe\xe3\x80\x82"},
    {"Source interpretation",
     "\xe4\xbe\x86\xe6\xba\x90\xe8\xa7\xa3\xe8\xae\x80"},
    {"Auto (format evidence)",
     "\xe8\x87\xaa\xe5\x8b\x95\xef\xbc\x88\xe4\xbe\x9d\xe6\x93\x9a\xe6\xa0\xbc\xe5\xbc\x8f\xef\xbc\x89"},
    {"SDR / relative",
     "SDR / \xe7\x9b\xb8\xe5\xb0\x8d"},
    {"Linear",
     "\xe7\xb7\x9a\xe6\x80\xa7"},
    {"PQ / 10,000 nits",
     "PQ / 10,000 nits"},
    {"Encoding",
     "\xe7\xb7\xa8\xe7\xa2\xbc"},
    {"What the game's image is.  Auto reads it from the image format; override only an engine that declares its format wrongly.",
     "\xe9\x81\x8a\xe6\x88\xb2\xe5\xbd\xb1\xe5\x83\x8f\xe7\x9a\x84\xe9\xa1\x9e\xe5\x9e\x8b\xe3\x80\x82\xe8\x87\xaa\xe5\x8b\x95\xe6\x9c\x83\xe6\xa0\xb9\xe6\x93\x9a\xe5\xbd\xb1\xe5\x83\x8f\xe6\xa0\xbc\xe5\xbc\x8f\xe5\x88\xa4\xe6\x96\xb7\xef\xbc\x9b\xe5\x83\x85\xe5\x9c\xa8\xe5\xbc\x95\xe6\x93\x8e\xe9\x8c\xaf\xe8\xaa\xa4\xe5\xae\xa3\xe5\x91\x8a\xe5\x85\xb6\xe6\xa0\xbc\xe5\xbc\x8f\xe6\x99\x82\xe6\x89\x8d\xe8\xa6\x86\xe5\xaf\xab\xe3\x80\x82"},
    {"Linear unit (nits)",
     "\xe7\xb7\x9a\xe6\x80\xa7\xe5\x96\xae\xe4\xbd\x8d (nits)"},
    {"Nits per 1.0 of a linear source: 0 keeps it relative (GPU autoscale); a positive value marks it calibrated/absolute.",
     "\xe7\xb7\x9a\xe6\x80\xa7\xe4\xbe\x86\xe6\xba\x90\xe4\xb8\xad 1.0 \xe5\xb0\x8d\xe6\x87\x89\xe7\x9a\x84 nits\xef\xbc\x9a" "0 \xe4\xbf\x9d\xe6\x8c\x81\xe7\x9b\xb8\xe5\xb0\x8d\xef\xbc\x88GPU \xe8\x87\xaa\xe5\x8b\x95\xe7\xb8\xae\xe6\x94\xbe\xef\xbc\x89\xef\xbc\x9b\xe6\xad\xa3\xe5\x80\xbc\xe5\xb0\x87\xe5\x85\xb6\xe6\xa8\x99\xe8\xa8\x98\xe7\x82\xba\xe5\xb7\xb2\xe6\xa0\xa1\xe6\xba\x96/\xe7\xb5\x95\xe5\xb0\x8d\xe3\x80\x82"},
    {"Auto",
     "\xe8\x87\xaa\xe5\x8b\x95"},
    {"BT.709",
     "BT.709"},
    {"BT.2020",
     "BT.2020"},
    {"AP1 (ACEScg)",
     "AP1 (ACEScg)"},
    {"Primaries",
     "\xe5\x8e\x9f\xe8\x89\xb2"},
    {"Advisory label only - the neural model works in wide gamut and no conversion is applied.",
     "\xe5\x83\x85\xe7\x82\xba\xe5\x8f\x83\xe8\x80\x83\xe6\xa8\x99\xe7\xb1\xa4\xe2\x80\x94\xe2\x80\x94\xe7\xa5\x9e\xe7\xb6\x93\xe6\xa8\xa1\xe5\x9e\x8b\xe5\x9c\xa8\xe5\xbb\xa3\xe8\x89\xb2\xe5\x9f\x9f\xe4\xb8\xad\xe9\x81\x8b\xe4\xbd\x9c\xef\xbc\x8c\xe4\xb8\x8d\xe9\x80\xb2\xe8\xa1\x8c\xe4\xbb\xbb\xe4\xbd\x95\xe8\xbd\x89\xe6\x8f\x9b\xe3\x80\x82"},
    {"PQ calibration",
     "PQ \xe6\xa0\xa1\xe6\xba\x96"},
    {"Extra scene-linear gain for PQ sources (classic and Auto over absolute units).  1 = the 203-nit BT.2408 reference; the pre-v6 default was 2.5375 and migrated configs keep it.",
     "PQ \xe4\xbe\x86\xe6\xba\x90\xe7\x9a\x84\xe9\xa1\x8d\xe5\xa4\x96\xe5\xa0\xb4\xe6\x99\xaf\xe7\xb7\x9a\xe6\x80\xa7\xe5\xa2\x9e\xe7\x9b\x8a\xef\xbc\x88\xe7\xb6\x93\xe5\x85\xb8\xe6\xa8\xa1\xe5\xbc\x8f\xef\xbc\x8c\xe4\xbb\xa5\xe5\x8f\x8a\xe7\xb5\x95\xe5\xb0\x8d\xe5\x96\xae\xe4\xbd\x8d\xe4\xb8\x8b\xe7\x9a\x84\xe8\x87\xaa\xe5\x8b\x95\xef\xbc\x89\xe3\x80\x82" "1 = 203 nits \xe7\x9a\x84 BT.2408 \xe5\x8f\x83\xe8\x80\x83\xe5\x80\xbc\xef\xbc\x9bv6 \xe4\xb9\x8b\xe5\x89\x8d\xe7\x9a\x84\xe9\xa0\x90\xe8\xa8\xad\xe5\x80\xbc\xe7\x82\xba 2.5375\xef\xbc\x8c\xe7\xa7\xbb\xe8\xbd\x89\xe7\x9a\x84\xe8\xa8\xad\xe5\xae\x9a\xe6\x9c\x83\xe4\xbf\x9d\xe7\x95\x99\xe8\xa9\xb2\xe5\x80\xbc\xe3\x80\x82"},
    {"Scene white scale",
     "\xe5\xa0\xb4\xe6\x99\xaf\xe7\x99\xbd\xe8\x89\xb2\xe6\xaf\x94\xe4\xbe\x8b"},
    {"Always",
     "\xe5\xa7\x8b\xe7\xb5\x82"},
    {"Dark pedestal removal",
     "\xe6\x9a\x97\xe9\x83\xa8\xe5\xba\x95\xe5\x80\xbc\xe5\x8e\xbb\xe9\x99\xa4"},
    {"Float-HDR games: whether the dark lift the model adds in near-black areas is removed; HDR Transfer Strength sets how much.  Auto skips the removal where the game's brightness is relative (Kingdom Come Deliverance II, Alan Wake 2, GTA V): there it reads shadow noise as a lift and darkens shadows block by block, which flickers.  Always removes it in every HDR game, as releases up to rc7 did.",
     "\xe6\xb5\xae\xe9\xbb\x9e HDR \xe9\x81\x8a\xe6\x88\xb2\xef\xbc\x9a\xe6\x98\xaf\xe5\x90\xa6\xe5\x8e\xbb\xe9\x99\xa4\xe6\xa8\xa1\xe5\x9e\x8b\xe5\x9c\xa8\xe6\x8e\xa5\xe8\xbf\x91\xe5\x85\xa8\xe9\xbb\x91\xe5\x8d\x80\xe5\x9f\x9f\xe5\x8a\xa0\xe5\x85\xa5\xe7\x9a\x84\xe6\x9a\x97\xe9\x83\xa8\xe6\x8a\xac\xe5\x8d\x87\xef\xbc\x9b\xe5\x8e\xbb\xe9\x99\xa4\xe9\x87\x8f\xe7\x94\xb1 HDR \xe5\x82\xb3\xe9\x81\x9e\xe6\xb1\xba\xe5\xae\x9a\xe3\x80\x82\xe5\x9c\xa8\xe9\x81\x8a\xe6\x88\xb2\xe4\xba\xae\xe5\xba\xa6\xe7\x82\xba\xe7\x9b\xb8\xe5\xb0\x8d\xe5\x80\xbc\xe7\x9a\x84\xe5\x9c\xb0\xe6\x96\xb9\xef\xbc\x88Kingdom Come Deliverance II, Alan Wake 2, GTA V\xef\xbc\x89\xef\xbc\x8c\xe8\x87\xaa\xe5\x8b\x95\xe6\x9c\x83\xe8\xb7\xb3\xe9\x81\x8e\xe5\x8e\xbb\xe9\x99\xa4\xef\xbc\x9a\xe5\x9c\xa8\xe9\x82\xa3\xe8\xa3\xa1\xe5\xae\x83\xe6\x9c\x83\xe6\x8a\x8a\xe9\x99\xb0\xe5\xbd\xb1\xe9\x9b\x9c\xe8\xa8\x8a\xe8\xaa\xa4\xe8\xaa\x8d\xe7\x82\xba\xe6\x8a\xac\xe5\x8d\x87\xef\xbc\x8c\xe9\x80\x90\xe5\xa1\x8a\xe5\xa3\x93\xe6\x9a\x97\xe9\x99\xb0\xe5\xbd\xb1\xef\xbc\x8c\xe9\x80\xa0\xe6\x88\x90\xe9\x96\x83\xe7\x88\x8d\xe3\x80\x82\xe5\xa7\x8b\xe7\xb5\x82\xe6\x9c\x83\xe5\x9c\xa8\xe6\xaf\x8f\xe5\x80\x8b HDR \xe9\x81\x8a\xe6\x88\xb2\xe4\xb8\xad\xe5\x8e\xbb\xe9\x99\xa4\xef\xbc\x8c\xe8\x88\x87 rc7 \xe5\x8f\x8a\xe4\xb9\x8b\xe5\x89\x8d\xe7\x9a\x84\xe7\x89\x88\xe6\x9c\xac\xe7\x9b\xb8\xe5\x90\x8c\xe3\x80\x82"},
    {"Chroma clamp",
     "\xe8\x89\xb2\xe5\xba\xa6\xe9\x99\x90\xe5\x88\xb6"},
    {"Bound of the chroma part of the neural transfer, in stops either side of the luma gain.  1.00 keeps the validated default; the luma gain itself stays bounded to +/-2 stops.",
     "\xe7\xa5\x9e\xe7\xb6\x93\xe5\x82\xb3\xe9\x81\x9e\xe4\xb8\xad\xe8\x89\xb2\xe5\xba\xa6\xe9\x83\xa8\xe5\x88\x86\xe7\x9a\x84\xe7\x95\x8c\xe9\x99\x90\xef\xbc\x8c\xe4\xbb\xa5\xe4\xba\xae\xe5\xba\xa6\xe5\xa2\x9e\xe7\x9b\x8a\xe5\x85\xa9\xe5\x81\xb4\xe7\x9a\x84\xe6\xa0\xbc\xe6\x95\xb8\xe8\xa1\xa8\xe7\xa4\xba\xe3\x80\x82" "1.00 \xe4\xbf\x9d\xe6\x8c\x81\xe7\xb6\x93\xe9\x81\x8e\xe9\xa9\x97\xe8\xad\x89\xe7\x9a\x84\xe9\xa0\x90\xe8\xa8\xad\xe5\x80\xbc\xef\xbc\x9b\xe4\xba\xae\xe5\xba\xa6\xe5\xa2\x9e\xe7\x9b\x8a\xe6\x9c\xac\xe8\xba\xab\xe4\xbb\x8d\xe9\x99\x90\xe5\x88\xb6\xe5\x9c\xa8 +/-2 \xe6\xa0\xbc\xe5\x85\xa7\xe3\x80\x82"},
    {"Bounded ratio",
     "\xe6\x9c\x89\xe7\x95\x8c\xe6\xaf\x94\xe7\x8e\x87"},
    {"Consistent (curve-aware)",
     "\xe4\xb8\x80\xe8\x87\xb4\xef\xbc\x88\xe6\x84\x9f\xe7\x9f\xa5\xe6\x9b\xb2\xe7\xb7\x9a\xef\xbc\x89"},
    {"Neural transfer",
     "\xe7\xa5\x9e\xe7\xb6\x93\xe5\x82\xb3\xe9\x81\x9e"},
    {"How the model's edit is carried back to HDR on the Display codec.  Bounded ratio applies the proxy-domain change as-is, which under-transfers brightness edits where the proxy curve bends.  Consistent also undoes the curve's gain change, damped where the curve is too flat to invert.  The model sees the same input either way.",
     "\xe5\x9c\xa8\xe9\xa1\xaf\xe7\xa4\xba\xe7\xb7\xa8\xe8\xa7\xa3\xe7\xa2\xbc\xe5\x99\xa8\xe4\xb8\x8a\xef\xbc\x8c\xe6\xa8\xa1\xe5\x9e\x8b\xe7\x9a\x84\xe7\xb7\xa8\xe8\xbc\xaf\xe5\xa6\x82\xe4\xbd\x95\xe5\xb8\xb6\xe5\x9b\x9e HDR\xe3\x80\x82\xe6\x9c\x89\xe7\x95\x8c\xe6\xaf\x94\xe7\x8e\x87\xe4\xbe\x9d\xe5\x8e\x9f\xe6\xa8\xa3\xe5\xa5\x97\xe7\x94\xa8\xe4\xbb\xa3\xe7\x90\x86\xe5\x9f\x9f\xe4\xb8\xad\xe7\x9a\x84\xe8\xae\x8a\xe5\x8c\x96\xef\xbc\x8c\xe5\x9c\xa8\xe4\xbb\xa3\xe7\x90\x86\xe6\x9b\xb2\xe7\xb7\x9a\xe5\xbd\x8e\xe6\x9b\xb2\xe8\x99\x95\xe6\x9c\x83\xe4\xbd\xbf\xe4\xba\xae\xe5\xba\xa6\xe7\xb7\xa8\xe8\xbc\xaf\xe5\x82\xb3\xe9\x81\x9e\xe4\xb8\x8d\xe8\xb6\xb3\xe3\x80\x82\xe4\xb8\x80\xe8\x87\xb4\xe9\x82\x84\xe6\x9c\x83\xe6\x8a\xb5\xe9\x8a\xb7\xe6\x9b\xb2\xe7\xb7\x9a\xe7\x9a\x84\xe5\xa2\x9e\xe7\x9b\x8a\xe8\xae\x8a\xe5\x8c\x96\xef\xbc\x8c\xe5\x9c\xa8\xe6\x9b\xb2\xe7\xb7\x9a\xe9\x81\x8e\xe5\xb9\xb3\xe7\x84\xa1\xe6\xb3\x95\xe5\x8f\x8d\xe6\xbc\x94\xe8\x99\x95\xe4\xba\x88\xe4\xbb\xa5\xe8\xa1\xb0\xe6\xb8\x9b\xe3\x80\x82\xe5\x85\xa9\xe7\xa8\xae\xe6\x96\xb9\xe5\xbc\x8f\xe4\xb8\x8b\xe6\xa8\xa1\xe5\x9e\x8b\xe7\x9c\x8b\xe5\x88\xb0\xe7\x9a\x84\xe8\xbc\xb8\xe5\x85\xa5\xe7\x9b\xb8\xe5\x90\x8c\xe3\x80\x82"},
    {"Near-black colour guard",
     "\xe8\xbf\x91\xe9\xbb\x91\xe8\x89\xb2\xe5\xbd\xa9\xe4\xbf\x9d\xe8\xad\xb7"},
    {"Divisor-codec HDR (Classic, and PQ or other absolute sources in Auto): where the model returns a near-black value under a bright original, keep the original's colour at the new brightness instead of amplifying the model's noise into green or grey specks.  Off is the previous math.",
     "\xe9\x99\xa4\xe6\x95\xb8\xe7\xb7\xa8\xe8\xa7\xa3\xe7\xa2\xbc\xe5\x99\xa8 HDR\xef\xbc\x88\xe7\xb6\x93\xe5\x85\xb8\xef\xbc\x8c\xe4\xbb\xa5\xe5\x8f\x8a\xe8\x87\xaa\xe5\x8b\x95\xe4\xb8\x8b\xe7\x9a\x84 PQ \xe6\x88\x96\xe5\x85\xb6\xe4\xbb\x96\xe7\xb5\x95\xe5\xb0\x8d\xe4\xbe\x86\xe6\xba\x90\xef\xbc\x89\xef\xbc\x9a\xe7\x95\xb6\xe6\xa8\xa1\xe5\x9e\x8b\xe5\x9c\xa8\xe6\x98\x8e\xe4\xba\xae\xe5\x8e\x9f\xe5\xa7\x8b\xe5\x83\x8f\xe7\xb4\xa0\xe8\x99\x95\xe5\x82\xb3\xe5\x9b\x9e\xe6\x8e\xa5\xe8\xbf\x91\xe9\xbb\x91\xe8\x89\xb2\xe7\x9a\x84\xe5\x80\xbc\xe6\x99\x82\xef\xbc\x8c\xe4\xbb\xa5\xe6\x96\xb0\xe4\xba\xae\xe5\xba\xa6\xe4\xbf\x9d\xe7\x95\x99\xe5\x8e\x9f\xe5\xa7\x8b\xe9\xa1\x8f\xe8\x89\xb2\xef\xbc\x8c\xe8\x80\x8c\xe4\xb8\x8d\xe6\x98\xaf\xe6\x8a\x8a\xe6\xa8\xa1\xe5\x9e\x8b\xe7\x9a\x84\xe9\x9b\x9c\xe8\xa8\x8a\xe6\x94\xbe\xe5\xa4\xa7\xe6\x88\x90\xe7\xb6\xa0\xe8\x89\xb2\xe6\x88\x96\xe7\x81\xb0\xe8\x89\xb2\xe6\x96\x91\xe9\xbb\x9e\xe3\x80\x82\xe9\x97\x9c\xe9\x96\x89\xe5\x89\x87\xe7\x82\xba\xe4\xb9\x8b\xe5\x89\x8d\xe7\x9a\x84\xe8\xa8\x88\xe7\xae\x97\xe6\x96\xb9\xe5\xbc\x8f\xe3\x80\x82"},
    {"v1 (frame meter)",
     "v1\xef\xbc\x88\xe5\xb9\x80\xe6\xb8\xac\xe5\x85\x89\xef\xbc\x89"},
    {"v2 (game exposure)",
     "v2\xef\xbc\x88\xe9\x81\x8a\xe6\x88\xb2\xe6\x9b\x9d\xe5\x85\x89\xef\xbc\x89"},
    {"Brightness source",
     "\xe4\xba\xae\xe5\xba\xa6\xe4\xbe\x86\xe6\xba\x90"},
    {"Where the brightness NR is fed at comes from on relative HDR sources.  v2 follows the game's own exposure (its DLSS exposure texture, or a pre-exposed buffer as it is), so NR's input holds still while the game's eye adaptation swings.  v1 meters each frame's content and adapts at its own rates, which can pulse slowly against the game's adaptation.  Auto uses v2 when the game provides an exposure texture and v1 otherwise: a pre-exposed buffer fed as it is lets a bright scene overload NR's input, and NR boils.  Calibrated/absolute sources ignore this.",
     "\xe5\x9c\xa8\xe7\x9b\xb8\xe5\xb0\x8d HDR \xe4\xbe\x86\xe6\xba\x90\xe4\xb8\x8a\xef\xbc\x8cNR \xe8\xbc\xb8\xe5\x85\xa5\xe4\xba\xae\xe5\xba\xa6\xe7\x9a\x84\xe4\xbe\x9d\xe6\x93\x9a\xe3\x80\x82v2 \xe8\xb7\x9f\xe9\x9a\xa8\xe9\x81\x8a\xe6\x88\xb2\xe6\x9c\xac\xe8\xba\xab\xe7\x9a\x84\xe6\x9b\x9d\xe5\x85\x89\xef\xbc\x88\xe5\x85\xb6 DLSS \xe6\x9b\x9d\xe5\x85\x89\xe7\xb4\x8b\xe7\x90\x86\xef\xbc\x8c\xe6\x88\x96\xe5\x8e\x9f\xe6\xa8\xa3\xe4\xbd\xbf\xe7\x94\xa8\xe9\xa0\x90\xe6\x9b\x9d\xe5\x85\x89\xe7\xb7\xa9\xe8\xa1\x9d\xe5\x8d\x80\xef\xbc\x89\xef\xbc\x8c\xe5\x9b\xa0\xe6\xad\xa4\xe5\x8d\xb3\xe4\xbd\xbf\xe9\x81\x8a\xe6\x88\xb2\xe7\x9a\x84\xe4\xba\xba\xe7\x9c\xbc\xe9\x81\xa9\xe6\x87\x89\xe5\xa4\xa7\xe5\xb9\x85\xe8\xae\x8a\xe5\x8c\x96\xef\xbc\x8cNR \xe7\x9a\x84\xe8\xbc\xb8\xe5\x85\xa5\xe4\xb9\x9f\xe4\xbf\x9d\xe6\x8c\x81\xe7\xa9\xa9\xe5\xae\x9a\xe3\x80\x82v1 \xe5\xb0\x8d\xe6\xaf\x8f\xe5\xb9\x80\xe5\x85\xa7\xe5\xae\xb9\xe6\xb8\xac\xe5\x85\x89\xe4\xb8\xa6\xe4\xbe\x9d\xe8\x87\xaa\xe8\xba\xab\xe9\x80\x9f\xe7\x8e\x87\xe9\x81\xa9\xe6\x87\x89\xef\xbc\x8c\xe5\x8f\xaf\xe8\x83\xbd\xe8\x88\x87\xe9\x81\x8a\xe6\x88\xb2\xe7\x9a\x84\xe9\x81\xa9\xe6\x87\x89\xe7\x9b\xb8\xe4\xba\x92\xe4\xbd\x9c\xe7\x94\xa8\xe8\x80\x8c\xe7\xb7\xa9\xe6\x85\xa2\xe8\x84\x88\xe5\x8b\x95\xe3\x80\x82\xe7\x95\xb6\xe9\x81\x8a\xe6\x88\xb2\xe6\x8f\x90\xe4\xbe\x9b\xe6\x9b\x9d\xe5\x85\x89\xe7\xb4\x8b\xe7\x90\x86\xe6\x99\x82\xef\xbc\x8c\xe8\x87\xaa\xe5\x8b\x95\xe4\xbd\xbf\xe7\x94\xa8 v2\xef\xbc\x8c\xe5\x90\xa6\xe5\x89\x87\xe4\xbd\xbf\xe7\x94\xa8 v1\xef\xbc\x9a\xe5\x8e\x9f\xe6\xa8\xa3\xe8\xbc\xb8\xe5\x85\xa5\xe9\xa0\x90\xe6\x9b\x9d\xe5\x85\x89\xe7\xb7\xa9\xe8\xa1\x9d\xe5\x8d\x80\xe6\x9c\x83\xe8\xae\x93\xe6\x98\x8e\xe4\xba\xae\xe5\xa0\xb4\xe6\x99\xaf\xe4\xbd\xbf NR \xe8\xbc\xb8\xe5\x85\xa5\xe9\x81\x8e\xe8\xbc\x89\xef\xbc\x8c\xe5\xb0\x8e\xe8\x87\xb4 NR \xe7\x95\xab\xe9\x9d\xa2\xe6\xb2\xb8\xe9\xa8\xb0\xe8\x88\xac\xe7\xbf\xbb\xe6\xb9\xa7\xe3\x80\x82\xe5\xb7\xb2\xe6\xa0\xa1\xe6\xba\x96/\xe7\xb5\x95\xe5\xb0\x8d\xe4\xbe\x86\xe6\xba\x90\xe5\xbf\xbd\xe7\x95\xa5\xe6\xad\xa4\xe9\xa0\x85\xe3\x80\x82"},
    {"Off (raw per-frame)",
     "\xe9\x97\x9c\xef\xbc\x88\xe9\x80\x90\xe5\xb9\x80\xe5\x8e\x9f\xe5\xa7\x8b\xe5\x80\xbc\xef\xbc\x89"},
    {"Slew (v6.1.2)",
     "\xe5\xb9\xb3\xe6\xbb\x91\xe9\x99\x90\xe9\x80\x9f (v6.1.2)"},
    {"Stable (recommended)",
     "\xe7\xa9\xa9\xe5\xae\x9a\xef\xbc\x88\xe5\xbb\xba\xe8\xad\xb0\xef\xbc\x89"},
    {"Normalization",
     "\xe6\xad\xa3\xe8\xa6\x8f\xe5\x8c\x96"},
    {"How the same-frame autoscale candidate becomes the applied divisor.  Stable uses a continuous estimate, settles at fixed rates per second (fast when brightening toward clipping, slow when relaxing) and holds still inside a small band, so neither a flickering scene statistic nor a settings edit can pump the image.  Slew is the v6.1.2 per-frame limit; Off applies the raw candidate (v6.1.0).  Calibrated/absolute sources ignore all.",
     "\xe5\x90\x8c\xe5\xb9\x80\xe8\x87\xaa\xe5\x8b\x95\xe7\xb8\xae\xe6\x94\xbe\xe5\x80\x99\xe9\x81\xb8\xe5\x80\xbc\xe5\xa6\x82\xe4\xbd\x95\xe6\x88\x90\xe7\x82\xba\xe5\xaf\xa6\xe9\x9a\x9b\xe5\xa5\x97\xe7\x94\xa8\xe7\x9a\x84\xe9\x99\xa4\xe6\x95\xb8\xe3\x80\x82\xe7\xa9\xa9\xe5\xae\x9a\xe4\xbd\xbf\xe7\x94\xa8\xe9\x80\xa3\xe7\xba\x8c\xe4\xbc\xb0\xe8\xa8\x88\xef\xbc\x8c\xe4\xbb\xa5\xe6\xaf\x8f\xe7\xa7\x92\xe5\x9b\xba\xe5\xae\x9a\xe9\x80\x9f\xe7\x8e\x87\xe6\x94\xb6\xe6\x96\x82\xef\xbc\x88\xe6\x9c\x9d\xe8\xa3\x81\xe5\x88\x87\xe6\x96\xb9\xe5\x90\x91\xe8\xae\x8a\xe4\xba\xae\xe6\x99\x82\xe5\xbf\xab\xef\xbc\x8c\xe6\x94\xbe\xe9\xac\x86\xe6\x99\x82\xe6\x85\xa2\xef\xbc\x89\xef\xbc\x8c\xe4\xb8\xa6\xe5\x9c\xa8\xe5\xb0\x8f\xe7\xaf\x84\xe5\x9c\x8d\xe5\x85\xa7\xe4\xbf\x9d\xe6\x8c\x81\xe4\xb8\x8d\xe8\xae\x8a\xef\xbc\x8c\xe5\x9b\xa0\xe6\xad\xa4\xe7\x84\xa1\xe8\xab\x96\xe6\x98\xaf\xe9\x96\x83\xe7\x88\x8d\xe7\x9a\x84\xe5\xa0\xb4\xe6\x99\xaf\xe7\xb5\xb1\xe8\xa8\x88\xe9\x82\x84\xe6\x98\xaf\xe8\xa8\xad\xe5\xae\x9a\xe4\xbf\xae\xe6\x94\xb9\xe9\x83\xbd\xe4\xb8\x8d\xe6\x9c\x83\xe4\xbd\xbf\xe7\x95\xab\xe9\x9d\xa2\xe8\xb5\xb7\xe4\xbc\x8f\xe3\x80\x82\xe5\xb9\xb3\xe6\xbb\x91\xe9\x99\x90\xe9\x80\x9f\xe6\x98\xaf v6.1.2 \xe7\x9a\x84\xe9\x80\x90\xe5\xb9\x80\xe9\x99\x90\xe5\x88\xb6\xef\xbc\x9b\xe9\x97\x9c\xe7\x9b\xb4\xe6\x8e\xa5\xe5\xa5\x97\xe7\x94\xa8\xe5\x8e\x9f\xe5\xa7\x8b\xe5\x80\x99\xe9\x81\xb8\xe5\x80\xbc\xef\xbc\x88v6.1.0\xef\xbc\x89\xe3\x80\x82\xe5\xb7\xb2\xe6\xa0\xa1\xe6\xba\x96/\xe7\xb5\x95\xe5\xb0\x8d\xe4\xbe\x86\xe6\xba\x90\xe5\xbf\xbd\xe7\x95\xa5\xe6\x89\x80\xe6\x9c\x89\xe9\x80\x99\xe4\xba\x9b\xe3\x80\x82"},
    {"How fast the divisor may rise when the frame gets brighter (toward the proxy's clipping shoulder).",
     "\xe7\x95\xab\xe9\x9d\xa2\xe8\xae\x8a\xe4\xba\xae\xe6\x99\x82\xef\xbc\x88\xe6\x9c\x9d\xe5\x90\x91\xe4\xbb\xa3\xe7\x90\x86\xe7\x9a\x84\xe8\xa3\x81\xe5\x88\x87\xe8\x82\xa9\xe9\x83\xa8\xef\xbc\x89\xe9\x99\xa4\xe6\x95\xb8\xe4\xb8\x8a\xe5\x8d\x87\xe7\x9a\x84\xe6\x9c\x80\xe5\xa4\xa7\xe9\x80\x9f\xe5\xba\xa6\xe3\x80\x82"},
    {"How fast the divisor may relax when the frame gets darker.  Slow by design: a darker proxy is harmless, a pumping one is not.",
     "\xe7\x95\xab\xe9\x9d\xa2\xe8\xae\x8a\xe6\x9a\x97\xe6\x99\x82\xe9\x99\xa4\xe6\x95\xb8\xe6\x94\xbe\xe9\xac\x86\xe7\x9a\x84\xe6\x9c\x80\xe5\xa4\xa7\xe9\x80\x9f\xe5\xba\xa6\xe3\x80\x82\xe5\x88\xbb\xe6\x84\x8f\xe8\xa8\xad\xe8\xa8\x88\xe5\xbe\x97\xe8\xbc\x83\xe6\x85\xa2\xef\xbc\x9a\xe8\xbc\x83\xe6\x9a\x97\xe7\x9a\x84\xe4\xbb\xa3\xe7\x90\x86\xe7\x84\xa1\xe5\xae\xb3\xef\xbc\x8c\xe8\xb5\xb7\xe4\xbc\x8f\xe7\x9a\x84\xe4\xbb\xa3\xe7\x90\x86\xe5\x89\x87\xe4\xb8\x8d\xe7\x84\xb6\xe3\x80\x82"},
    {"Slew (stops/frame)",
     "\xe5\xb9\xb3\xe6\xbb\x91\xe9\x99\x90\xe9\x80\x9f\xef\xbc\x88\xe6\xa0\xbc/\xe5\xb9\x80\xef\xbc\x89"},
    {"Largest step the committed divisor may take in one frame.  0.020 is ~1.2 stops/s at 60 Hz: faster than engine eye adaptation, far slower than the frame-to-frame oscillation it damps.  Scene cuts, config changes and feature rebuilds snap instead of slewing, so raising this only affects tracking lag.  0 behaves as Off.",
     "\xe5\xb7\xb2\xe6\x8f\x90\xe4\xba\xa4\xe9\x99\xa4\xe6\x95\xb8\xe5\x9c\xa8\xe4\xb8\x80\xe5\xb9\x80\xe5\x85\xa7\xe5\x8f\xaf\xe8\xae\x8a\xe5\x8c\x96\xe7\x9a\x84\xe6\x9c\x80\xe5\xa4\xa7\xe6\xad\xa5\xe9\x95\xb7\xe3\x80\x82" "0.020 \xe5\x9c\xa8 60 Hz \xe4\xb8\x8b\xe7\xb4\x84\xe7\x82\xba 1.2 \xe6\xa0\xbc/\xe7\xa7\x92\xef\xbc\x9a\xe6\xaf\x94\xe5\xbc\x95\xe6\x93\x8e\xe7\x9a\x84\xe4\xba\xba\xe7\x9c\xbc\xe9\x81\xa9\xe6\x87\x89\xe6\x9b\xb4\xe5\xbf\xab\xef\xbc\x8c\xe4\xbd\x86\xe9\x81\xa0\xe6\x85\xa2\xe6\x96\xbc\xe5\x85\xb6\xe6\x8a\x91\xe5\x88\xb6\xe7\x9a\x84\xe5\xb9\x80\xe9\x96\x93\xe6\x8c\xaf\xe7\x9b\xaa\xe3\x80\x82\xe5\xa0\xb4\xe6\x99\xaf\xe5\x88\x87\xe6\x8f\x9b\xe3\x80\x81\xe8\xa8\xad\xe5\xae\x9a\xe8\xae\x8a\xe6\x9b\xb4\xe5\x92\x8c\xe5\x8a\x9f\xe8\x83\xbd\xe9\x87\x8d\xe5\xbb\xba\xe6\x99\x82\xe6\x9c\x83\xe7\x9b\xb4\xe6\x8e\xa5\xe8\xb7\xb3\xe8\xae\x8a\xe8\x80\x8c\xe4\xb8\x8d\xe6\x98\xaf\xe6\xbc\xb8\xe8\xae\x8a\xef\xbc\x8c\xe5\x9b\xa0\xe6\xad\xa4\xe6\x8f\x90\xe9\xab\x98\xe6\xad\xa4\xe5\x80\xbc\xe5\x8f\xaa\xe5\xbd\xb1\xe9\x9f\xbf\xe8\xbf\xbd\xe8\xb9\xa4\xe5\xbb\xb6\xe9\x81\xb2\xe3\x80\x82" "0 \xe7\xad\x89\xe5\x90\x8c\xe6\x96\xbc\xe9\x97\x9c\xe3\x80\x82"},
    {"Use game NGX flag",
     "\xe4\xbd\xbf\xe7\x94\xa8\xe9\x81\x8a\xe6\x88\xb2 NGX \xe6\x97\x97\xe6\xa8\x99"},
    {"Force normal depth",
     "\xe5\xbc\xb7\xe5\x88\xb6\xe4\xb8\x80\xe8\x88\xac\xe6\xb7\xb1\xe5\xba\xa6"},
    {"Force inverted depth",
     "\xe5\xbc\xb7\xe5\x88\xb6\xe5\x8f\x8d\xe8\xbd\x89\xe6\xb7\xb1\xe5\xba\xa6"},
    {"Depth",
     "\xe6\xb7\xb1\xe5\xba\xa6"},
    {"Which way the game's depth runs.  The game's own NGX flag is right unless the game declares it wrongly.",
     "\xe9\x81\x8a\xe6\x88\xb2\xe6\xb7\xb1\xe5\xba\xa6\xe7\x9a\x84\xe6\x96\xb9\xe5\x90\x91\xe3\x80\x82\xe9\x99\xa4\xe9\x9d\x9e\xe9\x81\x8a\xe6\x88\xb2\xe9\x8c\xaf\xe8\xaa\xa4\xe5\xae\xa3\xe5\x91\x8a\xef\xbc\x8c\xe5\x90\xa6\xe5\x89\x87\xe9\x81\x8a\xe6\x88\xb2\xe6\x9c\xac\xe8\xba\xab\xe7\x9a\x84 NGX \xe6\x97\x97\xe6\xa8\x99\xe6\x98\xaf\xe6\xad\xa3\xe7\xa2\xba\xe7\x9a\x84\xe3\x80\x82"},
    {"Scales the game's motion vectors before the model sees them.  1.000 is right unless the game reports them at another scale; a negative value flips an axis.",
     "\xe5\x9c\xa8\xe6\xa8\xa1\xe5\x9e\x8b\xe8\xae\x80\xe5\x8f\x96\xe4\xb9\x8b\xe5\x89\x8d\xe7\xb8\xae\xe6\x94\xbe\xe9\x81\x8a\xe6\x88\xb2\xe7\x9a\x84\xe9\x81\x8b\xe5\x8b\x95\xe5\x90\x91\xe9\x87\x8f\xe3\x80\x82\xe9\x99\xa4\xe9\x9d\x9e\xe9\x81\x8a\xe6\x88\xb2\xe4\xbb\xa5\xe5\x85\xb6\xe4\xbb\x96\xe6\xaf\x94\xe4\xbe\x8b\xe5\x9b\x9e\xe5\xa0\xb1\xef\xbc\x8c\xe5\x90\xa6\xe5\x89\x87 1.000 \xe6\x98\xaf\xe6\xad\xa3\xe7\xa2\xba\xe7\x9a\x84\xef\xbc\x9b\xe8\xb2\xa0\xe5\x80\xbc\xe6\x9c\x83\xe7\xbf\xbb\xe8\xbd\x89\xe8\xa9\xb2\xe8\xbb\xb8\xe3\x80\x82"},
    {"Motion scale X",
     "\xe9\x81\x8b\xe5\x8b\x95\xe6\xaf\x94\xe4\xbe\x8b X"},
    {"Motion scale Y",
     "\xe9\x81\x8b\xe5\x8b\x95\xe6\xaf\x94\xe4\xbe\x8b Y"},
    {"Chained history",
     "\xe9\x8f\x88\xe5\xbc\x8f\xe6\xad\xb7\xe5\x8f\xb2"},
    {"ON (default): every stacked pass keeps its own temporal history (reset only on scene cuts/contract changes). OFF: legacy diagnostic mode - passes 2+ are stateless (Reset every frame).  NVIDIA documents Reset-per-frame as a flicker/aliasing risk; only turn chained OFF to A/B a suspected ghosting compounding.",
     "\xe9\x96\x8b\xef\xbc\x88\xe9\xa0\x90\xe8\xa8\xad\xef\xbc\x89\xef\xbc\x9a\xe6\xaf\x8f\xe5\x80\x8b\xe7\x96\x8a\xe5\x8a\xa0\xe9\x80\x9a\xe9\x81\x93\xe4\xbf\x9d\xe7\x95\x99\xe5\x90\x84\xe8\x87\xaa\xe7\x9a\x84\xe6\x99\x82\xe9\x96\x93\xe6\xad\xb7\xe5\x8f\xb2\xef\xbc\x88\xe5\x83\x85\xe5\x9c\xa8\xe5\xa0\xb4\xe6\x99\xaf\xe5\x88\x87\xe6\x8f\x9b/\xe7\xb4\x84\xe5\xae\x9a\xe8\xae\x8a\xe6\x9b\xb4\xe6\x99\x82\xe9\x87\x8d\xe8\xa8\xad\xef\xbc\x89\xe3\x80\x82\xe9\x97\x9c\xef\xbc\x9a\xe8\x88\x8a\xe7\x89\x88\xe8\xa8\xba\xe6\x96\xb7\xe6\xa8\xa1\xe5\xbc\x8f - \xe7\xac\xac 2 \xe5\x80\x8b\xe4\xbb\xa5\xe5\xbe\x8c\xe7\x9a\x84\xe9\x80\x9a\xe9\x81\x93\xe7\x84\xa1\xe7\x8b\x80\xe6\x85\x8b\xef\xbc\x88\xe6\xaf\x8f\xe5\xb9\x80 Reset\xef\xbc\x89\xe3\x80\x82NVIDIA \xe6\x96\x87\xe4\xbb\xb6\xe6\x8c\x87\xe5\x87\xba\xe6\xaf\x8f\xe5\xb9\x80 Reset \xe6\x9c\x89\xe9\x96\x83\xe7\x88\x8d/\xe9\x8b\xb8\xe9\xbd\x92\xe9\xa2\xa8\xe9\x9a\xaa\xef\xbc\x9b\xe5\x83\x85\xe5\x9c\xa8\xe9\x9c\x80\xe8\xa6\x81 A/B \xe6\xaf\x94\xe8\xbc\x83\xe7\x96\x91\xe4\xbc\xbc\xe6\xae\x98\xe5\xbd\xb1\xe7\x96\x8a\xe5\x8a\xa0\xe6\x99\x82\xe6\x89\x8d\xe9\x97\x9c\xe9\x96\x89\xe9\x8f\x88\xe5\xbc\x8f\xe3\x80\x82"},
    {"The game's DLSS call lacked its output, depth or motion",
     "\xe9\x81\x8a\xe6\x88\xb2\xe7\x9a\x84 DLSS \xe5\x91\xbc\xe5\x8f\xab\xe7\xbc\xba\xe5\xb0\x91\xe8\xbc\xb8\xe5\x87\xba\xe3\x80\x81\xe6\xb7\xb1\xe5\xba\xa6\xe6\x88\x96\xe9\x81\x8b\xe5\x8b\x95"},
    {"The game's DLSS output has a size or layout NR cannot use",
     "\xe9\x81\x8a\xe6\x88\xb2\xe7\x9a\x84 DLSS \xe8\xbc\xb8\xe5\x87\xba\xe5\xb0\xba\xe5\xaf\xb8\xe6\x88\x96\xe9\x85\x8d\xe7\xbd\xae NR \xe7\x84\xa1\xe6\xb3\x95\xe4\xbd\xbf\xe7\x94\xa8"},
    {"The game's image before upscaling has a size or layout NR cannot use",
     "\xe9\x81\x8a\xe6\x88\xb2\xe6\x94\xbe\xe5\xa4\xa7\xe5\x89\x8d\xe7\x95\xab\xe9\x9d\xa2\xe7\x9a\x84\xe5\xb0\xba\xe5\xaf\xb8\xe6\x88\x96\xe9\x85\x8d\xe7\xbd\xae NR \xe7\x84\xa1\xe6\xb3\x95\xe4\xbd\xbf\xe7\x94\xa8"},
    {"Streamline did not hand over every image NR needs",
     "Streamline \xe6\xb2\x92\xe6\x9c\x89\xe4\xba\xa4\xe5\x87\xba NR \xe6\x89\x80\xe9\x9c\x80\xe7\x9a\x84\xe5\x85\xa8\xe9\x83\xa8\xe5\xbd\xb1\xe5\x83\x8f"},
    {"Streamline's images were in a state NR cannot use",
     "Streamline \xe7\x9a\x84\xe5\xbd\xb1\xe5\x83\x8f\xe8\x99\x95\xe6\x96\xbc NR \xe7\x84\xa1\xe6\xb3\x95\xe4\xbd\xbf\xe7\x94\xa8\xe7\x9a\x84\xe7\x8b\x80\xe6\x85\x8b"},
    {"The NR runtime was not ready for Streamline",
     "NR \xe5\x9f\xb7\xe8\xa1\x8c\xe9\x9a\x8e\xe6\xae\xb5\xe5\xb0\x9a\xe6\x9c\xaa\xe7\x82\xba Streamline \xe5\xb0\xb1\xe7\xb7\x92"},
    {"The frame was already enhanced (the game ran DLSS twice)",
     "\xe8\xa9\xb2\xe5\xb9\x80\xe5\xb7\xb2\xe8\xa2\xab\xe5\xa2\x9e\xe5\xbc\xb7\xef\xbc\x88\xe9\x81\x8a\xe6\x88\xb2\xe5\x91\xbc\xe5\x8f\xab\xe4\xba\x86\xe5\x85\xa9\xe6\xac\xa1 DLSS\xef\xbc\x89"},
    {"The game's GPU state could not be restored safely",
     "\xe7\x84\xa1\xe6\xb3\x95\xe5\xae\x89\xe5\x85\xa8\xe9\x82\x84\xe5\x8e\x9f\xe9\x81\x8a\xe6\x88\xb2\xe7\x9a\x84 GPU \xe7\x8b\x80\xe6\x85\x8b"},
    {"NR could not set up its working images",
     "NR \xe7\x84\xa1\xe6\xb3\x95\xe6\xba\x96\xe5\x82\x99\xe5\x85\xb6\xe5\xb7\xa5\xe4\xbd\x9c\xe5\xbd\xb1\xe5\x83\x8f"},
    {"Warm-up after a start or a settings change",
     "\xe5\x95\x9f\xe5\x8b\x95\xe6\x88\x96\xe8\xae\x8a\xe6\x9b\xb4\xe8\xa8\xad\xe5\xae\x9a\xe5\xbe\x8c\xe7\x9a\x84\xe9\xa0\x90\xe7\x86\xb1"},
    {"Strength is 0 in every pass",
     "\xe6\xaf\x8f\xe5\x80\x8b\xe9\x80\x9a\xe9\x81\x93\xe7\x9a\x84\xe5\xbc\xb7\xe5\xba\xa6\xe9\x83\xbd\xe7\x82\xba 0"},
    {"Waiting to retry after a failure",
     "\xe5\xa4\xb1\xe6\x95\x97\xe5\xbe\x8c\xe7\xad\x89\xe5\xbe\x85\xe9\x87\x8d\xe8\xa9\xa6"},
    {"The NR runtime is not available",
     "NR \xe5\x9f\xb7\xe8\xa1\x8c\xe9\x9a\x8e\xe6\xae\xb5\xe7\x84\xa1\xe6\xb3\x95\xe4\xbd\xbf\xe7\x94\xa8"},
    {"The Direct3D 11 bridge was not running",
     "Direct3D 11 \xe6\xa9\x8b\xe6\x8e\xa5\xe6\x9c\xaa\xe5\x9f\xb7\xe8\xa1\x8c"},
    {"This frame's images cannot cross the Direct3D 11 bridge",
     "\xe8\xa9\xb2\xe5\xb9\x80\xe7\x9a\x84\xe5\xbd\xb1\xe5\x83\x8f\xe7\x84\xa1\xe6\xb3\x95\xe9\x80\x9a\xe9\x81\x8e Direct3D 11 \xe6\xa9\x8b\xe6\x8e\xa5"},
    {"The Direct3D 11 bridge was still busy on the GPU",
     "Direct3D 11 \xe6\xa9\x8b\xe6\x8e\xa5\xe5\x9c\xa8 GPU \xe4\xb8\x8a\xe4\xbb\x8d\xe7\x84\xb6\xe5\xbf\x99\xe7\xa2\x8c"},
    {"A Direct3D 11 bridge frame stalled and was released",
     "\xe4\xb8\x80\xe5\xb9\x80 Direct3D 11 \xe6\xa9\x8b\xe6\x8e\xa5\xe5\xb7\xa5\xe4\xbd\x9c\xe5\x8d\xa1\xe4\xbd\x8f\xe4\xb8\xa6\xe5\xb7\xb2\xe9\x87\x8b\xe6\x94\xbe"},
    {"The Direct3D 11 bridge was lost",
     "Direct3D 11 \xe6\xa9\x8b\xe6\x8e\xa5\xe5\xb7\xb2\xe9\x81\xba\xe5\xa4\xb1"},
    {"The game ran DLSS on a deferred Direct3D 11 context",
     "\xe9\x81\x8a\xe6\x88\xb2\xe5\x9c\xa8\xe5\xbb\xb6\xe9\x81\xb2\xe7\x9a\x84 Direct3D 11 \xe5\x85\xa7\xe5\xae\xb9\xe4\xb8\xad\xe5\x91\xbc\xe5\x8f\xab\xe4\xba\x86 DLSS"},
    {"Waiting for a closed window's GPU work to finish",
     "\xe7\xad\x89\xe5\xbe\x85\xe5\xb7\xb2\xe9\x97\x9c\xe9\x96\x89\xe8\xa6\x96\xe7\xaa\x97\xe7\x9a\x84 GPU \xe5\xb7\xa5\xe4\xbd\x9c\xe5\xae\x8c\xe6\x88\x90"},
    {"Restore",
     "\xe9\x82\x84\xe5\x8e\x9f"},
    {"Cancel",
     "\xe5\x8f\x96\xe6\xb6\x88"},
    {"Press a key (Esc cancels)",
     "\xe8\xab\x8b\xe6\x8c\x89\xe4\xb8\x80\xe5\x80\x8b\xe9\x8d\xb5\xef\xbc\x88" "Esc \xe5\x8f\x96\xe6\xb6\x88\xef\xbc\x89"},
    {"Toggle NR",
     "\xe5\x88\x87\xe6\x8f\x9b NR"},
    {"Screenshot",
     "\xe6\x88\xaa\xe5\x9c\x96"},
    {"PNG",
     "PNG"},
    {"JPEG",
     "JPEG"},
    {"PNG + JPEG",
     "PNG + JPEG"},
    {"File format",
     "\xe6\xaa\x94\xe6\xa1\x88\xe6\xa0\xbc\xe5\xbc\x8f"},
    {"PNG is lossless. JPEG makes smaller files at full resolution. HDR uses the same SDR preview as rc10.",
     "PNG \xe7\x82\xba\xe7\x84\xa1\xe6\x90\x8d\xe6\xa0\xbc\xe5\xbc\x8f\xe3\x80\x82JPEG \xe5\x9c\xa8\xe4\xbf\x9d\xe6\x8c\x81\xe5\xae\x8c\xe6\x95\xb4\xe8\xa7\xa3\xe6\x9e\x90\xe5\xba\xa6\xe7\x9a\x84\xe5\x90\x8c\xe6\x99\x82\xe7\x94\xa2\xe7\x94\x9f\xe6\x9b\xb4\xe5\xb0\x8f\xe7\x9a\x84\xe6\xaa\x94\xe6\xa1\x88\xe3\x80\x82HDR \xe4\xbd\xbf\xe7\x94\xa8\xe8\x88\x87 rc10 \xe7\x9b\xb8\xe5\x90\x8c\xe7\x9a\x84 SDR \xe9\xa0\x90\xe8\xa6\xbd\xe3\x80\x82"},
    {"Pair",
     "\xe6\x88\x90\xe5\xb0\x8d"},
    {"Pair + side by side",
     "\xe6\x88\x90\xe5\xb0\x8d + \xe4\xb8\xa6\xe6\x8e\x92"},
    {"Comparison layout",
     "\xe6\xaf\x94\xe8\xbc\x83\xe7\x89\x88\xe9\x9d\xa2"},
    {"Side by side adds one file showing NR off (left) and NR on (right), for a single upload.",
     "\xe4\xb8\xa6\xe6\x8e\x92\xe6\x9c\x83\xe9\xa1\x8d\xe5\xa4\x96\xe7\x94\xa2\xe7\x94\x9f\xe4\xb8\x80\xe5\x80\x8b\xe6\xaa\x94\xe6\xa1\x88\xef\xbc\x8c\xe9\xa1\xaf\xe7\xa4\xba\xe9\x97\x9c\xe9\x96\x89 NR\xef\xbc\x88\xe5\xb7\xa6\xef\xbc\x89\xe5\x92\x8c\xe9\x96\x8b\xe5\x95\x9f NR\xef\xbc\x88\xe5\x8f\xb3\xef\xbc\x89\xef\xbc\x8c\xe5\x8f\xaa\xe9\x9c\x80\xe4\xb8\x8a\xe5\x82\xb3\xe4\xb8\x80\xe6\xac\xa1\xe3\x80\x82"},
    {"JPEG quality",
     "JPEG \xe5\x93\x81\xe8\xb3\xaa"},
    {"95 is visually lossless. If a file is over the size limit, the quality steps down (not below 85); the image is never scaled down.",
     "95 \xe5\x9c\xa8\xe8\xa6\x96\xe8\xa6\xba\xe4\xb8\x8a\xe7\x84\xa1\xe6\x90\x8d\xe3\x80\x82\xe6\xaa\x94\xe6\xa1\x88\xe8\xb6\x85\xe9\x81\x8e\xe5\xa4\xa7\xe5\xb0\x8f\xe9\x99\x90\xe5\x88\xb6\xe6\x99\x82\xef\xbc\x8c\xe5\x93\x81\xe8\xb3\xaa\xe6\x9c\x83\xe9\x80\x90\xe6\xad\xa5\xe9\x99\x8d\xe4\xbd\x8e (\xe4\xb8\x8d\xe4\xbd\x8e\xe6\x96\xbc 85)\xef\xbc\x9b\xe5\xbd\xb1\xe5\x83\x8f\xe5\xbe\x9e\xe4\xb8\x8d\xe7\xb8\xae\xe5\xb0\x8f\xe3\x80\x82"},
    {"JPEG size limit (MB)",
     "JPEG \xe5\xa4\xa7\xe5\xb0\x8f\xe9\x99\x90\xe5\x88\xb6 (MB)"},
    {"10 is Discord's upload limit without Nitro. 0 turns the limit off.",
     "10 \xe6\x98\xaf\xe6\xb2\x92\xe6\x9c\x89 Nitro \xe6\x99\x82 Discord \xe7\x9a\x84\xe4\xb8\x8a\xe5\x82\xb3\xe9\x99\x90\xe5\x88\xb6\xe3\x80\x82" "0 \xe9\x97\x9c\xe9\x96\x89\xe9\x99\x90\xe5\x88\xb6\xe3\x80\x82"},
    {"waiting for GPU completion",
     "\xe7\xad\x89\xe5\xbe\x85 GPU \xe5\xae\x8c\xe6\x88\x90"},
    {"armed, waiting for a successful evaluation",
     "\xe5\xb7\xb2\xe5\xb0\xb1\xe7\xb7\x92\xef\xbc\x8c\xe6\xad\xa3\xe5\x9c\xa8\xe7\xad\x89\xe5\xbe\x85\xe4\xb8\x80\xe6\xac\xa1\xe6\x88\x90\xe5\x8a\x9f\xe7\x9a\x84\xe8\xa9\x95\xe4\xbc\xb0"},
    {"idle",
     "\xe9\x96\x92\xe7\xbd\xae"},
    {"Capture",
     "\xe6\x93\xb7\xe5\x8f\x96"},
    {"Take a screenshot now",
     "\xe7\xab\x8b\xe5\x8d\xb3\xe6\x88\xaa\xe5\x9c\x96"},
    {"Screenshot status",
     "\xe6\x88\xaa\xe5\x9c\x96\xe7\x8b\x80\xe6\x85\x8b"},
    {"ok | %.1f ms GPU",
     "\xe6\xad\xa3\xe5\xb8\xb8 | %.1f ms GPU"},
    {"ok",
     "\xe6\xad\xa3\xe5\xb8\xb8"},
    {"failed (0x%08X)",
     "\xe5\xa4\xb1\xe6\x95\x97 (0x%08X)"},
    {"%llu enhanced | %llu bypassed",
     "\xe5\xb7\xb2\xe5\xa2\x9e\xe5\xbc\xb7 %llu | \xe5\xb7\xb2\xe7\x95\xa5\xe9\x81\x8e %llu"},
    {"NGX core",
     "NGX \xe6\xa0\xb8\xe5\xbf\x83"},
    {"signed runtime",
     "\xe5\xb7\xb2\xe7\xb0\xbd\xe7\xbd\xb2\xe5\x9f\xb7\xe8\xa1\x8c\xe9\x9a\x8e\xe6\xae\xb5"},
    {"Direct3D 11 bridge, before upscaling",
     "Direct3D 11 \xe6\xa9\x8b\xe6\x8e\xa5\xef\xbc\x8c\xe6\x94\xbe\xe5\xa4\xa7\xe5\x89\x8d"},
    {"Direct3D 11 bridge, after upscaling",
     "Direct3D 11 \xe6\xa9\x8b\xe6\x8e\xa5\xef\xbc\x8c\xe6\x94\xbe\xe5\xa4\xa7\xe5\xbe\x8c"},
    {"Direct3D 12, before upscaling",
     "Direct3D 12\xef\xbc\x8c\xe6\x94\xbe\xe5\xa4\xa7\xe5\x89\x8d"},
    {"Direct3D 12, after upscaling",
     "Direct3D 12\xef\xbc\x8c\xe6\x94\xbe\xe5\xa4\xa7\xe5\xbe\x8c"},
    {"Direct3D 12, from a DX11 bridge tool",
     "Direct3D 12\xef\xbc\x8c\xe4\xbe\x86\xe8\x87\xaa DX11 \xe6\xa9\x8b\xe6\x8e\xa5\xe5\xb7\xa5\xe5\x85\xb7"},
    {"not running",
     "\xe6\x9c\xaa\xe5\x9f\xb7\xe8\xa1\x8c"},
    {"Streamline hooks are on (EnableHooks=1). If the game crashes at boot, set EnableHooks=2: NGX-only still covers Streamline's DLSS calls.",
     "Streamline \xe6\x8e\x9b\xe9\x89\xa4\xe5\xb7\xb2\xe9\x96\x8b\xe5\x95\x9f\xef\xbc\x88" "EnableHooks=1\xef\xbc\x89\xe3\x80\x82\xe5\xa6\x82\xe6\x9e\x9c\xe9\x81\x8a\xe6\x88\xb2\xe5\x95\x9f\xe5\x8b\x95\xe6\x99\x82\xe7\x95\xb6\xe6\xa9\x9f\xef\xbc\x8c\xe8\xab\x8b\xe8\xa8\xad\xe5\xae\x9a EnableHooks=2\xef\xbc\x9a\xe5\x83\x85 NGX \xe6\xa8\xa1\xe5\xbc\x8f\xe5\x90\x8c\xe6\xa8\xa3\xe6\xb6\xb5\xe8\x93\x8b Streamline \xe7\x9a\x84 DLSS \xe5\x91\xbc\xe5\x8f\xab\xe3\x80\x82"},
    {"Flicker or boiling",
     "\xe9\x96\x83\xe7\x88\x8d\xe6\x88\x96\xe9\x9b\x9c\xe8\xa8\x8a\xe6\xb2\xb8\xe9\xa8\xb0"},
    {"Wrong colours",
     "\xe9\xa1\x8f\xe8\x89\xb2\xe4\xb8\x8d\xe5\xb0\x8d"},
    {"Crash or freeze",
     "\xe7\x95\xb6\xe6\xa9\x9f\xe6\x88\x96\xe5\x8d\xa1\xe6\xad\xbb"},
    {"Low fps",
     "fps \xe9\x81\x8e\xe4\xbd\x8e"},
    {"NR not working",
     "NR \xe7\x84\xa1\xe6\xb3\x95\xe9\x81\x8b\xe4\xbd\x9c"},
    {"Something else",
     "\xe5\x85\xb6\xe4\xbb\x96"},
    {"Support report",
     "\xe6\x94\xaf\xe6\x8f\xb4\xe5\xa0\xb1\xe5\x91\x8a"},
    {"ReShade log",
     "ReShade \xe8\xa8\x98\xe9\x8c\x84"},
    {"ReShade settings (ReShade.ini)",
     "ReShade \xe8\xa8\xad\xe5\xae\x9a\xef\xbc\x88ReShade.ini\xef\xbc\x89"},
    {"Crash log",
     "\xe7\x95\xb6\xe6\xa9\x9f\xe8\xa8\x98\xe9\x8c\x84"},
    {"Normalization trace",
     "\xe6\xad\xa3\xe8\xa6\x8f\xe5\x8c\x96\xe8\xbf\xbd\xe8\xb9\xa4"},
    {"Edit trace",
     "\xe7\xb7\xa8\xe8\xbc\xaf\xe8\xbf\xbd\xe8\xb9\xa4"},
    {"Debug trace",
     "\xe5\x81\xb5\xe9\x8c\xaf\xe8\xbf\xbd\xe8\xb9\xa4"},
    {"Model output diagnostic",
     "\xe6\xa8\xa1\xe5\x9e\x8b\xe8\xbc\xb8\xe5\x87\xba\xe8\xa8\xba\xe6\x96\xb7"},
    {"Screenshot, NR on",
     "\xe6\x88\xaa\xe5\x9c\x96\xef\xbc\x8c\xe9\x96\x8b\xe5\x95\x9f NR"},
    {"Model input diagnostic",
     "\xe6\xa8\xa1\xe5\x9e\x8b\xe8\xbc\xb8\xe5\x85\xa5\xe8\xa8\xba\xe6\x96\xb7"},
    {"Screenshot, NR off",
     "\xe6\x88\xaa\xe5\x9c\x96\xef\xbc\x8c\xe9\x97\x9c\xe9\x96\x89 NR"},
    {"Capture details",
     "\xe6\x93\xb7\xe5\x8f\x96\xe8\xa9\xb3\xe7\xb4\xb0\xe8\xb3\x87\xe8\xa8\x8a"},
    {"Summary: version, status, settings, GPU and driver",
     "\xe6\x91\x98\xe8\xa6\x81\xef\xbc\x9a\xe7\x89\x88\xe6\x9c\xac\xe3\x80\x81\xe7\x8b\x80\xe6\x85\x8b\xe3\x80\x81\xe8\xa8\xad\xe5\xae\x9a\xe3\x80\x81GPU \xe5\x92\x8c\xe9\xa9\x85\xe5\x8b\x95\xe7\xa8\x8b\xe5\xbc\x8f"},
    {"Capture taken.",
     "\xe5\xb7\xb2\xe6\x93\xb7\xe5\x8f\x96\xe7\x95\xab\xe9\x9d\xa2\xe3\x80\x82"},
    {"No capture: this API or presentation path does not support an exact final-frame comparison yet.",
     "\xe6\x9c\xaa\xe6\x93\xb7\xe5\x8f\x96\xef\xbc\x9a\xe6\xad\xa4 API \xe6\x88\x96\xe5\x91\x88\xe7\x8f\xbe\xe8\xb7\xaf\xe5\xbe\x91\xe5\xb0\x9a\xe4\xb8\x8d\xe6\x94\xaf\xe6\x8f\xb4\xe7\xb2\xbe\xe7\xa2\xba\xe7\x9a\x84\xe6\x9c\x80\xe7\xb5\x82\xe7\x95\xab\xe9\x9d\xa2\xe6\xaf\x94\xe8\xbc\x83\xe3\x80\x82"},
    {"No capture: model-buffer readback is unavailable on this path; use the game's screenshot function for the displayed image.",
     "\xe6\x9c\xaa\xe6\x93\xb7\xe5\x8f\x96\xef\xbc\x9a\xe6\xad\xa4\xe8\xb7\xaf\xe5\xbe\x91\xe7\x84\xa1\xe6\xb3\x95\xe5\x9b\x9e\xe8\xae\x80\xe6\xa8\xa1\xe5\x9e\x8b\xe7\xb7\xa9\xe8\xa1\x9d\xe5\x8d\x80\xef\xbc\x9b\xe9\xa1\xaf\xe7\xa4\xba\xe7\x9a\x84\xe7\x95\xab\xe9\x9d\xa2\xe8\xab\x8b\xe4\xbd\xbf\xe7\x94\xa8\xe9\x81\x8a\xe6\x88\xb2\xe5\x85\xa7\xe5\xbb\xba\xe7\x9a\x84\xe6\x88\xaa\xe5\x9c\x96\xe5\x8a\x9f\xe8\x83\xbd\xe6\x93\xb7\xe5\x8f\x96\xe3\x80\x82"},
    {"No capture: exact comparison unavailable with this frame-generation route; disable frame generation for the capture.",
     "\xe6\x9c\xaa\xe6\x93\xb7\xe5\x8f\x96\xef\xbc\x9a\xe6\xad\xa4\xe5\xb9\x80\xe7\x94\x9f\xe6\x88\x90\xe8\xb7\xaf\xe5\xbe\x91\xe7\x84\xa1\xe6\xb3\x95\xe9\x80\xb2\xe8\xa1\x8c\xe7\xb2\xbe\xe7\xa2\xba\xe6\xaf\x94\xe8\xbc\x83\xef\xbc\x9b\xe6\x93\xb7\xe5\x8f\x96\xe6\x99\x82\xe8\xab\x8b\xe9\x97\x9c\xe9\x96\x89\xe5\xb9\x80\xe7\x94\x9f\xe6\x88\x90\xe3\x80\x82"},
    {"No capture: enable NR before taking a comparison.",
     "\xe6\x9c\xaa\xe6\x93\xb7\xe5\x8f\x96\xef\xbc\x9a\xe8\xab\x8b\xe5\x85\x88\xe9\x96\x8b\xe5\x95\x9f NR \xe5\x86\x8d\xe6\x93\xb7\xe5\x8f\x96\xe6\xaf\x94\xe8\xbc\x83\xe3\x80\x82"},
    {"No capture: another NR implementation owns this frame.",
     "\xe6\x9c\xaa\xe6\x93\xb7\xe5\x8f\x96\xef\xbc\x9a\xe6\xad\xa4\xe5\xb9\x80\xe7\x94\xb1\xe5\x8f\xa6\xe4\xb8\x80\xe5\x80\x8b NR \xe5\xaf\xa6\xe4\xbd\x9c\xe8\x99\x95\xe7\x90\x86\xe3\x80\x82"},
    {"No capture: the command list carrying its copies did not execute.",
     "\xe6\x9c\xaa\xe6\x93\xb7\xe5\x8f\x96\xef\xbc\x9a\xe5\x8c\x85\xe5\x90\xab\xe5\x85\xb6\xe8\xa4\x87\xe8\xa3\xbd\xe6\x93\x8d\xe4\xbd\x9c\xe7\x9a\x84\xe5\x91\xbd\xe4\xbb\xa4\xe6\xb8\x85\xe5\x96\xae\xe6\x9c\xaa\xe5\x9f\xb7\xe8\xa1\x8c\xe3\x80\x82"},
    {"No capture: NR did not run a frame (NR off, a menu or a loading screen).",
     "\xe6\x9c\xaa\xe6\x93\xb7\xe5\x8f\x96\xef\xbc\x9aNR \xe6\x9c\xaa\xe5\x9f\xb7\xe8\xa1\x8c\xe4\xbb\xbb\xe4\xbd\x95\xe5\xb9\x80\xef\xbc\x88NR \xe9\x97\x9c\xe9\x96\x89\xe3\x80\x81\xe9\x81\xb8\xe5\x96\xae\xe6\x88\x96\xe8\xbc\x89\xe5\x85\xa5\xe7\x95\xab\xe9\x9d\xa2\xef\xbc\x89\xe3\x80\x82"},
    {"No capture: it did not finish in time.",
     "\xe6\x9c\xaa\xe6\x93\xb7\xe5\x8f\x96\xef\xbc\x9a\xe6\x9c\xaa\xe8\x83\xbd\xe5\x8f\x8a\xe6\x99\x82\xe5\xae\x8c\xe6\x88\x90\xe3\x80\x82"},
    {"No capture: the GPU did not confirm the copies in time.",
     "\xe6\x9c\xaa\xe6\x93\xb7\xe5\x8f\x96\xef\xbc\x9aGPU \xe6\x9c\xaa\xe8\x83\xbd\xe5\x8f\x8a\xe6\x99\x82\xe7\xa2\xba\xe8\xaa\x8d\xe8\xa4\x87\xe8\xa3\xbd\xe3\x80\x82"},
    {"No capture: the frame's NR pass did not complete.",
     "\xe6\x9c\xaa\xe6\x93\xb7\xe5\x8f\x96\xef\xbc\x9a\xe8\xa9\xb2\xe5\xb9\x80\xe7\x9a\x84 NR \xe8\x99\x95\xe7\x90\x86\xe6\x9c\xaa\xe5\xae\x8c\xe6\x88\x90\xe3\x80\x82"},
    {"No capture: skipped.",
     "\xe6\x9c\xaa\xe6\x93\xb7\xe5\x8f\x96\xef\xbc\x9a\xe5\xb7\xb2\xe7\x95\xa5\xe9\x81\x8e\xe3\x80\x82"},
    {"No capture: another capture stayed busy.",
     "\xe6\x9c\xaa\xe8\x83\xbd\xe6\x93\xb7\xe5\x8f\x96\xef\xbc\x9a\xe5\x8f\xa6\xe4\xb8\x80\xe9\xa0\x85\xe6\x93\xb7\xe5\x8f\x96\xe4\xbb\x8d\xe5\x9c\xa8\xe9\x80\xb2\xe8\xa1\x8c\xe3\x80\x82"},
    {"No capture: the files could not be written.",
     "\xe6\x9c\xaa\xe6\x93\xb7\xe5\x8f\x96\xef\xbc\x9a\xe7\x84\xa1\xe6\xb3\x95\xe5\xaf\xab\xe5\x85\xa5\xe6\xaa\x94\xe6\xa1\x88\xe3\x80\x82"},
    {"I'm having issues...",
     "\xe6\x88\x91\xe9\x81\x87\xe5\x88\xb0\xe4\xba\x86\xe5\x95\x8f\xe9\xa1\x8c..."},
    {"Takes a capture (%s) and collects the logs into one zip. You review every file; it is uploaded only when you press Upload, and you get a link to send to the mod author.",
     "\xe6\x93\xb7\xe5\x8f\x96\xe4\xb8\x80\xe6\xac\xa1\xe7\x95\xab\xe9\x9d\xa2\xef\xbc\x88%s\xef\xbc\x89\xef\xbc\x8c\xe4\xb8\xa6\xe5\xb0\x87\xe8\xa8\x98\xe9\x8c\x84\xe6\x94\xb6\xe9\x9b\x86\xe5\x88\xb0\xe4\xb8\x80\xe5\x80\x8b zip \xe4\xb8\xad\xe3\x80\x82\xe4\xbd\xa0\xe6\x9c\x83\xe6\xaa\xa2\xe6\x9f\xa5\xe6\xaf\x8f\xe5\x80\x8b\xe6\xaa\x94\xe6\xa1\x88\xef\xbc\x9b\xe5\x8f\xaa\xe6\x9c\x89\xe6\x8c\x89\xe4\xb8\x8b\xe3\x80\x8c\xe4\xb8\x8a\xe5\x82\xb3\xe3\x80\x8d\xe6\x89\x8d\xe6\x9c\x83\xe4\xb8\x8a\xe5\x82\xb3\xef\xbc\x8c\xe4\xb9\x8b\xe5\xbe\x8c\xe4\xbd\xa0\xe6\x9c\x83\xe5\xbe\x97\xe5\x88\xb0\xe4\xb8\x80\xe5\x80\x8b\xe9\x80\xa3\xe7\xb5\x90\xef\xbc\x8c\xe5\x82\xb3\xe7\xb5\xa6\xe6\xa8\xa1\xe7\xb5\x84\xe4\xbd\x9c\xe8\x80\x85\xe5\x8d\xb3\xe5\x8f\xaf\xe3\x80\x82"},
    {"Report an issue",
     "\xe5\x9b\x9e\xe5\xa0\xb1\xe5\x95\x8f\xe9\xa1\x8c"},
    {"Step 1 of 3: what went wrong?",
     "\xe7\xac\xac 1 \xe6\xad\xa5\xef\xbc\x88\xe5\x85\xb1 3 \xe6\xad\xa5\xef\xbc\x89\xef\xbc\x9a\xe5\x87\xba\xe4\xba\x86\xe4\xbb\x80\xe9\xba\xbc\xe5\x95\x8f\xe9\xa1\x8c\xef\xbc\x9f"},
    {"One line: what you saw, and where in the game (optional)",
     "\xe4\xb8\x80\xe5\x8f\xa5\xe8\xa9\xb1\xef\xbc\x9a\xe4\xbd\xa0\xe7\x9c\x8b\xe5\x88\xb0\xe4\xba\x86\xe4\xbb\x80\xe9\xba\xbc\xef\xbc\x8c\xe5\x9c\xa8\xe9\x81\x8a\xe6\x88\xb2\xe4\xb8\xad\xe7\x9a\x84\xe5\x93\xaa\xe8\xa3\xa1\xef\xbc\x88\xe5\x8f\xaf\xe9\x81\xb8\xef\xbc\x89"},
    {"Next, the addon takes a capture (%s) while the game keeps running and collects its logs. Nothing leaves your PC until you press Upload.",
     "\xe6\x8e\xa5\xe4\xb8\x8b\xe4\xbe\x86\xef\xbc\x8c\xe9\x99\x84\xe5\x8a\xa0\xe5\x85\x83\xe4\xbb\xb6\xe6\x9c\x83\xe5\x9c\xa8\xe9\x81\x8a\xe6\x88\xb2\xe7\xb9\xbc\xe7\xba\x8c\xe5\x9f\xb7\xe8\xa1\x8c\xe6\x99\x82\xe6\x93\xb7\xe5\x8f\x96\xe4\xb8\x80\xe6\xac\xa1\xe7\x95\xab\xe9\x9d\xa2\xef\xbc\x88%s\xef\xbc\x89\xe4\xb8\xa6\xe6\x94\xb6\xe9\x9b\x86\xe8\xa8\x98\xe9\x8c\x84\xe3\x80\x82\xe5\x9c\xa8\xe4\xbd\xa0\xe6\x8c\x89\xe4\xb8\x8b\xe3\x80\x8c\xe4\xb8\x8a\xe5\x82\xb3\xe3\x80\x8d\xe4\xb9\x8b\xe5\x89\x8d\xef\xbc\x8c\xe4\xbb\xbb\xe4\xbd\x95\xe5\x85\xa7\xe5\xae\xb9\xe9\x83\xbd\xe4\xb8\x8d\xe6\x9c\x83\xe9\x9b\xa2\xe9\x96\x8b\xe4\xbd\xa0\xe7\x9a\x84\xe9\x9b\xbb\xe8\x85\xa6\xe3\x80\x82"},
    {"Continue",
     "\xe7\xb9\xbc\xe7\xba\x8c"},
    {"Step 2 of 3: capturing",
     "\xe7\xac\xac 2 \xe6\xad\xa5\xef\xbc\x88\xe5\x85\xb1 3 \xe6\xad\xa5\xef\xbc\x89\xef\xbc\x9a\xe6\xad\xa3\xe5\x9c\xa8\xe6\x93\xb7\xe5\x8f\x96"},
    {"Taking a capture (%s). Keep playing: a menu or loading screen has no NR frame to capture.",
     "\xe6\xad\xa3\xe5\x9c\xa8\xe6\x93\xb7\xe5\x8f\x96\xef\xbc\x88%s\xef\xbc\x89\xe3\x80\x82\xe8\xab\x8b\xe7\xb9\xbc\xe7\xba\x8c\xe9\x81\x8a\xe6\x88\xb2\xef\xbc\x9a\xe9\x81\xb8\xe5\x96\xae\xe6\x88\x96\xe8\xbc\x89\xe5\x85\xa5\xe7\x95\xab\xe9\x9d\xa2\xe6\xb2\x92\xe6\x9c\x89\xe5\x8f\xaf\xe6\x93\xb7\xe5\x8f\x96\xe7\x9a\x84 NR \xe5\xb9\x80\xe3\x80\x82"},
    {"Continue without a capture",
     "\xe4\xb8\x8d\xe6\x93\xb7\xe5\x8f\x96\xef\xbc\x8c\xe7\xb9\xbc\xe7\xba\x8c"},
    {"Collecting the logs...",
     "\xe6\xad\xa3\xe5\x9c\xa8\xe6\x94\xb6\xe9\x9b\x86\xe8\xa8\x98\xe9\x8c\x84..."},
    {"Step 3 of 3: review what is sent",
     "\xe7\xac\xac 3 \xe6\xad\xa5\xef\xbc\x88\xe5\x85\xb1 3 \xe6\xad\xa5\xef\xbc\x89\xef\xbc\x9a\xe6\xaa\xa2\xe6\x9f\xa5\xe8\xa6\x81\xe5\x82\xb3\xe9\x80\x81\xe7\x9a\x84\xe5\x85\xa7\xe5\xae\xb9"},
    {"Total: %s",
     "\xe7\xb8\xbd\xe8\xa8\x88\xef\xbc\x9a%s"},
    {"Upload sends the zip to %s. Anyone with the link can download it; it is deleted after %u hours.",
     "\xe4\xb8\x8a\xe5\x82\xb3\xe6\x9c\x83\xe5\xb0\x87 zip \xe5\x82\xb3\xe9\x80\x81\xe5\x88\xb0 %s\xe3\x80\x82\xe4\xbb\xbb\xe4\xbd\x95\xe6\x93\x81\xe6\x9c\x89\xe9\x80\xa3\xe7\xb5\x90\xe7\x9a\x84\xe4\xba\xba\xe9\x83\xbd\xe5\x8f\xaf\xe4\xbb\xa5\xe4\xb8\x8b\xe8\xbc\x89\xef\xbc\x9b%u \xe5\xb0\x8f\xe6\x99\x82\xe5\xbe\x8c\xe5\x88\xaa\xe9\x99\xa4\xe3\x80\x82"},
    {"If it does not answer: %s, deleted after %u hours.",
     "\xe5\xa6\x82\xe6\x9e\x9c\xe7\x84\xa1\xe5\x9b\x9e\xe6\x87\x89\xef\xbc\x9a%s\xef\xbc\x8c%u \xe5\xb0\x8f\xe6\x99\x82\xe5\xbe\x8c\xe5\x88\xaa\xe9\x99\xa4\xe3\x80\x82"},
    {"Uploading is off (NRReportHost=none): the zip is saved on this PC.",
     "\xe4\xb8\x8a\xe5\x82\xb3\xe5\xb7\xb2\xe9\x97\x9c\xe9\x96\x89\xef\xbc\x88NRReportHost=none\xef\xbc\x89\xef\xbc\x9azip \xe6\x9c\x83\xe5\x84\xb2\xe5\xad\x98\xe5\x9c\xa8\xe9\x80\x99\xe5\x8f\xb0\xe9\x9b\xbb\xe8\x85\xa6\xe4\xb8\x8a\xe3\x80\x82"},
    {"Your Windows user name and profile folder are removed from every text file.",
     "\xe6\x89\x80\xe6\x9c\x89\xe6\x96\x87\xe5\xad\x97\xe6\xaa\x94\xe6\xa1\x88\xe4\xb8\xad\xe7\x9a\x84 Windows \xe4\xbd\xbf\xe7\x94\xa8\xe8\x80\x85\xe5\x90\x8d\xe7\xa8\xb1\xe5\x92\x8c\xe8\xa8\xad\xe5\xae\x9a\xe6\xaa\x94\xe8\xb3\x87\xe6\x96\x99\xe5\xa4\xbe\xe9\x83\xbd\xe6\x9c\x83\xe8\xa2\xab\xe7\xa7\xbb\xe9\x99\xa4\xe3\x80\x82"},
    {"Upload & copy link",
     "\xe4\xb8\x8a\xe5\x82\xb3\xe4\xb8\xa6\xe8\xa4\x87\xe8\xa3\xbd\xe9\x80\xa3\xe7\xb5\x90"},
    {"Save zip only",
     "\xe5\x83\x85\xe5\x84\xb2\xe5\xad\x98 zip"},
    {"Packing the zip...",
     "\xe6\xad\xa3\xe5\x9c\xa8\xe6\x89\x93\xe5\x8c\x85 zip..."},
    {"Uploading to %s...",
     "\xe6\xad\xa3\xe5\x9c\xa8\xe4\xb8\x8a\xe5\x82\xb3\xe5\x88\xb0 %s..."},
    {"Link copied to the clipboard",
     "\xe9\x80\xa3\xe7\xb5\x90\xe5\xb7\xb2\xe8\xa4\x87\xe8\xa3\xbd\xe5\x88\xb0\xe5\x89\xaa\xe8\xb2\xbc\xe7\xb0\xbf"},
    {"Paste this link to the mod author on Discord.",
     "\xe8\xab\x8b\xe5\x9c\xa8 Discord \xe4\xb8\x8a\xe6\x8a\x8a\xe6\xad\xa4\xe9\x80\xa3\xe7\xb5\x90\xe8\xb2\xbc\xe7\xb5\xa6\xe6\xa8\xa1\xe7\xb5\x84\xe4\xbd\x9c\xe8\x80\x85\xe3\x80\x82"},
    {"Copy again",
     "\xe5\x86\x8d\xe6\xac\xa1\xe8\xa4\x87\xe8\xa3\xbd"},
    {"The upload failed: %s",
     "\xe4\xb8\x8a\xe5\x82\xb3\xe5\xa4\xb1\xe6\x95\x97\xef\xbc\x9a%s"},
    {"Saved: %s",
     "\xe5\xb7\xb2\xe5\x84\xb2\xe5\xad\x98\xef\xbc\x9a%s"},
    {"Send this file to the mod author on Discord; its folder opens with the button.",
     "\xe8\xab\x8b\xe5\x9c\xa8 Discord \xe4\xb8\x8a\xe5\xb0\x87\xe6\xad\xa4\xe6\xaa\x94\xe6\xa1\x88\xe5\x82\xb3\xe9\x80\x81\xe7\xb5\xa6\xe6\xa8\xa1\xe7\xb5\x84\xe4\xbd\x9c\xe8\x80\x85\xef\xbc\x9b\xe9\xbb\x9e\xe6\x93\x8a\xe6\x8c\x89\xe9\x88\x95\xe5\x8f\xaf\xe9\x96\x8b\xe5\x95\x9f\xe5\x85\xb6\xe6\x89\x80\xe5\x9c\xa8\xe8\xb3\x87\xe6\x96\x99\xe5\xa4\xbe\xe3\x80\x82"},
    {"Open folder",
     "\xe9\x96\x8b\xe5\x95\x9f\xe8\xb3\x87\xe6\x96\x99\xe5\xa4\xbe"},
    {"Close",
     "\xe9\x97\x9c\xe9\x96\x89"},
};

}  // namespace renodx::addons::dlss5::ui::lang
